Date,0005.HK,0011.HK,0388.HK,0939.HK,1299.HK,1398.HK,2318.HK,2388.HK,2628.HK,3968.HK,3988.HK,0002.HK,0003.HK,0006.HK,1038.HK,2688.HK,0012.HK,0016.HK,0017.HK,0101.HK,0688.HK,0823.HK,0960.HK,1109.HK,1113.HK,1997.HK,2007.HK,6098.HK,0001.HK,0027.HK,0066.HK,0175.HK,0241.HK,0267.HK,0288.HK,0291.HK,0316.HK,0386.HK,0669.HK,0700.HK,0762.HK,0857.HK,0868.HK,0881.HK,0883.HK,0941.HK,0968.HK,0981.HK,0992.HK,1044.HK,1088.HK,1093.HK,1177.HK,1211.HK,1378.HK,1810.HK,1876.HK,1928.HK,1929.HK,2020.HK,2269.HK,2313.HK,2319.HK,2331.HK,2382.HK,3690.HK,3692.HK,6862.HK,9618.HK,9633.HK,9988.HK,9999.HK,^HSI
2021-01-04 00:00:00+08:00,35.96592291671479,120.9728261098116,396.7114597446332,4.61608950452616,89.31213409221957,3.9492943008712493,81.66499020673778,20.30982570416412,14.719923973083496,42.9251111619016,2.0563344516327167,63.34424585709029,9.775298150646615,34.47102594539051,34.967597983997955,107.5647384279478,25.101791571358387,85.58113162898721,30.19324368581595,17.73157978858793,14.219908127044178,63.04917231170974,37.739381996293204,27.780174331507183,34.89802495953033,36.75060698416985,9.848760725514214,50.20946273052064,46.79025463904116,61.06344575927352,39.189342513836166,25.29792583987333,23.0,4.311690850803161,5.6815322705360085,66.96813930645727,50.02005951394824,2.557183277102432,106.18963207664846,549.9659717010098,3.4911915502100594,1.856780331600661,18.28889140495485,51.725972979757735,5.009746074676514,32.97876775095707,18.877381701024667,22.0,6.307793937887525,46.98926770321668,9.99781632086367,7.340306736927003,7.160692423305076,204.57655348933713,5.564390943320046,33.599998474121094,25.07651483271694,34.20000076293945,8.662427049185238,117.94603386826402,99.75,143.84970270835635,45.2621425649868,51.296898321855245,165.96649730090306,293.3999938964844,35.68067939228373,59.29012248363998,338.5713007035658,52.930701028727825,224.8000030517578,148.25446509426226,27087.130859375
2021-01-05 00:00:00+08:00,35.698192185106016,124.21315689668022,412.3931729284521,4.544705976604193,92.7961007724245,3.8056839085594953,80.07636578369141,20.611672558843793,14.633841760259363,42.209694334572,2.025177757522192,64.26865150731706,9.87642123079829,35.16865038503826,35.5538817253808,109.83324732900218,25.43371714678775,89.00436900934172,30.652614461665703,17.387278212756748,13.879310527106504,63.94032973179286,37.82535106090345,26.52530757438651,35.424129775705346,37.20209083460421,9.280211608849571,48.821401436340636,47.348806200784956,60.1232415895444,39.68770896268391,24.868337143671127,21.850000381469727,4.327369754665035,5.927030477510498,72.1008965782167,53.040752093858224,2.549813879934425,107.32636286693393,563.764332121626,3.459162416154384,1.833473222232454,18.966257003788463,51.82001553581029,4.846307062064174,32.55694903574724,19.442290468821895,20.899999618530273,6.571350783289399,47.67524016030681,9.99781608581543,7.367936540338824,7.34209682183263,222.4521782518931,5.769021183081437,35.20000076293945,24.11017673985327,34.0,8.671321025103925,121.58989424934782,99.5,140.5439101995373,46.906282256221694,51.97440094994736,171.14989000359773,296.0,36.11287927476416,63.55702859062178,333.7942923447534,59.101130134481174,220.0,149.24946397838025,27281.33984375
2021-01-06 00:00:00+08:00,35.832056598410325,124.21315347307353,425.6480541611567,4.544706079801015,91.43075733875799,3.8216405237921394,80.4627711664342,20.956634592318387,14.547760466688628,42.74625759986166,2.0485453483069342,64.66483620909165,9.89327577637505,34.881398381604484,35.84702005551046,108.50995103120196,26.346506780065344,91.14389711052782,30.986702160313484,17.473352432250977,13.35138618644486,65.49984772672359,36.32093409686978,26.828205858455348,35.77486715247958,38.19534608727966,9.133488350484132,50.3530513833344,48.122202504263825,59.03459338924291,41.22809725194985,25.393389991564323,23.0,4.327369880024489,6.304045402246772,72.14932280339093,52.29369770364485,2.6456162431896404,109.12617669384743,576.5771376936754,3.811485100733192,1.8800872591630449,18.966255808754305,49.32776933752671,5.066593457600442,35.126218200380016,19.018609437521288,20.450000762939453,6.588921491885769,49.90465981050229,10.011511349131936,7.25741717297855,7.227526009656242,231.78723344227046,5.831985088046264,35.70000076293945,25.70463677973854,34.04999923706055,9.018172554474301,124.08307017430174,99.9000015258789,141.2050814489536,48.55042025186496,51.393678496272614,177.31130007080242,297.20001220703125,38.898191057433166,62.51511115308078,362.0582963247617,63.34329889533826,228.0,154.12496579908236,27613.33984375
2021-01-07 00:00:00+08:00,38.82177660289794,126.91348098178504,423.40779190942953,4.616089190841739,91.28950181262854,3.8615324452794733,80.72039521149406,21.04287354712192,14.788789047266869,43.81938592582811,2.087491041613593,64.22464392973177,9.943839444523924,34.22480392456055,35.38637055346499,110.30584226163143,26.30502006019852,91.40064309439879,30.527333236368825,17.344238022278763,12.976730531447378,64.65325657373994,38.25518178463072,26.655118884676416,35.11724101627895,37.51812441104943,9.261871340085284,57.38908087772691,48.76670176522774,59.578921164357666,40.729735283630994,25.393390316938994,23.149999618530273,4.468479633331299,6.1023860560410945,72.14932097329033,63.337085074985154,2.682463184757162,107.13690171671611,572.141982750402,3.819491848277664,1.903394103050232,18.204221624723687,45.51885699740505,5.123441424017889,33.36224489211587,19.583519471892863,22.450000762939453,6.5537798870041355,49.26155647043788,10.162164868261815,7.570554969677606,7.237073079013666,226.42453779395146,6.075967894288653,34.04999923706055,25.02819811291171,33.400001525878906,8.822514040488228,127.34337736036154,96.05000305175781,143.37744769059023,50.09784615810794,52.26475798355967,178.58269252556926,310.0,40.050722521087096,66.58354949951172,344.9406813804798,63.536127738332176,221.0,160.19444485070375,27715.939453125
2021-01-08 00:00:00+08:00,39.00026821069667,130.78386151359052,419.6740593822689,4.624020166550983,92.74901854389846,3.933337957216328,82.22316316537838,21.646565468132653,14.71992325935617,46.68105916547415,2.087491035461426,63.69639582970075,9.775298118591309,34.347913182384225,35.00947455882471,112.57434233261023,26.1390540062427,91.22948782787041,30.527334213256836,17.215128582944967,13.095939023702202,63.62842977906644,37.051643045116215,26.568578720092773,35.073393446368875,37.69872077640603,9.225191448191337,56.479663014411926,49.19636220603407,60.32118132327108,40.68443404730661,27.875451287101512,22.799999237060547,4.507677574116982,6.058547139319035,72.1493233870585,61.38825290077611,2.793003909028391,109.220917405618,560.3147905759162,3.162891285246245,1.9111630067342782,18.66990773370233,45.095642772057865,4.903155015335638,29.91097241137401,23.349579738348385,22.600000381469727,6.64163283309675,49.04719242130344,10.394990247990902,7.404776108825666,7.217977902642007,243.50570347064718,5.839855626624209,32.29999923706055,24.641661748699185,33.29999923706055,8.893661299084215,125.32965707826719,95.75,139.78829491217405,49.95277422901355,51.538864501808945,177.89808946605547,309.20001220703125,39.3784100994374,68.07200216408391,340.3627163348143,64.21102142333984,223.39999389648438,171.03989541075197,27630.029296875
2021-01-11 00:00:00+08:00,38.42017136728066,132.76407171024573,426.5814718989512,4.663677709188217,93.21983400258728,3.949294623313608,83.0819060092695,21.819048303710062,14.668275625418893,48.067184001958985,2.079702127160128,64.18061991207277,9.859568656663075,34.51206516451624,35.470124909271895,115.31544754775508,25.8901128825542,91.9997066921658,30.569093611113768,17.387278779637427,13.351388221077258,62.603601158729276,37.825347900390625,26.784933637228733,34.9857174127616,38.285650677275164,9.280210732127355,60.50024833832498,49.325260868877365,61.360348535963325,40.41259280572624,32.791836510310674,23.149999618530273,4.546874111784158,6.005940047839963,73.26303553008876,61.71305974324544,2.7561570383242526,112.1574740427479,572.6347636627869,3.6113017169901167,1.903394103050232,18.288889113609397,43.82600010966231,4.9671096440318765,32.480249751644216,20.9016402482945,26.0,6.834907536279448,48.832827089451456,10.32651166180906,7.607394616898544,7.275263015807326,247.27944171893287,5.556520029357233,32.75,25.46305200602311,33.0,8.81361905926789,127.3433768922745,95.0,143.5663532844341,49.61427320124617,52.409942874971144,183.86389344181845,320.3999938964844,38.754113109327456,64.3012585749331,351.3100319200398,65.17514297052149,227.1999969482422,175.31841635053462,28003.98046875
2021-01-12 00:00:00+08:00,38.197058059627764,132.76406669675345,420.2341003417969,4.78264899676384,93.07858850814242,3.9572728292461496,80.97802779035725,21.5603232192176,14.358383131511921,50.97357225240672,2.11085844039917,63.52033380915493,9.724736293293292,34.06065280360308,35.30261640394189,116.54422907943963,25.848622874437883,92.08528830183901,30.402052944965522,17.60246761304788,14.134759531076778,62.38080988169165,37.52446430003004,27.69363074519363,34.98571197090228,37.42783114454432,9.555315847896962,60.213062176851786,48.981530634206855,59.6778836966302,40.18606963473168,30.739365210349817,22.600000381469727,4.593910822412169,5.944566002950014,70.06716573085771,62.91483904104539,2.7487877703662473,109.69456021011001,578.0555809408932,3.731410876597815,1.9033938702141693,17.145833675751483,44.43731300848728,4.981321902302623,33.93745239269961,18.434870705055463,26.0,6.5977073542393345,48.4898365953444,10.299120593968219,7.386356724401304,7.1320498197709945,253.8338451852486,5.485686406129356,32.5,24.786614667253,31.700000762939453,9.053747874819193,123.31594321116303,98.05000305175781,142.6218360475128,48.5020634518028,49.55473279904151,194.6218822772686,310.0,40.002705351122536,63.259336632418346,348.72245796072053,60.20988263582283,221.0,168.15440573621152,27894.2890625
2021-01-13 00:00:00+08:00,38.59866647553026,132.04399072957563,420.42078376032566,4.838168724554275,96.98627804215177,4.037056775361067,86.64561963572726,21.474083321524585,15.649603640840406,51.82312778918851,2.118647575378418,63.212169672668026,9.58990541450771,33.7323561025459,35.47012684101643,116.54422581692518,26.139056819734005,91.82855303808017,30.52733302848187,17.8176578389798,14.560506720255729,62.51448766216661,37.610436033928536,27.47727495821904,35.51181817544335,37.743867038984064,9.353572664908235,60.21306809102868,49.411190792252896,58.83665534619419,40.72973476452365,31.407610879268216,22.950000762939453,4.640947067801562,5.839352460410491,67.64603968770754,64.63631585379628,2.8003735313382188,112.536376953125,581.0124099014589,4.003660403559299,1.9500075336143639,17.44218281473498,45.001591644391446,5.3295164685315335,35.70143201422962,19.018610437558394,27.600000381469727,8.126336305096293,47.80386693318685,10.27172871830896,7.469244956970215,6.883812344089602,253.23798423589662,5.611613323182875,33.54999923706055,24.73829768537279,31.700000762939453,9.160471615639459,127.53515724769005,99.44999694824219,142.1495829523384,49.08234548087072,49.40955446245383,185.8198936920263,300.0,41.01116600229449,61.96934513072937,343.7464066267225,61.55966078493979,221.60000610351562,165.1693914682587,28309.3203125
2021-01-14 00:00:00+08:00,38.06319155584111,131.7739731288987,423.78116830884113,4.854031339477185,95.10305910697441,4.021099779730656,88.19132843374199,21.258479215144597,15.477439215174314,51.24185454212333,2.126436716396325,63.52031853440573,9.522488921347664,33.73235830545469,35.76326388971004,117.48943264528208,26.429491790061608,92.94109773384925,30.736136857275188,17.64550383178772,14.44129558250316,63.09373550471619,37.22358044829027,27.217648853888665,36.12560335608971,37.38268323699472,9.206850051879883,59.87801344843355,49.79789214489076,59.430465985907595,40.956258617938275,31.93266372261538,22.200000762939453,4.7898968394227,5.883191425842077,65.90284444279068,70.15800877314814,2.947761644921585,111.30492755344936,599.2459603355837,3.9476092126322517,2.0354659499285646,17.315177342946384,43.49684077550342,5.56401498795688,35.62473779578631,19.442291272860846,26.549999237060547,7.687074117364658,48.23259873736968,10.860641479492188,7.4784557291970515,6.721503083269195,253.83383490699697,5.517168417784451,33.29999923706055,24.06185693579924,31.850000381469727,9.19604566369935,122.74060024069773,99.25,139.12712903950498,47.48656242632087,47.8125803533741,188.75388382631053,302.79998779296875,41.6354669293792,62.01895570149479,349.31959538561085,59.39036733968488,231.8000030517578,162.18444675352515,28408.119140625
2021-01-15 00:00:00+08:00,38.509424250049896,131.86400009634926,425.64808878005647,4.83816857950716,94.91473958237397,4.021099977475244,86.130387036299,21.301601219305482,15.047031860038787,52.76211842849509,2.1108584344047503,64.00452892901875,9.505635261535645,33.73235803679383,36.391424990886065,115.69353746902532,25.97309397887861,92.68436161507123,30.48557115622797,17.30120355538734,14.390206660554721,63.00461378385377,36.87971548583853,26.828203523386353,35.59949407228187,37.69872014008887,9.206849785080841,57.580539148817486,49.79788630339958,57.40161290557377,41.04687626931788,31.312149510093136,22.549999237060547,4.774217913317135,5.786745299763029,66.43549140690492,70.15800476074219,2.940392134302797,106.094897986577,620.4364862013233,4.043696499031944,2.019928134191952,17.103500416432883,44.24921909296245,5.720348082248741,36.19994560813726,17.606338026413866,28.399999618530273,7.599221975993594,47.503747717159555,10.90172813194329,7.4047762810867335,6.864717461410254,247.27944795713188,5.525038506619733,29.0,24.110177544571247,30.649999618530273,8.822512481236789,124.94608668450797,105.19999694824219,137.80480237919645,46.27763863198945,47.81258093687888,184.8418874881296,314.79998779296875,42.21173542486662,59.43897408298735,347.7272301591984,56.88363597470781,238.0,161.58739679022253,28394.369140625
2021-01-18 00:00:00+08:00,37.7508312542513,130.24381150676652,422.84775654013225,4.901620019663087,99.5286426419389,4.124818983590006,87.59021432059151,20.956636428833008,15.098681894317934,54.46124039602827,2.126436710357666,63.38825760153528,9.522488895208308,33.7323564240885,35.84702017690966,115.31544996628791,25.848620330470496,92.76994995757818,30.318525314331055,16.974114652771917,14.50941482819895,61.89066960925895,36.53584893728267,27.30418919176344,35.64334317354257,38.511391533993695,9.060126845032464,58.39422786235809,49.02449719273757,57.0057373046875,40.72973896030162,29.25967456342653,22.200000762939453,4.6644650819564655,5.751674396047116,65.17650453168831,66.0004860492156,2.910914780389809,105.62127391354879,629.3068899680128,4.003660377196827,1.9966216099325211,16.62934572319145,47.023610785455986,5.791407750449059,36.199948652529464,17.493353829012015,27.850000381469727,7.581651668055353,47.84673604856032,11.011294240199339,7.248207718593082,6.673765126113163,238.34162757223066,5.454204556157308,29.0,23.385422730724176,30.350000381469727,8.742469236237673,123.31594321116303,101.4000015258789,135.34906724939012,45.697358355495375,49.65152471065806,184.54847056652997,307.6000061035156,41.68348155097086,58.84358503847312,340.3627050240596,56.20874372657411,238.60000610351562,163.17941969636206,28454.58984375
2021-01-19 00:00:00+08:00,37.661593184642925,129.43373311529166,452.15771297184926,4.933345633753768,99.24615131438634,4.092905341088579,88.10546233498172,21.12911901041172,15.270845855598283,55.13194519438953,2.1342258364751276,63.16815494668895,9.505635369744002,33.650281196384476,35.302620199072926,115.69353746902532,26.305020412271006,92.94110433914857,30.31852757950757,17.077406821985058,15.497145669775835,61.57876239423255,37.008661280401256,27.953259335598137,35.51181613772086,38.05990462684972,9.280210955987258,62.22335189136107,49.11043130625581,57.00573752278663,40.72973872234823,30.739365578852585,23.399999618530273,4.719342099090448,5.786745948572139,66.82286340417997,66.71506030719115,2.9330229922313733,108.74727600413266,655.4253563334923,4.171814194946806,2.0354660911914904,17.18816969861201,48.152175004686065,5.96905791957476,38.34739980610024,18.679664311816005,29.700000762939453,8.126336795754828,47.418000683336004,10.956511733775182,7.441615956145817,6.721503482274797,237.94441349344112,5.430593454534792,30.5,23.48205518513891,30.450000762939453,8.804724045983596,127.53516520105232,105.0999984741211,135.5379850214178,47.099712887171336,51.684047095045926,202.44585753566,334.0,41.82754866393253,60.828194421394635,348.3243866196179,60.54732404297654,245.0,164.9704200250319,29100.169921875
2021-01-20 00:00:00+08:00,38.687907432647414,129.61373901367188,467.1860965826573,4.988865901452808,102.07100116453908,4.1487538900186545,88.96417626882445,21.129119393207787,15.615170734129869,55.444934312909325,2.157593247331355,63.52032001700363,9.522489091113215,33.93754103872985,35.51200038408922,113.425032727096,27.093341221448142,95.85086056373507,31.237271532513642,17.43031634035984,16.552995555473867,61.489646911621094,38.89993364269091,29.987015649708468,36.82706681938888,39.27890090055244,9.830422302975421,64.61656153142671,49.92678479939191,57.797491098850315,40.09545725837313,32.648645432950396,24.149999618530273,4.8918090923762385,6.0848509993452655,68.61448699149655,65.61072540283203,3.0509330496268796,110.26291177164957,661.3389960844083,4.107754994448544,2.066541904154341,16.68014538742873,49.233716397850394,6.040118767562841,38.922614915030344,18.679664611816406,30.5,8.06484016831901,47.803864333019575,10.956510446105161,7.865272731873645,7.074764408162856,237.9443898013751,5.454204838549936,31.399999618530273,24.013542026984602,31.0,8.831407412514668,137.98725542709877,112.0,149.13898149419268,45.74571668405468,53.716560849276455,215.15986891097674,346.0,41.92359583034596,63.904334314009915,353.10139868184774,60.45091133457331,245.1999969482422,170.34343282649877,29794.41015625
2021-01-21 00:00:00+08:00,38.732534993474644,131.14390404890182,476.5205032200489,4.933345789928554,97.45709865894652,4.108862218607981,87.41848025503985,20.956635748276174,15.632387166882557,55.26608242894287,2.1653823852539062,64.26866302828871,9.488781301590233,34.060655295954696,36.098283712141644,112.76339360851021,27.09334244687427,94.13923805366838,31.279034636348367,18.075881780580033,16.859532387146686,61.935228978450546,39.54468700767222,30.073548938260974,37.17780464246777,39.54979416219507,9.757060591636764,65.28665287721586,49.88382133238186,60.56860157723896,40.41260079983517,32.553177062581454,27.700000762939453,5.048598141338679,6.032244131804813,69.87345851143753,64.6687975452002,3.006716736985749,112.44164592862724,670.702135917468,4.011667766320367,2.05100417137146,16.832551371176038,48.763482811153395,5.976164609593695,37.925572935835376,19.301063833026262,29.5,8.029700488969455,47.589495377537276,10.84694618009849,8.224460651508458,7.542595163547452,242.31398804679017,5.627354303931265,31.5,24.54502814486665,31.700000762939453,8.78693862920502,132.329695923302,120.0,148.6667255961898,48.35699159481791,52.893876760550654,215.15987315521176,364.20001220703125,43.65240768823205,65.69047621453228,369.22385022962413,59.77602165294775,259.6000061035156,177.10937295982765,29951.779296875
2021-01-22 00:00:00+08:00,39.49111954828334,130.42382285070127,476.987166117968,4.885757383987775,95.76218805900702,4.132797162024536,86.3879988806161,21.172239691042904,15.597955834178848,55.89207648885303,2.1731715443877895,64.53277273216635,9.505635261535645,34.26584252596993,36.85208143441774,115.03188282639768,27.134829912397876,93.54017035901619,31.320793612325154,18.420184501072786,16.382694686512433,61.9352344304865,38.770979231753216,29.684109901501788,36.52017852150481,38.691979396658965,9.53697595034216,62.654139426345495,49.9267912183948,60.86550475487,40.2766784319718,31.55080698315055,27.0,4.978043286044676,5.909495110336988,68.03342074613278,55.216945555151966,3.087780493458312,112.72584272341781,680.065423327831,3.923586876471518,2.0510041413062674,16.629343608003904,47.07063217691984,5.784302291932548,37.19697582651911,18.811474172700795,28.649999618530273,8.02091310219528,47.24650671507201,10.94281420177801,8.159989499448354,7.876761496510992,250.25871881552484,5.887077928577911,30.700000762939453,23.530373486307248,31.0,8.689108748037018,130.41187318864567,118.30000305175781,145.17202574691922,46.229285723407486,50.425811741072316,214.18186747677993,370.0,43.26822752713352,63.45779321888448,368.22863765424455,58.811894109187904,252.39999389648438,180.3928353660557,29809.23046875
2021-01-25 00:00:00+08:00,38.687912888282455,129.52372210578443,484.4546742775556,4.822305998618019,96.04466446393116,4.021100191218813,84.32705272388215,20.999756529374544,15.012601145048443,53.25396719803605,2.1030692964282927,64.00451806822524,9.522489091113215,33.93754433048467,36.30767801589965,120.89217956166749,26.968867070592136,93.02668431906174,31.028467640546022,17.903729877513,16.144278827844403,61.26685762399888,39.24380248037735,28.818684680184326,35.950232559109324,37.87931652247737,9.353572622501792,64.18578436467686,48.551867374166754,58.49026420308246,39.77832122092692,30.978027648357326,27.200000762939453,4.8212547095342355,5.751674320229155,66.82286851959623,54.56733994137063,2.9109145792652376,116.32548970096971,696.8206095935003,3.8194917818354224,1.9577767387870013,17.06116338021854,46.64742103180933,5.436106912101603,36.31498929096465,18.077093430575964,27.799999237060547,8.214188739702177,47.71811775119608,10.518250325040528,8.01262937447484,7.647619876754274,255.81999689510508,5.564390686094684,29.450000762939453,23.337102197714046,31.0,8.626852963630748,131.75432125096543,123.30000305175781,146.30544638195394,46.37435446092547,49.21598248058396,212.03026462392393,384.6000061035156,43.07614063721961,66.93085388987669,368.2286380696388,57.510317217542124,252.60000610351562,182.88035260981135,29677.30078125
2021-01-26 00:00:00+08:00,37.840082204431816,127.81353835492395,499.38971684922484,4.838168882245012,96.13883356144888,4.029078334980331,84.49879774854294,20.74103172065316,14.874871059274582,54.28238136667068,2.103069069156807,63.47629094452011,9.421366146657256,33.6092519078102,35.93077965539996,118.81272372438725,26.38799853136053,91.3150667714616,30.69437574601106,17.77461693035522,15.53120525668834,60.86584568552028,38.126228564068604,28.515787669510015,35.292603779882306,37.29238923239412,9.170169182958126,64.42511439282623,47.17694825676167,58.886138916015625,39.23464775491074,33.125965012944505,27.5,4.782056919277292,5.690299484851383,66.8712887244322,52.326182236252876,2.8298508915287117,118.12530748304309,734.2734820127654,3.667352491987066,1.8878561633870707,17.018829817224297,46.0831359181396,5.72034778120017,36.08490616270401,18.265398688398516,29.899999618530273,8.43381913045226,47.203628392125076,10.340207189268972,7.70870444977346,7.466215421389803,270.91500309816325,5.855596488200513,30.25,23.916908538648435,30.399999618530273,8.671319910053244,129.45297898651626,120.0,155.08944955268743,45.93914563921586,50.03867008879987,216.72467147376145,390.6000061035156,42.3558067857768,69.90776696041607,383.952999249325,60.7401530779148,255.39999389648438,192.03432904204143,29892.849609375
2021-01-27 00:00:00+08:00,38.15243911743164,127.63352052341624,478.85402435122865,4.877826156130544,94.25559661137045,4.076948824710237,83.16776811380623,20.697911165914356,14.823221015012034,52.94097238001733,2.1108584344047503,64.48875189622035,9.438219589788238,33.93754577636719,35.847018055152255,116.26066641569278,26.59545252359553,93.45458652183554,30.986701859622034,18.248034555515776,15.735562031629506,61.44509336264302,39.759596972882115,28.732145010261746,35.073395152645844,39.008015724501746,9.280211763341867,64.80800939018478,48.036271311017884,59.38098260466775,40.23137508297048,32.02812691119525,26.549999237060547,4.923167166312217,5.699067284312501,69.24397983414225,48.13618295047456,2.844589941029508,114.5256599555957,705.6910711004322,3.6273157851742184,1.8956251954042922,17.39984303683202,45.47183102972278,5.635075007671201,35.3563000961938,17.70048603021011,30.850000381469727,8.697375735671539,47.41799707329972,10.134772483927808,7.690284089888347,7.265715729229849,261.18269930862067,5.666706156384472,30.649999618530273,24.545028110493078,31.0,8.582383414078198,122.74059055015994,115.69999694824219,149.13899326835437,46.22928266385862,48.39329787734151,215.3554624289603,372.0,42.691959937859814,68.96508519235145,374.19992059535474,60.30629132405205,261.79998779296875,185.0693062504842,29556.580078125
2021-01-28 00:00:00+08:00,37.75083054211964,126.73344467439583,462.0521624215544,4.830237705346102,91.33659998714796,4.04503539185265,81.57912494767044,20.223582666005974,14.496112373208053,53.43282118439152,2.1030693115261774,65.10502864982533,9.370804588715162,33.77340053243566,35.97264851872253,117.5839603429783,26.719923395358133,92.42760984656883,30.81966255859261,18.42018299948634,15.616353043775325,60.37571079871083,39.11485147617778,28.29942979745411,34.9857132057565,37.9244560419127,9.225191132828341,63.27636590197278,47.43474645290963,59.82633625055769,40.50320488588078,29.116479097786595,25.700000762939453,4.8682908791535935,5.655228589098511,66.77443353084304,45.115494081597156,2.807742829619604,111.02073413955863,689.921383850725,3.6193086675129447,1.9033938530461798,16.680145394477538,44.20218999317339,5.670604874258209,36.19994461500641,16.70248157685333,28.399999618530273,8.45138922418787,47.54662339744195,10.079989887896312,7.69949275396374,7.170240352404452,240.92366339135285,5.525038274806842,29.100000381469727,24.88324666906286,31.0,8.493447560129205,121.97345725253955,108.4000015258789,146.2109995865341,44.87529277877446,46.312384419535334,204.40187611745958,360.0,41.1552344188035,68.36969779504835,350.11573400751485,57.558522088527845,252.8000030517578,183.37782963537296,28914.849609375
2021-01-29 00:00:00+08:00,37.126114017954116,129.07368150270926,463.9190496381851,4.703334587956426,91.61908599532396,3.9492945671081547,81.19269728341195,20.137341955337796,14.478895230580587,55.35551130886954,2.087491051017286,64.57678832690978,9.370803940726319,33.60925375646568,35.55387984030811,118.15107109212184,26.139054586872508,90.8015679742203,30.48557422729099,18.11891894643389,15.173580540694973,60.286592602510474,38.29816729329082,27.434004767178173,34.59113887275789,38.285644563558435,8.876724843133168,59.878015572228804,47.26288158249269,58.7871752910731,41.318704962757664,29.164210798310986,25.350000381469727,4.821254583765607,5.628925133676667,65.37019103112883,43.004256416264276,2.778265224104214,109.22092409449836,684.993370767035,3.57927211508613,1.864549380779422,15.765700975402618,43.26171796715742,5.720347384380147,36.96689236733322,16.777800456672967,27.600000381469727,8.187832084518712,49.433049572229194,9.98412040836008,7.52450517832392,6.969741144772123,243.50568829211747,5.485686083953129,30.0,26.091172585256288,31.0,8.493447723565723,122.8364952776023,109.9000015258789,141.6773240760006,44.58514833257823,45.82845117584557,199.51187686022539,369.6000061035156,40.626994430307526,64.9958700282702,353.3004686892991,56.83542508660629,251.60000610351562,178.8008441602661,28826.1796875
2021-02-01 00:00:00+08:00,36.233653648047955,126.01336247910618,466.71937003968253,4.663677588976356,88.41758455255473,3.9253596606428935,78.23008889694202,19.878619764087226,14.134569163625756,52.76212069036539,2.0407560336794623,63.696391357257376,9.38765736023077,34.01961417715277,34.5488234435966,111.44009415079194,26.222036319264994,90.71599149029059,30.109719064083464,17.946768232536233,14.798923437702237,60.33114741477765,36.96568548865205,27.131105338072157,34.1527213043386,37.15694038112356,8.574109033859079,59.68656068582383,46.48948764891516,57.945942567093326,41.13749009034324,27.064006711822003,25.0,4.750700077350484,5.523711707500355,66.33864126391737,43.10169615029589,2.704571379938702,112.82056000841116,687.9501687382045,3.4911921868383993,1.8257044553756714,16.087451057289066,42.13315344185029,5.457424717391996,36.43003294181968,16.325874428680564,27.0,7.941846807972946,47.675240907662435,9.61433859406207,7.238997990653784,6.90290719822701,237.7457723112872,5.39124064114046,29.75,24.979882145731008,31.0,8.279999228783709,122.74061766573992,111.0,147.72222749643132,44.87529373168945,46.893104095479366,200.88107462857798,369.0,41.29930576069062,65.98816643342359,342.7511941224004,56.739014072853756,246.0,176.11435527721977,28457.849609375
2021-02-02 00:00:00+08:00,36.27828477971295,125.56329883290354,483.5212779566789,4.687471754099229,91.80740493032938,4.013121569748708,79.6040467609932,20.094220322503695,14.203435648849101,54.59537847209627,2.071912768590621,64.13657755529871,9.404511429223975,34.22480451833336,34.80008509586851,119.19081089104655,26.2635282023277,91.99971860320869,30.27676503492066,17.516393661499023,15.411997650014426,60.553935329956055,36.92269831000436,27.087832824949437,34.284243297766196,37.24723586116929,8.711661811459102,62.79771800222117,47.262882898931075,58.88613886177967,40.775038809096834,28.257305051665753,26.299999237060547,4.805575308051346,5.5324796531693226,67.54919680216206,45.472780553306016,2.7856346301000485,116.98856884638468,729.3454958834757,3.5472431182861333,1.833473242262369,16.595474783181597,46.17718578960503,5.734559229384666,37.31202027850724,17.305049490715383,29.200000762939453,8.66223462971514,47.3322534701746,9.874556046520507,7.920532246439394,7.065216650623377,253.23798355868465,5.54077882304175,30.5,24.786613313511662,31.149999618530273,8.448979220828246,129.35708209804758,120.0,155.37279554209053,44.681862401389886,49.651524847068096,205.77106922305833,400.0,41.05918988226298,70.10623437426221,358.2764976210794,58.378033801606776,260.0,184.3728432972902,29378.119140625
2021-02-03 00:00:00+08:00,36.54602382424759,125.47328187912623,490.0553492804178,4.647814755470986,92.93733934820047,3.893445994615719,78.96000587450627,19.87861936495251,14.237868298196464,54.818946964623585,2.0485453605651855,63.520319275155394,9.303386875810554,34.42998893052306,35.00947366005156,118.8127163461621,26.222038671040096,91.31505339378535,29.900918462054968,17.516390473122744,15.003282124356025,59.707342585810906,36.535852730992325,26.698389053344727,34.19656434119682,37.472978996508054,8.55576828274457,63.70714354267519,46.61838560530043,60.91498775521276,40.457903088040034,29.068747691631774,27.0,4.774217542779739,5.611390247881815,70.30926847865821,46.99937067091191,2.770895836477848,113.67311833856874,723.4318721605384,3.5472426158500125,1.8334736029227179,16.832552222954444,47.49384594829455,5.969058002598168,37.04358820931641,18.3595475153862,28.399999618530273,8.556813002280347,46.81777165225615,9.68281709592698,8.067890519292465,7.227525752536921,268.1342992889747,5.698187489298371,29.799999237060547,25.028199500005787,32.0,8.706894827131118,132.61738646776462,116.80000305175781,152.53925783570554,45.310502406260554,49.409560734502456,208.7050498347231,410.0,41.347327538234495,74.77005051961109,371.4133376779588,59.390368056858684,249.8000030517578,190.04433042210732,29305.41015625
2021-02-04 00:00:00+08:00,36.41214940902634,125.20325934612649,477.9206213307241,4.600226254954873,91.80739930427094,3.869510772889447,77.15667757807408,19.706138610839844,14.100136064547048,55.93678640392273,2.0407560367670645,63.65238571166992,9.235972925572716,34.101692460618004,34.92572212827384,117.96203873013603,25.93160286297354,90.71599922360967,29.52506632685904,17.094621658325195,14.986250177122901,60.108359543741116,34.85949575510825,26.352221549106012,33.67046638357338,37.382681733022544,8.454895511396993,66.10034996608576,45.80202653868641,60.76654093106606,40.140759386447314,27.68452167999802,26.700000762939453,4.742859363555908,5.637692511286336,69.43766596392236,45.27789722448492,2.785634873682304,110.73655783639502,714.5615173796259,3.539235650130139,1.8800870910654361,16.764816548799992,48.38729525296403,6.111178857935507,36.89019581570002,17.39920217190217,27.700000762939453,8.6358793350435,46.088928445200324,9.710208164390988,7.828432592372816,7.771738648338629,260.3882369331139,5.666705855614642,28.5,24.351759936921287,31.649999618530273,8.591276670580182,133.28861829279924,117.5999984741211,154.9005386443909,45.40721729852496,49.26437728856325,221.0278690085101,403.0,40.81907813025997,75.46467623056931,368.22864532470703,60.25808737369747,260.79998779296875,191.43732722190396,29093.5390625
2021-02-05 00:00:00+08:00,37.215362548828125,126.01336247910618,481.187641047878,4.624020268324249,94.25559798948001,3.885467767715454,79.26057133234448,19.7061361447029,14.134570633998006,56.070931784805204,2.048545357465798,63.38825537091351,9.202264569078944,34.30688233781082,34.59069931103284,124.01136549570037,25.64116893154182,90.7160050554665,29.441545437437775,17.21512685438857,15.003279795407167,60.77672628702156,34.94546664932771,25.919506851118058,33.933509736954434,37.38268366643543,8.427385063212212,65.09520644346635,45.97388945747814,62.30054843581227,39.868934888518254,27.68452236834594,26.899999618530273,4.735020720366348,5.488641245545574,68.32395339171269,43.71883497963326,2.7782654762268066,110.83128538288054,737.2303195344474,3.475177139845252,1.8567801713943481,16.324530066805732,48.058128356933594,6.118284933854041,36.199943877099734,17.70048752392353,27.0,8.433819948884032,46.517659835111566,9.586946892090172,7.736333525581434,7.332548844100817,257.0117162860399,5.745410452703843,27.600000381469727,23.72363902676992,31.549999237060547,8.58238410949707,133.28861380951668,118.0,157.26180625351705,45.26214644705399,45.00576251599137,211.63906229367336,403.3999938964844,40.963149024013546,75.01813385601865,369.8209915162714,59.67961283483156,259.79998779296875,190.14384066642717,29305.08984375
2021-02-08 00:00:00+08:00,37.30460902344293,126.46339912414551,490.5220780404808,4.735060106612233,96.04467527162049,3.885467380682062,79.08880918692219,19.792378259555264,13.996840735386835,57.45704980459235,2.0641236367460256,63.47628333190814,9.219118855669658,34.060653409090904,35.05135230296829,123.63328487560658,25.392227113590245,90.45924889216445,29.35802095915763,17.817656695643763,15.326846305104299,60.37570717964031,36.106019169451244,26.914747821588882,34.284249703957286,38.014758223717855,8.59244850203631,65.23880091258563,45.673133279406464,67.79329089269368,40.54851046229291,27.398132161328988,26.899999618530273,4.758538682779375,5.602621561558444,70.50295705702872,44.0436383044774,2.800373305528455,116.04130203462792,737.2302970394179,3.5712648920151,1.880087012220264,16.69707917054544,48.43431993305977,6.168027354498987,36.27664108105305,17.643996759242786,24.399999618530273,8.66223474320484,46.56053260011797,9.504773375320413,7.515294852500877,7.399382549974955,250.2587175292969,6.453748528507414,27.049999237060547,23.723639458307588,33.45000076293945,8.71578867996004,139.23385554670728,123.80000305175781,162.83445301531725,47.58328541609528,50.32903001599743,209.87868621477057,411.6000061035156,39.858633496792045,80.87271487787073,373.80183777690957,58.52265403770416,259.6000061035156,195.01930252518764,29629.080078125
2021-02-09 00:00:00+08:00,36.81375724346505,125.47328985495817,484.92143574261456,4.695403426552564,97.08043882038015,3.8375973701477055,77.62898169718146,19.878617093099482,13.92797495023788,57.00991730118895,2.0485453605651855,63.47629629829594,9.185410499572754,33.81443405151367,34.92572111146675,117.77298621146613,25.392225554138392,90.71599759955315,28.982172802140123,17.731579168936907,15.463085587167976,59.930136289931646,35.418282208015796,27.04456271641277,33.97735595703125,39.23375620273722,8.482407253136007,63.03703967129151,45.458302902400945,67.79328155517578,40.27667756391013,27.302666941779425,26.649999618530273,4.742860832587992,5.5061759096284435,68.66292441625566,44.82316730447011,2.7856346522856015,118.40948935121693,734.7663281200546,3.5232207060050738,1.8800871006171325,17.73853240570507,47.30574963081185,6.168026988472368,35.70142893779989,18.754984731161134,23.799999237060547,8.521670862770536,46.00317993142114,9.491077019888388,7.46003658978152,7.19888275579443,251.25179936335635,6.705602932974244,27.25,23.433737960516236,33.0,8.947024398405953,135.877678161544,118.9000015258789,170.95729976446555,46.035858437898746,50.81296203082926,209.48745148159472,407.0,39.57049952957967,78.34234424354632,365.84014508810037,56.980045553213095,255.8000030517578,192.6313327493675,29442.5
2021-02-10 00:00:00+08:00,37.92932202977004,127.54352532662,487.25497402234026,4.77471750195136,97.36294116383185,3.8695110660881094,77.2854883259716,20.007981882826662,13.979622600314116,58.35132649516624,2.064123621364298,63.344236747653014,9.185410499572754,33.69132039655339,35.17698567265206,117.67846651241588,25.51669688378611,90.71600232810411,29.232739950374455,17.430314745221818,15.360906612475757,59.26177045770193,35.33231432023072,27.0012935166858,33.97735242030091,38.78227631495268,8.592448427631709,64.23364918789684,46.31762355836935,68.04070625181052,39.823622771793616,28.495964526009278,26.5,4.750700077350484,5.576318407521317,69.24397705230176,48.20114577002225,2.8372204259492637,115.75711799884537,748.071947777005,3.507206741782158,1.9033939425388762,18.458232879638672,48.0581297564827,6.317254383416981,36.04655046319464,18.77381831891908,25.0,8.837940216064453,46.3890380859375,9.573250770568848,7.598185250775064,7.217977902642007,261.9771291826213,6.8866222395580925,27.799999237060547,24.64166257784116,34.0,8.81361870688432,140.0009980185447,122.0,164.53459594259823,47.77670905643807,51.10332083825997,215.159874451907,415.6000061035156,40.338858211993355,77.69735065027217,374.1999206542969,59.63140116671694,258.6000061035156,203.97427751796528,29796.189453125
2021-02-11 00:00:00+08:00,38.063194274902344,130.78387451171875,500.3232116699219,4.933345794677734,97.36293029785156,3.9891862869262695,77.07080078125,20.352943420410156,14.151785850524902,57.85947036743164,2.0952799320220947,63.52030563354492,9.303388595581055,33.978580474853516,35.470123291015625,118.15107727050781,25.890111923217773,93.11226654052734,29.7338695526123,18.161956787109375,15.411996841430664,60.063804626464844,35.84811782836914,27.087831497192383,34.941871643066406,39.91097640991211,8.500747680664062,61.64898681640625,45.930931091308594,68.1396713256836,40.54851531982422,28.4959659576416,27.399999618530273,4.805575847625732,5.602621555328369,69.14714813232422,48.623394012451165,2.793004035949707,117.08330535888672,746.1007080078125,3.5872793197631836,1.887856125831604,18.881587982177734,48.951576232910156,6.196451663970948,36.46837615966797,18.585514068603516,25.700000762939453,8.785228729248047,46.47478485107422,9.600643157958984,7.561344146728516,7.256168365478516,262.9702453613281,7.2014384269714355,28.0,25.366418838500977,34.0,8.813619613647461,139.32974243164062,124.4000015258789,171.14622497558594,47.389854431152344,51.49047088623047,216.92025756835938,443.20001220703125,41.10721206665039,81.46810150146484,384.55010986328125,59.96884536743164,261.0,204.37228393554688,29995.279296875
2021-02-16 00:00:00+08:00,39.40187727563755,131.86397758374304,507.79071980497264,4.965071791257794,98.8695068359375,4.053013654606383,77.88660193293082,20.611670027866616,14.289517149405365,59.46916186054674,2.118647575378418,63.916503814391206,9.303387666151735,33.97858454435917,35.59575746508426,118.24559751983709,26.13905572776808,94.139238970974,29.94267623228402,18.764488000215326,15.650412889615183,60.15292282277188,36.106017524674094,27.390732120477384,35.42413227849893,40.09157671134045,8.629129256842825,64.4729654542296,46.87618316690571,68.48606530725753,41.04687656800375,29.164211853208407,27.799999237060547,4.81341533267825,5.69906759262085,69.00186796831643,48.623394291099174,2.8519592268702563,120.30404033796815,751.5215337356465,3.5952868183675255,1.9577767033215423,19.050928210376473,50.221214070916176,6.395419614201749,36.621769804338314,18.75498495677818,26.799999237060547,8.978503451112095,46.73202899887373,9.72390337871127,7.690283178765667,7.3898342776757735,266.14814087846474,7.311625250930514,28.450000762939453,25.41473407342445,34.5,9.01817358760952,147.959973056067,127.5999984741211,182.66928092427167,48.59877557465524,52.74869130408383,220.63666568632186,455.0,40.819082661028524,83.3534834428267,391.11854177412954,60.64373982500353,264.79998779296875,203.37727165209938,30675.8203125
2021-02-17 00:00:00+08:00,41.052912130000244,135.10432315884637,505.9237449395519,4.980934576783399,99.3403187569751,4.0210997189893165,77.88660011318554,20.654791850879004,14.289516848969201,59.91630075602514,2.118647566452182,64.09257573503027,9.353950066086997,34.26583996641226,36.14016251223443,118.62368241202981,26.678434994180215,97.5624901024071,31.070229292615913,19.19486693445687,15.803682076662831,61.62333173199726,35.934079922494966,27.563817394946955,36.257125965445596,43.20679315657325,8.528257596990267,64.2336433379235,47.26288359940418,67.29844725432531,40.91095942493669,28.63916110009298,29.600000381469727,4.993722480433971,5.725371360778809,65.56387875032242,48.883246090792554,3.0361942630562053,123.14586722954645,730.3310730584777,3.651338041826252,2.1053868971594056,18.796916386953672,48.66943319994935,6.75072116237687,36.62176546424326,19.865975167499784,26.5,9.03121440296812,46.94639126866832,9.915641682428308,7.57976417410554,7.275263551766353,265.15508196453635,7.799591109032805,29.25,25.80127128619716,34.75,9.462858016569715,140.48046418665885,122.9000015258789,174.45199665787038,47.389854958573416,50.81296247817684,227.2870635986328,430.6000061035156,40.00270105468639,81.76579395845015,397.68695759805854,62.3791622677165,263.3999938964844,196.6113085058244,30636.369140625
2021-02-18 00:00:00+08:00,41.766884360746296,136.2744546403315,530.1931547372347,5.0285232798106305,98.68120423383878,4.053013801574707,81.23564454824202,20.956634592318387,14.788789811835107,59.96101603124,2.1498041273283257,63.60835415818883,9.320241928100586,34.019619582437855,35.67950997401495,119.75792724798531,26.844393185957188,94.48156976656504,31.19550694281177,18.59233844355863,15.837742726099746,60.8658412607679,35.67618037819972,27.43400558240427,36.16944122314453,43.34224028716216,8.546598209015805,64.42511250188711,47.82143968198601,68.28812725516738,40.8203438913882,28.973285140338078,30.149999618530273,5.001562096698356,5.742906826545126,65.99967837593815,48.20114801403509,3.190951770040189,123.14585965948935,755.9567266049593,3.7954695454979963,2.128693654640161,19.431948018700506,48.43431420756108,7.148657492687384,38.194008935140886,20.713336471146725,26.799999237060547,9.400193692629998,47.16076020895403,9.970426093311309,7.800804019206517,7.380287267673183,265.5522966840925,7.657923185007814,29.850000381469727,26.23612170196824,36.0,9.124897485263448,141.15169536292416,123.69999694824219,174.16864734161715,46.71285667943327,52.79708577648642,226.30905497689918,454.6000061035156,40.96315208210542,82.41079051888372,420.3777927421153,63.72895058809058,263.3999938964844,195.91481050025044,31183.359375
2021-02-19 00:00:00+08:00,40.78518335799245,134.38424034748633,519.9253182655078,4.925414716142418,95.00889297370888,4.0290784515916975,80.67746852827625,20.91351643435997,14.461678952748175,58.75374436609186,2.118647575378418,63.69639508579614,9.337094634913802,34.142729785035385,35.59576047795443,119.1907971952656,26.38799851972111,95.42294998205183,31.02846747972314,18.67841095867827,15.684474390978124,62.38080988169165,36.3209367153576,28.169612155514574,36.38865135582047,41.85234912889725,8.537428398054587,62.654131379370234,47.34881379067081,68.04070509973124,40.68443157783605,28.16183928139189,29.149999618530273,5.025080206071423,5.707835982952005,66.48390983930891,48.396032678389304,3.1762130078841655,120.58821953334845,736.2447279957142,3.8515208807627164,2.0743110179901123,18.458231930970513,49.562883125681424,7.042067527770995,39.382777217465325,18.30306019802493,27.399999618530273,9.312342028088542,47.93247901463972,10.216947555541992,7.6442338128388005,7.25616852556314,248.2725243013068,7.406070453175627,28.799999237060547,26.187806654100246,35.5,9.569580399278086,137.22016391339852,118.0,169.257178607952,45.55228303212365,49.748310993752966,223.37504479348718,422.20001220703125,40.29083872545645,75.46467002956034,404.45437250316786,60.258086770772934,256.0,186.16384593808087,30483.4609375
2021-02-22 00:00:00+08:00,41.409897588886274,137.80463835360894,540.9277858072917,4.893689006631506,97.73958038864592,4.02110004122992,82.8242770242191,21.12912074275284,14.719924020755471,59.737453266916916,2.126436707371395,63.74042194850788,9.404511151143867,34.22480671466803,35.888898711439154,120.5140906128967,26.71992665002914,98.41829015405702,31.3207930666745,18.635372161865234,16.178340567911036,62.91549893499823,36.27795040779698,29.467754275621612,37.96695389471383,41.89749724819991,8.56493922613917,66.00461420028839,48.03627222290208,67.3974111256485,41.18279303197219,28.161840917707156,30.0,5.048598049139058,5.7166029870422275,68.08185015069161,47.81138325861635,3.131996609796251,125.04041791825505,738.7086598664292,4.139784764702722,2.1053869791649578,18.839251810147182,50.26823556012794,7.162870444686873,41.95205526396891,19.112761258585127,27.5,9.417765549588882,47.41800141588473,10.477163460103622,8.104730717873954,7.370739123444744,251.25180527286145,7.862554464076244,31.200000762939453,26.86424407027336,35.79999923706055,10.316646946868902,139.42562498608802,118.69999694824219,173.69641260960077,47.970131900906246,51.29689374993554,222.59265875485323,435.79998779296875,40.72304132767701,78.88811505789477,411.8189630634092,62.1863435957225,256.0,193.0293262315833,31071.609375
2021-02-23 00:00:00+08:00,41.9453709221234,138.79470098247506,519.9253869278884,5.004728642502371,93.83188665218871,4.124819061356133,81.57912418673271,21.172236878017717,14.410030813172234,57.233481440563104,2.149804106497149,64.62080309131524,9.438219467798868,34.47102868634641,36.64268857041149,119.75793578840096,27.259300561232177,102.69735856005157,32.8241889294207,18.635372858789207,15.939920101244205,62.55903572396088,36.19198325003127,29.078311920166016,39.194528057915754,42.25868537704299,8.619959334945358,64.1379165649414,48.55186573499632,71.10872293540574,41.046871878933146,26.7298847545277,26.850000381469727,5.268102665953919,5.97086889803707,62.658534396147964,47.42161216692676,3.3162319187025164,116.5149344651081,686.9645976237899,4.2679015414956485,2.2452282905578613,18.585242249967607,49.79800226494405,7.376049960324524,42.45057081934387,17.41803394912745,26.350000381469727,8.776442437380984,46.903519296116826,10.696292990785896,7.653444275000867,7.313453983328259,229.40381829542287,8.106538405641123,28.149999618530273,26.47770941680977,36.0,9.996475757642674,131.85027288311906,105.5,164.91241540272964,45.79406746576781,46.457564391524414,205.37987825948665,392.0,40.19478983567723,69.46123619266282,378.1807820533419,58.137002447148255,246.39999389648438,182.68137158114277,30189.970703125
2021-02-24 00:00:00+08:00,41.18678778373901,137.5345580795788,521.7922019733661,5.09197462033165,98.8695242636186,4.236515914649447,83.46832773007375,21.77592609183739,14.616625591617852,59.91630456956313,2.180960908944846,66.425613391812,9.707883035093488,35.2096925523923,36.51706123429091,114.1812003422704,28.752959665646173,106.37734136794317,34.07701557169432,18.33410827965084,16.467846602466896,64.65325642484241,37.43850084887742,29.29466853739476,40.5097742220706,44.06460906514666,8.730001056595363,64.1379165649414,50.44238186587253,76.20559109318627,42.723182003525885,26.157099549753166,28.200000762939453,5.3229779282796414,5.874423613715932,62.90064534680625,48.59091997952728,3.3530789291311596,123.14586541123374,699.2846267900092,4.283916579979223,2.2685352409465436,19.55895419647744,48.810507808540315,7.319202762929047,42.680658952868406,17.512186966438115,26.700000762939453,9.04878587134097,46.94639154382654,10.353903643212321,7.957371494508033,8.058164922961248,223.24666035270695,8.012092561666819,28.200000762939453,26.38107349127841,39.04999923706055,10.45894670506934,128.49406416954668,107.0,166.14026708603964,45.3588578595546,46.45756678427419,208.5094772379352,393.0,39.95467516545832,70.85046052461024,387.1376798377752,57.51031834191752,247.60000610351562,186.06433796823282,30702.650390625
2021-02-25 00:00:00+08:00,42.39159735499388,135.82438848136104,482.12113076782225,4.9730033396279705,96.42130975316962,4.132797206513062,82.52371442844685,21.991530090493992,14.513329503393484,56.87577173153204,2.142014974408305,68.09835126272891,9.876422446371159,35.82524710609069,36.977707349600365,111.15652973218229,28.047623761417725,102.95409216861334,33.450607392956464,17.860693234138974,16.17833965589344,65.49984710385101,36.96568268206482,28.905230421980022,41.12356236185695,43.116501274553045,8.464064989550327,64.1379165649414,51.559505076543516,76.15610053631289,42.13421100425783,25.2024602876269,28.0,5.275941952927001,5.883191559337719,60.52795426239649,48.91572818587921,3.316231969463011,115.75710963227255,689.9213789514416,4.13177761543442,2.2529970782949755,18.415896607644335,47.02361150065223,7.162870598430361,42.565615578332824,16.476515163807353,26.5,9.048785097280248,47.5894929704623,10.271728481389705,7.736333969272741,8.401879367373684,221.26048618943477,7.9491305409971,27.399999618530273,25.897904918317412,37.900001525878906,10.049838178657865,124.56251132022761,105.69999694824219,156.78956424217571,42.989369593650785,45.87684480432356,195.99106926524448,383.0,39.04225145465002,67.32778154528688,376.1903381347656,55.14820239513384,243.39999389648438,182.0843583565999,30174.220703125
2021-02-26 00:00:00+08:00,42.39159585886782,135.01431274414062,457.1982766158298,4.996797611903922,93.78479470941116,4.1487540447690945,82.43785293954238,22.250253677368164,14.306732920193232,56.11564214872195,2.16538240330328,67.12992634230697,9.809006284809751,35.86628161306713,37.982760152029705,114.46476340907385,28.047623348241363,105.52152828736632,33.2418004568262,17.731578989543667,16.587054788145384,65.76719623835389,36.363916537331534,30.982248833159204,40.55361590595628,41.89749924907162,8.94091468537937,62.55840635340542,51.64543676640605,69.92110494761438,42.63257187009385,24.629676026039416,26.799999237060547,5.244583466645331,5.962101862621474,58.44579320652191,49.69525792872312,3.249907234978926,114.62039445386843,659.3677781360554,3.9956528994791514,2.1830766195551483,17.103500024120905,45.14266586303711,6.686766287655061,41.14676136994964,15.572666917752173,25.0,8.732516247503073,46.56053072673177,10.258032651054906,7.487666273133302,8.115450894006118,201.59728193917238,7.421810456814109,25.950000762939453,24.255125422288586,36.20000076293945,9.51621692815518,119.19262804586964,102.0,151.12248042925407,42.07058534728049,44.328257437497115,191.19888694999145,349.0,38.12982704911508,62.71356941616263,355.0918274510186,52.06298368879892,232.8000030517578,165.16940307617188,29412.130859375
2021-03-01 00:00:00+08:00,41.499145582257704,134.56426976178145,447.3038696927262,4.973003113125752,94.16144363721871,4.053013506471645,83.21072169419192,22.25025324797375,14.134570369261645,53.61167649824735,2.1342260994096653,66.33757795148347,9.775299156427286,35.53798624574125,37.89900945890239,115.50448995337418,27.964639701730295,107.83222503662108,32.94947029026596,17.51638990392316,17.242702630849987,65.7671945687633,41.951751213827556,31.588046708919784,39.72062275428649,41.987794561700504,8.849212567714476,63.850736092484915,50.39941969639334,71.2571755801236,42.13421379090661,24.677409089293874,27.950000762939453,5.158350906047556,6.102385916620134,57.81630162188236,48.26612004676385,3.190951750988644,113.10474828170395,682.0365895691356,3.955616471719199,2.1986145174870684,18.62757256656526,46.88253744216802,6.672554911915255,41.49188488380593,15.666815509191032,25.600000381469727,8.820369429945933,46.13179859194532,10.148467782652459,7.552135012741279,8.47826090651763,202.5904016629071,7.5713489028577685,25.700000762939453,22.95056752800351,36.95000076293945,9.534005819517027,118.90495761877187,103.0,150.2724151442035,41.58701590449664,43.36039445772049,193.64387555870454,355.0,38.36993383445863,68.27047299344243,361.26213898565146,51.33988909369283,234.8000030517578,169.14937856005054,29457.890625
2021-03-02 00:00:00+08:00,40.60669492506385,134.83429228378395,463.9190635159291,4.8619633222162895,94.06728837531394,4.021100104608268,82.69548312584244,21.991530883134004,14.134570889842843,53.70110072578183,2.1108582062915198,65.72132210923182,9.707883054481142,35.08657620182581,37.4802361046836,114.37022904162754,27.757187557162514,103.12526022828531,32.239532929252704,16.956901923341018,16.84250203760613,63.85121793233781,41.65087062405714,31.241875536962198,39.32604769527241,41.084830961538884,8.711661274072116,62.51054779919387,50.52831620555369,70.46542711111812,42.1342090394592,25.106996918316387,28.5,5.1113136943749105,6.137457206632508,59.85003995978588,51.83897512243611,3.1393662411570227,117.46222222383436,701.7486855580677,4.1557997470254975,2.183076618425403,21.16769555939022,46.27123309326787,6.4522673733201374,43.29421554471297,16.645990561179055,28.649999618530273,9.224489606014926,45.87455370042721,10.1758587150383,7.579763825731469,8.41142809838633,222.45219853831327,8.012092486660602,26.200000762939453,22.950567819327457,37.150001525878906,9.551793015451542,126.28857426946178,106.19999694824219,159.24531293281214,41.44193816604093,47.61900313869695,198.53387107057526,388.0,37.64960005681577,66.48432332059762,382.5596805752738,51.58092082630504,234.60000610351562,175.11939044331396,29708.390625
2021-03-03 00:00:00+08:00,40.91904445665423,133.03409391646176,460.1852542616756,4.814374843576944,91.14829060854068,4.005142821437837,81.75087230713245,22.164014556206528,13.945192018390397,52.62797272216988,2.1030695061007636,65.06099701172559,9.556198658667865,34.922429947664384,37.3546028137207,110.21132683148745,27.715696855573416,102.69735717773438,31.61311587361436,16.956899574279632,16.297545769355278,63.49475353932304,41.99473796513804,32.366934741253196,39.89599544064738,41.175127267386664,8.57410924667982,60.93102921613284,49.75492681685311,69.42626469209165,41.681151992496886,24.77287568481446,27.899999618530273,5.056437816892084,6.067315067699513,57.622609859734034,54.11261021991484,3.065671849967387,119.16731651744313,687.9501612071015,4.02768226522152,2.1053869791649578,20.024643437975826,44.95457063911831,6.288829865919892,42.258835764137714,14.857111211444224,28.049999237060547,9.048785541605701,44.97421988581778,10.189554715639966,7.690283588728022,8.716949705084408,212.9185333251953,7.8074613670752235,26.350000381469727,22.902251854171308,36.349998474121094,9.373919758619943,123.02826629353886,101.5,156.1284214727573,39.652734189065804,44.08628871783611,195.40427286273643,365.0,37.74564495813953,68.07200103286556,374.7970351903919,48.01364479228256,229.60000610351562,170.840890079767,29249.4296875
2021-03-04 00:00:00+08:00,41.36527439904533,133.57415001258855,453.65120720715254,5.044386018123525,94.02019500732422,4.140775209445718,84.45585137342306,23.630115391976382,14.220650911598064,55.44493221759962,2.1731715231764577,65.14904773509106,9.539344306423235,35.00450686756485,37.35461309324,112.19626580461737,28.21358620551313,101.8415441997223,31.988969550298215,16.784746931131302,16.29754537712219,62.87094497680664,41.99473322258518,31.934218834259077,40.15903672464845,40.362460812187365,8.629130138582742,59.35151054119242,50.09865416543542,71.35613984570266,41.54523891466709,24.34328840373023,28.25,5.17402893583628,5.997172872530069,55.637294174833364,52.618500411144794,3.1541052512897627,123.14586955960232,691.8925924549933,4.123770214500891,2.190845569331632,19.474282076606418,44.62540794264244,6.473586120107274,42.68065772475198,14.254543172504546,28.549999237060547,8.960932047160789,45.40294833407736,10.244338035583496,7.920532006620903,8.306403640059083,205.37103410345162,8.48431827509698,25.850000381469727,22.274130524285148,36.849998474121094,9.747453230540712,120.82277662631614,99.0,153.38931364973365,38.68559563614015,43.215215410215414,192.4702858293999,360.0,36.68915224396677,64.89664032350866,363.05350481735024,46.66386389685132,231.0,165.3684075349695,29525.48046875
2021-03-05 00:00:00+08:00,41.32065395262788,136.27443617511554,442.0765885629158,5.036454479058776,90.01833194411414,4.212580854650406,82.95309370962892,23.673237904418283,14.117352742829699,54.37181170365134,2.1653823679671818,65.7295218779612,9.741591236550823,35.45591133803795,37.39648449572792,105.86336485981234,27.964639701730295,100.38666671776917,31.780165769545842,16.560950086466722,15.922892609271168,62.291698089585914,40.27539776863607,31.241876172437284,40.334407806396484,39.32405020745575,8.702491014305929,52.650533629328166,50.829077352274545,70.31698348445963,41.8170696438084,22.672669292462967,25.0,5.134831451873605,6.076082646541279,54.475156499984415,51.806492897772024,3.2351683987630353,106.47381851135914,658.8749339310165,4.043696734253083,2.252997162373188,17.7808655301418,42.321248267834925,6.637024797325073,41.491883408328015,11.938415112973992,26.0,8.583169226980608,45.445825546155504,10.244337300772502,7.625814437866211,8.125000109683747,182.33136573682228,8.374132122577358,24.5,21.79096075882258,36.79999923706055,9.92532654977205,111.23366518373842,88.0,151.87809936133158,38.153668613755855,39.05338851164498,180.929879960421,325.0,36.49705996944276,59.438973361349646,346.9311064157354,42.421694673986075,223.8000030517578,164.07493295129032,28667.140625
2021-03-08 00:00:00+08:00,42.034614846922814,136.17258047910752,452.3444363363441,5.19508314602373,92.93733750771838,4.427997376056876,84.15530657112181,23.500753351791854,14.237868309020996,54.95308665209936,2.2354846497538903,65.46105279581776,9.657319681075636,35.41487847273558,37.27084746452001,109.36063069013059,27.840170508142716,101.07131452597602,32.61538186036719,16.543735494675527,16.042099495708605,62.960056864712776,42.29561972123626,31.371690334916924,40.33440629524469,39.41434933438078,8.60161876690613,56.144615115192074,51.04391309526392,72.9396396442266,42.949709282931444,23.388647252942118,24.450000762939453,5.174029472269157,6.1374571392177995,58.10684222668419,50.117498926588326,3.2941235878465753,114.43093100133456,673.6589484663789,4.139784558021671,2.3773003411506073,19.43194753334697,43.73195631121058,6.949688915433207,44.022818593772435,12.710455782134774,27.299999237060547,8.855509624530196,47.16075845898,10.244337352508662,7.690283678741467,7.848119308053906,194.8442668715915,8.216724044262884,23.899999618530273,22.37076423806386,37.45000076293945,10.06762652439296,117.85015097794039,91.0,152.6337048054797,39.797804717129964,43.55397061603825,188.5582846707518,343.20001220703125,35.968818364951275,60.03435397148132,352.90239018511306,44.349950449663645,228.8000030517578,167.55741106916918,29362.58984375
2021-03-09 00:00:00+08:00,43.64103738660506,138.6484704827528,423.0706636332979,5.226808968304585,90.63039048560681,4.483845479101104,85.35753489204336,24.406288325560144,14.427247559128446,51.24185431011615,2.2744305224229526,65.9532486798377,9.910130527036035,36.81013081914738,38.736559055713016,108.50994557822592,28.21358612208704,101.32804377577884,33.49236556391655,16.526522458379993,16.41675708785516,63.45018220767729,41.60788541942655,31.761136347299466,40.46593490736287,40.67849976442355,8.564937819446463,54.37363866348413,53.27815486877922,70.02007525743824,43.49337800016109,21.002050590870248,23.0,5.322978537531258,6.400491356134014,54.62042186895673,47.2592121781974,3.3088623680378926,109.5998142389144,622.9004376334434,4.1157620905852585,2.4006070963277115,18.288893397818367,42.18017813475035,6.722296166868596,43.102478267590435,12.220868087753988,25.299999237060547,8.600737888780962,46.56053187477473,10.079989701646904,7.846852555764006,7.800381402825519,173.79077554762193,8.295429513779109,21.799999237060547,22.032544513661477,37.400001525878906,9.445068561856425,110.85010099695398,82.75,150.93355372001056,38.44380998945844,40.65037086222432,173.8883014369463,303.6000061035156,34.57616010393415,56.56129382589589,328.4201469771359,40.49343449235393,224.0,159.1994171142578,28665.259765625
2021-03-10 00:00:00+08:00,42.74858132773871,139.38204552592327,427.97254007936493,5.099905967712402,96.98628973506776,4.332256671142614,85.31458555448344,24.449409964427904,14.461678559115557,50.97356862403673,2.2276955087577766,66.22171621839573,9.926984463336847,36.39976247243053,38.652805285123975,109.17159480514599,28.21358365248132,104.6404462760681,33.57588425483279,16.38879982117607,16.399726660980274,64.92059590936643,42.553519012190264,31.15533585156267,41.43044690224041,41.17512672673943,8.574109077453613,56.288200758389905,54.996807615858806,73.23654565721581,44.03704415459176,22.863597517961637,23.950000762939453,5.3386574411324865,6.216367940553731,55.49202181690257,47.38913724531748,3.176213261099698,114.05203002123304,660.3533439665196,4.123769768476496,2.2763040089673607,19.177934775872483,44.437311580364394,6.5659646913931375,42.94908799966584,13.65197217022931,25.25,8.653451287335901,47.032139187437735,10.01151171256407,7.856062193786457,7.762191544645908,191.6663849364443,8.27968856816654,22.75,22.37076390801737,38.0,9.338345371521811,119.86386684230614,88.0,150.17797973640685,38.87902172651957,43.02164150190317,188.26489495174297,325.0,33.85582343510219,62.11818786550126,345.33876040884974,41.457564421041944,231.0,168.95039881700652,29255.369140625
2021-03-11 00:00:00+08:00,42.81171050363941,139.10695210584632,420.99676678787364,5.107837366895823,94.16145167963677,4.435974959177825,84.97110408426934,24.7081311062112,14.255083335149507,52.940971981744774,2.2510630614353384,65.77426220272108,9.893276951163001,36.48183720539282,38.19215278301662,110.11680547907888,27.798678625976414,102.21901463919457,33.4088416747729,16.526522250350315,16.433785558474412,65.54440838230782,42.940366519750924,31.32841968463515,40.8166622143102,40.272162414096364,8.537428596239508,58.01131211006289,52.93443217996056,72.54376752998043,44.3994863656851,22.0044197371444,22.600000381469727,5.346496427961058,6.382955874872529,55.92783258071928,49.69526254905845,3.183582549012671,116.13601665046336,649.0189048436351,3.9315938729605637,2.3306864949362716,20.49033212831207,45.56587897408129,6.530434411687609,41.415189088149326,13.18121466577657,24.350000381469727,8.662234806583651,46.60340463911325,9.819772864437306,8.196828721006904,7.972237384591983,186.7009291442862,7.96487052025168,21.5,22.757299423217773,38.20000076293945,9.338345426501254,117.85015300165388,88.94999694824219,147.91112136878974,41.10344641997291,42.44091812913067,185.13527945818083,315.0,33.61571670121057,58.942819202123,344.34355858317906,40.49343681335449,229.0,164.7831974728002,28909.98046875
2021-03-12 00:00:00+08:00,42.125625825455586,139.74886600860182,439.2846332626123,5.187151631450708,93.59647174509337,4.427996780031732,85.14285602079,24.147563008219123,14.186218768727281,56.160356436657494,2.2276954679589025,65.95324097362878,9.876422446371159,36.72805598571394,38.27591248626194,112.10174006875313,28.255073583580376,102.2190170288086,34.07702213221635,16.8191810291662,16.72329330444336,64.2967908712183,42.080701893450126,30.765895063021215,40.94819060946266,40.09157076455394,8.50074790642434,58.10704170557134,52.547734103207766,72.197370068164,44.03704198423369,23.293183229584244,25.0,5.299460199282958,6.470633597958476,57.33208185278745,51.6440877608559,3.2277987373541146,117.46222194978651,684.0078459027911,3.9075721089789557,2.3928380755288163,21.84506083485265,50.26824142783721,6.665448256235612,40.99337330790737,14.631148508395563,26.850000381469727,9.066355011435936,46.989265528387875,9.997816685290939,8.878363638626281,8.258663804101776,200.20698799113507,8.830617423234843,22.899999618530273,22.9505679697085,38.20000076293945,9.925325582877102,124.1789564989839,100.30000305175781,154.995006964979,42.55415290383731,45.731665343381046,192.07907105135425,355.0,34.62418890656014,61.37395920952961,351.9071615400301,43.38582403849585,233.0,171.2511087989721,29550.369140625
2021-03-15 00:00:00+08:00,42.0798833703482,138.46504723398309,427.0298785564611,5.084042779170305,91.33659484863281,4.372148446793662,84.19824981689453,24.449406315274075,14.169000877691012,56.60748656569242,2.219906364861809,66.17696843021537,9.825860890462764,36.60494386820465,37.98276135727698,114.93736653681344,28.3795484055026,102.21901647179851,33.6594100379867,16.922468168573275,16.77438223952595,63.806658825075544,42.811417835780475,31.155331239005587,40.641294483411414,39.36919609086576,8.610789677739882,59.30364397720738,52.59069317944445,70.7128440382537,42.22482285736078,22.720399271799764,23.950000762939453,5.228904815013973,6.391723213825222,55.249915148746595,50.99447496529018,3.2277990145780557,118.40948624502856,640.6412501244029,3.7554329163420563,2.361762366766628,21.252368450940487,47.49384478311981,6.445160716207213,40.34146807817609,14.367523273861458,25.950000762939453,8.609524676210915,47.50374886432113,10.175859759151294,8.896783742209452,8.07726091576041,189.7795311512784,9.99543984061753,24.75,22.2258126285843,37.04999923706055,9.72966480255127,118.42549579598392,91.0,154.90054063236752,41.24851444306444,42.77967347588318,181.90789106407303,335.3999938964844,33.71175759927593,57.20628789971211,327.42493452738955,42.51810718287743,227.0,169.8579970618225,28923.94921875
2021-03-16 00:00:00+08:00,42.07988742478362,140.20731706591016,426.0871978493862,5.266465336453875,93.03150515222492,4.475867637543708,84.9710959654187,25.009976363498374,14.272299312638513,55.89207147543257,2.2822196604158655,66.66916496787532,9.926983833312988,36.76909764229333,38.820318999664295,116.35517914705169,28.33805909175848,101.4406993178172,34.32758354638298,16.801965506953703,17.200128140836842,64.16312063116776,41.822805242894695,32.79964775489916,41.34277060607961,39.820676216716386,8.711660986776405,58.0113128587319,54.56714841248317,72.24686485956101,41.86237685033592,22.43400784983441,23.600000381469727,5.354336260600762,6.3128133303072955,54.91095861324418,50.57222493436251,3.308862205023214,124.09316649260344,629.7996750664465,3.739418292508095,2.3928381549928592,21.887399765230214,48.34026967079855,6.4522684815556035,40.76329248177005,13.63314245234245,25.649999618530273,8.0384846539522,47.760989708769905,10.312816911685099,8.675744946622048,8.210927694338688,187.29679615536693,9.916736063029004,25.299999237060547,22.322448456751356,39.0,9.72966619499029,115.06929928451902,88.05000305175781,154.71163314067564,41.296868672009374,42.392524891888414,176.3332942540026,323.6000061035156,33.471646318207235,55.27129675564684,330.01247782479084,42.95196221036945,222.39999389648438,168.26592517979773,29036.8203125
2021-03-17 00:00:00+08:00,41.80545416411841,139.65715782590595,426.0871971645639,5.195082778899067,91.8074131685384,4.443954173996463,83.76888894770428,24.708133697509766,14.203434233629046,56.87577506540571,2.2666413724576646,66.31119785077539,9.926982585750844,36.89220179612825,38.527173857938685,117.58394951148863,28.296563514679434,100.83535498911584,33.963141198626595,16.801964014229082,17.881321244780896,63.717538612973996,41.264019984802765,33.01600055441263,39.983677609166214,39.27890389724817,8.895064353942871,60.5959770718089,53.836718237016484,74.02829954271225,41.68114657658342,23.05452525374139,24.0,5.362175815589524,6.391724041252337,57.283659674924344,50.929522219193856,3.2425377823452215,126.6507762943855,615.5084228515625,3.7234040295195245,2.3617622812972607,21.33704023097845,49.65693196229096,6.416738109756814,40.571556174718765,13.595479916430643,25.899999618530273,7.976986608934118,47.760989708769905,10.258033752441406,9.034932194894155,8.487807930597063,187.69403484674888,9.523214052343672,26.350000381469727,22.1291798402126,39.29999923706055,9.943114493142133,116.98712837238962,91.25,160.1898265471375,43.32786331182349,44.3282569428972,181.3210766969,326.0,34.24000641054548,57.05744291655577,327.4249267578125,42.951963545631315,221.0,168.96246371494064,28992.240234375
2021-03-18 00:00:00+08:00,42.400066147936805,138.55676345015465,432.87446421665396,5.234740257263184,93.07858569485624,4.412040563027562,82.99603367119353,24.794375331996836,14.134570115153032,56.87577529551449,2.2900087863129768,67.0271078464411,10.028108160902313,36.76909223034517,38.44342345730984,120.9867125984252,28.33805909175848,102.21901200345279,33.79374817730425,16.819180453693996,18.136767741073033,63.31652313995948,40.53330592854408,33.31889737328472,40.728981577242855,40.5430549809287,8.931744843922234,62.606272232916716,54.137483020352285,77.83857273228057,40.91095733642578,23.865965441932666,24.450000762939453,5.315139231535138,6.330348267794548,61.98062109375,54.43741521310087,3.2130606124468892,125.51405406136786,625.8572652133344,3.707389404133542,2.3539934945242718,21.04069006052324,52.71346371242966,6.338570845553318,41.338504284443694,13.557820232464067,27.149999618530273,7.906704751980441,47.460876634710964,10.285425294436418,9.145450962280275,8.650116809239892,192.65948963165283,9.617659666563823,26.75,23.433737852451884,39.75,9.747454004266352,119.38440424702557,95.0,161.88994997754952,44.488433169271076,46.457566201090444,179.2673012492848,331.6000061035156,35.9688170202825,56.31321198724807,332.4009817993533,43.43402873383778,226.60000610351562,167.17130631315496,29317.609375
2021-03-19 00:00:00+08:00,43.269108143951385,138.46505913864792,438.3419531877342,5.20301430948119,92.93734197522055,4.372148882716065,82.35198404801471,24.4494078748063,14.100137274477984,56.74163517403222,2.266641387475097,66.44542187392815,10.0112545501788,37.05635452270508,38.904074907308,122.78259516569493,28.25507363106447,101.09478522306748,33.37026763989894,16.939685256276316,17.583299634544126,62.425363547972594,39.84556301053989,32.97272917291816,43.84174034879716,40.317315669816615,8.748341025456236,63.65928504024336,53.27815534256741,72.84066350456037,40.72973407626352,23.43637768500617,23.700000762939453,5.260263361090986,6.172528266906738,59.85004378551262,53.65788498463156,3.102519309046274,126.65080580164746,618.9580078125,3.659345295221237,2.276303863565891,21.591049138038983,52.52537265776846,5.997482373408106,40.76328780027838,13.237705391970119,25.799999237060547,8.056053979971042,46.303290080754095,10.121076807689139,8.712585133027485,8.239570815134272,187.29680149275396,9.098212521322086,25.799999237060547,23.530372468306144,39.75,10.103199618229924,116.79534222815617,92.94999694824219,160.47318306484115,44.004862900549675,45.828450753778874,189.43847316933875,329.0,34.720232258949984,58.942819638869175,323.4440803236883,42.421695709228516,232.0,162.8925479471694,29158.48046875
2021-03-22 00:00:00+08:00,41.98841076991496,137.5480971457338,433.4400705142947,5.076111909363157,91.33659989704456,4.292364536037894,80.3769131807302,24.190682638506875,14.01405689694465,54.01409850569649,2.2510630936321534,66.8928820715766,10.112377655194365,37.05635080781195,38.40154428272437,124.10588736881363,28.089108729327677,99.88406271309942,33.624356982773676,16.87082305990886,17.49814970809036,61.93523918613696,38.42711562409557,32.49674197964563,43.84174674827956,39.549790419648225,8.711660121265428,64.61655758396027,52.246960086574546,69.72316970209954,40.775038809096834,22.959061136502573,22.850000381469727,5.221065564486573,6.216367636767532,60.52795729902486,53.59291935826207,3.0214555263519287,121.2513115249039,621.4221000641279,3.6193085452134057,2.2141521541793554,21.252364515282835,52.71346818533339,5.954846657539758,40.30311818017374,13.011741355003528,25.899999618530273,8.143906569481961,46.603402075877646,10.011511349131936,8.841523489351674,8.163189749043688,182.52995913983753,9.050988636978422,26.75,23.38542127054046,39.54999923706055,9.871965206179654,115.06931079615742,89.6500015258789,160.3787433617379,42.3607250456207,46.36077707586674,185.81988502192087,326.0,35.488592408852675,55.37052645586848,324.63834756729193,42.42169139039025,232.39999389648438,167.6688708772432,28801.08984375
2021-03-23 00:00:00+08:00,41.713977960208275,137.08958334312115,432.49734804939834,5.226808589973846,92.18405357101277,4.3801263274356845,80.72040134274094,24.665010748920484,14.03127218924911,56.786347101605124,2.29779792726781,68.19045441662779,10.34833470479857,38.082270690464924,39.532225365409985,126.94151678623118,28.462528848907134,100.4029480282871,34.047838835371955,16.922469943361545,18.179343590345468,62.38080978393555,39.32976989795416,33.01599884033203,43.66637708654415,39.77552896053896,8.757511558328483,69.16365714808391,54.09451821576424,70.06956047142882,40.4579046618306,23.05452376967379,23.5,5.283780983819127,6.17252843693899,58.30052827327005,54.63230215351078,3.0214552766794163,121.91440783650799,635.220498946136,3.603294210896619,2.2296903122573473,21.591047286987305,53.98310621206493,5.940634362772754,40.34146213731775,13.896767652387501,26.25,8.407463226569837,44.588357632314924,10.121076981741107,8.80468405673602,8.134547614493775,186.99888808298917,9.28710156647934,27.0,22.75729988486143,39.599998474121094,9.854176054625837,115.35698181958166,91.19999694824219,154.9005260748116,41.92551255806442,47.23185882558896,177.40908647458934,325.0,34.9123237573133,55.66821823942943,331.40580045623307,42.566311839637144,231.39999389648438,174.5348355575325,29008.01953125
2021-03-24 00:00:00+08:00,41.16510793056236,137.18132636219255,421.18535921414565,5.139563129479576,91.10119746123362,4.348212747924407,80.97802430514518,24.449406676997615,14.014056704369803,55.93678385437662,2.2744305224229526,67.11658775144258,10.21350223086952,37.30257831736928,38.569051595495644,119.75793596367744,28.13060458421771,100.22998160603034,33.11618100493186,16.767534255981445,17.92389814534088,62.38080586287034,39.587669372558594,32.88619125591253,42.92107015254788,40.03725624770838,8.730002799402314,69.69015895202902,54.05154593217761,67.6943203577927,40.140761479116094,20.858854823014983,22.600000381469727,5.291620537592848,6.146225624896155,57.380497700579895,51.351767821079115,2.9256533407033065,118.40948750895838,621.9149036789859,3.531228354294973,2.1442318761020287,21.421712911220773,52.47834943598581,5.727454229888304,39.91964192500336,13.162384556981246,25.200000762939453,8.442604690122339,43.81663432636785,9.87455599781379,8.427076943917871,7.9340474353002435,176.77005231260924,7.949129970668651,25.75,22.85393319542345,37.70000076293945,9.53400461430309,112.8638105081475,86.1500015258789,148.38337984912124,41.10344634438961,45.87684852109388,173.79049078055246,306.0,33.66373913394171,53.18745604735943,323.44409594833274,40.73446814219157,232.60000610351562,166.0767696056358,28437.490234375
2021-03-25 00:00:00+08:00,40.890674500473494,134.43032955111005,407.4223323730695,5.004728642502371,88.55884658127636,4.316299833734127,80.50571355537308,24.018201392516673,13.859109872065751,54.64009196437289,2.2588522404305094,66.98236332120057,10.162940781205966,37.138426054265025,37.857140584940105,115.59901772807645,27.466751713976194,96.51135074380849,32.099831800124896,16.543736480961602,17.327850640393446,62.69271524542477,40.14645150921457,33.23236076854512,41.4304536279331,37.79003085162774,8.610789785505403,67.82345629295396,51.989166259765625,66.11082987061313,39.41586964895054,18.787290573120117,22.0,5.221065518347739,6.041011603689765,57.1383917274881,48.72083490648835,2.9698698972020567,117.46222422164055,591.3612290184096,3.4751773530006465,2.183076699990737,19.431948151274895,48.90455585539909,5.819831839794402,39.80460764161213,11.86309387593883,23.899999618530273,8.53924281797332,44.15962262186209,9.806077366865727,8.150780394854971,7.638071648137383,159.68889594012927,7.713017413852017,23.850000381469727,22.37076363210458,36.599998474121094,9.427281923347545,111.90489908843782,87.0999984741211,140.07163317797813,39.31423625535928,45.39291603525693,163.13029740953735,282.0,34.76825467168114,52.79053632572171,306.52547067764294,37.36001644930966,218.60000610351562,159.21082417348228,27628.080078125
2021-03-26 00:00:00+08:00,41.34806440515453,138.46507731888724,428.9152292593466,5.091974479634743,90.20666000834974,4.324278026426907,80.80627781558015,24.535652553866683,13.773028379538573,54.103527315015825,2.274430513381958,67.16134552694317,10.31462570248369,37.67190976185693,39.280966907531315,117.67846795020516,27.632715795920532,98.50039830887353,32.60800386382889,16.87082424626926,17.54072350210002,62.514486979451576,39.45871773261842,33.145813715693734,41.78118824135877,38.98242948625564,8.344855056104084,70.02520601854593,52.118071529274964,70.21800721515386,40.186066388451316,19.054587199337636,22.0,5.174028979032483,6.20759972456307,57.719450623816876,56.51616693312122,2.933022858678874,123.14586377325858,597.2748737950479,3.5232207060050738,2.175307671409359,20.744344237338936,52.99560613000426,5.762982971478923,38.84591379919516,11.957244177841265,23.950000762939453,8.556812687735517,44.845593289792106,9.888250300380543,8.316558133291817,7.428025233790379,168.42810099204414,8.216723369193351,24.200000762939453,22.564032587190933,37.95000076293945,9.462856336524618,119.00084345797622,93.3499984741211,136.95475635912595,42.69922640051752,49.99028109452248,169.78070811198003,290.0,34.240009538420445,50.557854947249645,307.3216323941315,38.46876263867089,217.8000030517578,160.20584288948564,28043.650390625
2021-03-29 00:00:00+08:00,40.84493966033759,135.89750412223805,441.9240684446606,5.115768764718574,91.05411825786699,4.348213367650452,80.2910408920904,24.061321935560287,13.790245495432886,54.550665153618766,2.274430504524848,66.57966502584274,10.112378293111052,37.22049269201909,38.61093036615186,117.01682580230323,27.881658490011645,97.37614986219923,32.35391703236206,16.6642430769846,17.45557509275577,62.024345174448314,43.06931621559133,34.011240598302,41.342772686673044,39.5327722876961,8.849212612535316,73.90219866597492,51.81729795877347,69.27781168619792,39.86892873032292,19.52236107997757,22.75,5.213226588979497,6.154992691867615,58.10683532346941,61.063453369140625,3.006716701373875,124.56679930711869,611.07323141659,3.539235329957966,2.1908452549629476,20.574999120850357,50.315264407052936,6.011694330941748,38.7692259490914,12.29619095577882,24.5,8.776443408700954,44.6740987983021,10.888033039414609,8.288928208825032,7.63807180262659,172.49976530506893,8.32691008496158,25.450000762939453,22.322447384480466,37.79999923706055,9.943114546900077,123.69950990544608,98.69999694824219,136.95474243164062,43.37622101472238,50.57099752001005,172.71469549269466,295.0,35.58463897608533,52.59207905202672,315.48239917635647,37.697456455840666,216.0,156.0265765149559,28317.3203125
2021-03-30 00:00:00+08:00,41.165107564808935,139.65717177293527,442.3011793706761,5.337848869739835,91.71324806694851,4.467889014675597,80.46277301417692,24.578770244879422,13.996840733015649,54.237669656382494,2.3055870652297608,68.01149213966315,10.432604789733887,37.630863189697266,39.280968864561444,119.47438049316406,28.29656736859343,101.44069784834167,32.735048120699844,16.905255743087928,18.6902381900075,62.826384454025906,45.003567788905045,35.26611140278191,41.825025265406445,40.08311166299849,9.060127897302664,76.82191585589058,53.70781603587201,70.76233943483857,40.32198783025999,18.997309206146745,21.5,5.471927875581514,6.268974187593272,59.65634823481631,64.86367354924283,3.1025190896783097,123.24061067538379,604.6668343172394,3.539235329957966,2.229690049735073,21.421708323653053,51.443829798574384,5.9548468537773545,38.84591229489448,12.107886182107846,24.799999237060547,8.820369445965978,45.0599634117924,10.983903458410099,8.67574483275838,7.504406033245808,169.81842488099667,8.326909646590943,25.5,22.564033077745925,38.349998474121094,10.423372364948634,120.91866929487465,97.75,146.3054404696686,43.81143437255465,51.29688975757129,171.44329616981128,278.0,35.92078914939423,51.74862235184519,319.4632032627596,37.79387331889408,224.39999389648438,158.41472926619912,28552.76953125
2021-03-31 00:00:00+08:00,42.034153183696056,139.65717177293527,440.41586562277973,5.290260038110826,92.08988542297783,4.475867718580369,80.2480922194607,24.320047271743586,13.945191626177543,54.01410094878591,2.3133764304446407,68.01148511873964,10.44945714762676,37.671913146972656,39.029696205782294,122.4990465944947,29.790228126993203,105.76469512339497,34.42897329599384,17.602466674268776,17.711022144311936,64.2522275062995,46.0781494059783,34.01123703214161,42.21960195126961,41.6882715172015,9.170169524695579,74.85947788864635,53.8796851792294,71.20768794892189,40.68443145947494,19.522363319922633,22.649999618530273,5.699271351320002,6.023475788882338,59.462665117760565,66.39025864565713,3.1172581139243865,122.76696896604157,609.1020401751409,3.53923585837634,2.2374594461762647,21.845062914154514,52.478348334381664,5.869574297213831,39.26773720885606,12.936420853662712,24.799999237060547,9.804315833585541,44.416863682473924,10.956511261809904,8.638904455310806,7.494858565652713,170.8115051828991,8.500060209547462,26.25,22.757300075123798,39.0,10.530096351650492,120.34331014029542,97.69999694824219,150.83912289601665,44.343360869582156,48.97401289602668,175.15970630969016,295.0,35.776729583740234,53.385915883438344,324.4392851835452,38.37234712937855,224.0,160.80291639329974,28802.529296875
2021-04-01 00:00:00+08:00,41.62250133114854,138.55679050816173,434.0056227401472,5.234739822488028,87.52305478028326,4.451932283140411,79.51818464270764,23.45763434824182,13.84189294128041,53.477537469438026,2.3133761941829385,67.92199348430542,10.382040922723768,37.67190950777601,38.694679260253906,119.00176646912936,29.292340072911088,100.92182575750603,34.21723129408123,17.602466059129764,17.370425876938842,63.31652303779878,43.4131876237461,32.23711447588368,41.64965879921101,40.0831101336672,9.16099902992666,76.48686607107044,54.13748413113444,71.05924121081588,39.914231909510406,19.188238231989377,22.200000762939453,5.8325418146934345,5.61138940351688,59.07528336009897,75.8745909596737,3.0804108991141805,127.12441421205655,618.4652859282421,3.5232207060050738,2.1830764604075883,21.506376190319475,53.324774124505765,5.762983798980713,38.960953906684345,12.333851547395229,25.149999618530273,9.646180184373288,44.20249021938424,10.94281530926434,8.740214794509816,7.475762661351687,167.13707234597646,8.02783332881411,26.299999237060547,22.51571498532871,38.849998474121094,10.654607133583497,123.22004598199649,99.0,154.23939514160156,43.56965105029029,48.393296088890345,177.017887924864,307.0,35.776729583740234,52.79053759677363,327.026862867343,37.360014273523,223.0,161.5989495144887,28594.55078125
2021-04-07 00:00:00+08:00,41.71397410864786,138.09828751553323,440.41586562277973,5.171288755995748,90.30082360520329,4.443953509419082,81.53618860911668,23.242032264017737,13.945191888089123,54.327097299124084,2.2977979124547248,66.31119416468252,10.264063835144043,37.302576609940616,38.694678231375825,121.74286813101043,29.209357730217732,100.92182657593611,34.47132019019286,17.64550409199279,17.285275002069067,62.78182781270686,44.530755518345764,32.193844376124225,41.64965563030472,40.35827883334903,9.170169830322266,74.66802841251835,53.79374590116943,71.40563543585607,39.91423121812027,19.761019205771657,23.25,5.793344581502673,5.900726731099926,60.43110974351003,84.18960745084395,3.0656719120010676,124.09316100815131,643.5980462156846,3.5632578187597628,2.1597697734832764,21.845063877570222,53.7950102215691,5.791407741712097,39.03765226181108,13.934427064118587,27.0,9.575900019524637,43.73089018444649,10.94281559968295,8.611275706910595,7.513953290729472,179.45138167866713,8.704690795992203,27.0,22.99888405459763,39.599998474121094,11.170439067098052,127.7269367292606,108.19999694824219,155.9395255489938,43.85979195428549,52.216370071997986,180.63647751576934,335.0,35.536614968336984,54.77514509211604,325.4344823615639,38.80621040389956,224.1999969482422,165.38020942674586,29101.400390625
2021-04-08 00:00:00+08:00,42.17136346624173,138.28167097681217,429.29230866869034,5.131631326105534,90.5362206598615,4.372148777299587,80.11929398446516,22.94018469172641,13.738595832707643,53.61167816678863,2.3133761824524512,66.80337989686475,10.24720924967136,37.38464923214442,38.694684987792094,120.9866982133897,28.545511201794444,100.22999431745822,33.96313901540519,17.430316808747083,16.859529791792124,62.46992721891372,42.596504093368075,32.107301925446194,41.07971163636727,39.441048298097535,9.170169830322266,75.91249203793213,53.535951736724826,70.36646281217955,39.506483057271325,19.37916393753412,22.200000762939453,5.816863206661022,6.049780044701964,57.76787825315685,96.14245580095002,3.036194566126661,126.08243040771654,605.1596906108241,3.5312281377016035,2.1442319551063806,22.09907558416342,51.678947099487914,5.812725960070549,38.845916748046875,12.842268747271145,27.0,9.189348612621941,43.17353040252302,11.038685780467825,8.74942478118362,7.590333619031912,176.77003479003906,8.657467174753965,26.200000762939453,23.24046998413502,39.0,11.134865327744151,124.37074980032632,105.5,153.48378412089463,42.409080208645825,51.490471748859306,174.4750794679087,313.20001220703125,35.584631362366345,50.60747097044867,315.48236477753846,38.27593505299237,221.8000030517578,159.90734616958017,28604.119140625
2021-04-09 00:00:00+08:00,42.85745262926823,140.29907534913292,447.2030542337461,5.187151323343564,94.63224548676082,4.372148185688729,80.07635815357268,23.112667460433133,13.721378707226382,53.298680351230225,2.321165320344573,67.11659766359871,10.382042563632645,37.671909671597426,39.02970402823589,121.64834210345828,28.669980987,102.04605525189406,34.59836027654048,17.860693234138974,16.94467876232164,63.18284861953163,43.84302360534668,31.93421958897528,41.56197888020204,39.89966340132108,9.188510213905632,76.58258845394064,54.30934839485155,71.75201785748028,39.959536817067686,19.951947296715424,22.899999618530273,5.856059573988646,6.190064132662311,60.09215629018458,90.29594870178735,3.0361940691939293,132.6186167765007,619.9437188971532,3.5232212827639873,2.144231794834526,21.802728841157645,52.66644349295127,5.556909468425473,38.845915333432174,12.616305467818483,26.899999618530273,8.978504368645051,43.38789468002972,10.888033039414609,8.887573905129992,7.914950995348438,179.6499859127631,9.302843145647751,26.100000381469727,24.20680916405152,38.29999923706055,11.56176054695993,131.75435658847337,108.0,165.57359278683128,44.39172167518229,53.716561138495145,180.24529504434133,324.3999938964844,34.67220858133526,51.50054163972669,319.2641909640471,37.45642491746496,223.0,161.9969940185547,29152.439453125
2021-04-12 00:00:00+08:00,42.62875412578487,140.02396501097283,437.9648898733644,5.179220248308746,91.57199567202358,4.380126953125,78.65944869344159,23.371392718925485,13.704162975941225,52.672690864444455,2.3367435932159424,67.07185053417496,10.38204073004755,37.54879218603396,39.155335352946544,119.56889711365834,28.587001753911256,103.42974043964365,34.9371486499997,17.860692112948993,16.82547399850461,62.692711937293936,43.71407222417125,31.890946713777353,41.91271023318297,39.44104766845703,8.986765746362561,70.88676727918406,54.35231505777287,69.52523309285512,39.86892631134776,19.76102199655779,22.5,5.887418186548249,6.084850887219097,59.02686437720949,87.95734652899587,3.0214554627822183,131.67135139437386,607.1308140090158,3.5072066561894664,2.120925028932575,21.548715085428835,50.59740200931292,5.656393628813134,38.424090753054216,12.729287769248353,26.299999237060547,8.855510565196848,43.773760699700524,10.94281530926434,8.823103110012067,7.781285457730404,175.18110592116025,8.909320988261896,25.799999237060547,23.96522375173445,37.04999923706055,11.792995194099765,127.15158816758594,102.4000015258789,157.82855918365757,43.03772001038911,52.700299590185715,176.72448344952676,314.0,34.480117085056605,49.61516459782918,313.49194709049647,37.070772298046954,230.0,162.7930737907966,28791.970703125
2021-04-13 00:00:00+08:00,42.35432074041139,138.83188613046298,430.0464520686499,5.115768700716146,91.33661064350446,4.372148777299587,77.97247129707195,23.06954783877943,13.635297069583316,53.656390565296675,2.344532719600297,67.11659788245615,10.348333766697516,37.79501716575449,39.23908895379028,117.48943009518592,28.87743248063688,102.21902275964555,34.51366677341691,17.989807647623838,16.706264288483347,63.00461572739675,44.229872007195446,32.064028901794664,41.386610597459715,39.89966916172093,8.904234044728463,70.50385147340745,53.750784371962006,68.28812847206012,39.73301090358227,18.462712770183014,22.25,5.903096893640307,5.953333956016701,58.542634256322636,81.13643708692737,2.9993477040800114,128.54532875422592,604.6668438660471,3.49919896332703,2.113155922830281,20.871347177110955,50.78549945719808,5.713241807342528,38.46244021140737,12.145547275852659,25.399999618530273,8.741302166614476,43.30214915840586,10.929120009777739,8.463917566130739,7.485310678693954,169.22254985559204,8.578762627853038,25.0,23.240468696361724,36.25,11.792996166241549,129.4529802471093,102.9000015258789,153.7671203263277,42.45744079908497,54.587640899545164,170.95428240072349,296.20001220703125,36.44904054167354,47.72978948838107,303.73889949035174,36.73333050229652,240.0,160.40489891125372,28557.83984375
2021-04-14 00:00:00+08:00,41.759719557918665,140.11564460810519,433.6285698506299,5.234739671274013,94.06728584526202,4.388105275947642,78.83119801795807,23.54387302838811,13.652513756201465,53.70110421295816,2.375689259628911,68.01150052037804,10.38204171426068,38.24642115549226,39.90913023002213,120.89217896574112,29.209360122680664,104.12157314662339,35.572369478720056,18.07588186825023,16.927648544311523,64.60869053060011,44.1009145128049,31.80440415875518,41.38660899155637,42.19275525249076,8.94091484126432,71.7483139038086,54.223408790959766,67.64483070312916,39.86893149547383,18.95912366500088,22.450000762939453,6.106922256333922,5.786745513402832,61.060598594255765,72.10683749432573,3.0951494183990116,129.49263679865052,612.0588830184631,3.4911915770547854,2.1364629274114044,21.506376190319475,49.70395348621228,5.670605132332313,38.34739685058594,11.994905551868316,25.700000762939453,9.01364399192758,43.90238127878655,10.983903078483614,8.620485090215832,7.6571674766514555,171.8045674355881,8.893580138149472,25.450000762939453,23.38542289117268,36.29999923706055,11.650697660367115,132.42559429896775,104.80000305175781,161.98439831578978,43.37621787551489,55.99104239923474,171.5410993230345,287.0,35.20045999317727,48.92055472735041,301.94747552739494,37.45642541444738,236.60000610351562,166.87281656898762,28796.55078125
2021-04-15 00:00:00+08:00,41.85119265482364,139.56546120250746,436.6451622844002,5.203014527933332,93.12566421418413,4.388105279660591,78.01540899329841,23.802599142466057,13.532001051470441,52.940973368335904,2.399056918719274,68.011486767631,10.398896217346191,38.57472204524565,40.03475473685033,120.9867066375969,28.960413575209348,106.02413209995103,36.165237747532935,18.291071714609906,16.92764974146197,66.48011016845703,43.58511775341299,31.890942798560552,41.649660432535164,42.05516251370261,8.986766245476446,71.70045416526915,54.395271698783475,68.93142271770755,40.32198457299998,19.235970477676027,22.850000381469727,6.208834603248877,5.874423027038574,61.25428941019377,70.48281327480474,3.190951852702733,131.57660587551715,614.5229105795584,3.515213611826598,2.1908455687944985,21.760393903498343,51.208712718793045,5.812726020812988,38.23235764736441,12.145547342119123,26.049999237060547,8.855511098267552,43.55939445824675,11.257816069481047,8.896783824078549,7.724000633040299,177.36590198768036,9.129693813544542,25.450000762939453,23.48205361770913,36.79999923706055,11.490611828506134,137.6037059503258,107.5999984741211,160.0953763030296,43.52129297856562,57.684810638427734,173.59489637945248,286.0,34.57616187103446,48.275556434595124,301.54941566441937,37.2153916817174,234.0,165.97724237117527,28872.8203125
2021-04-16 00:00:00+08:00,41.713974397201824,139.47376814315737,437.3992823206638,5.1395629318957,93.5964755538269,4.324278026426907,77.3713607788086,23.328273375917,13.37705264088608,53.0751108832327,2.3990566730499268,68.19045947524948,10.415750719030134,38.451612181222714,39.53222770468882,121.93191121036844,29.16786766052246,104.46749135333934,36.08054230696613,18.291073493761953,16.893592697344506,66.70290597227793,45.26146919770362,32.193847756237915,42.52649663352972,42.467924309955734,8.885893974436973,72.70559653973909,54.739009193354285,68.09019812047684,39.77831667411789,20.28607233856174,22.600000381469727,6.193156180191224,5.8919590187866655,61.01217834692084,69.57335365556631,3.1098887412086587,132.05025411670493,611.0732278944571,3.499198741758945,2.1830764626375796,22.056740192161637,52.008110806844755,5.8766802344138975,38.309057060013494,12.277360554323304,25.75,9.136636554333482,44.33111590483689,11.216727283777361,8.84152366851807,7.819475665988552,173.7907777505375,9.507474342800037,25.549999237060547,23.09551900709506,36.400001525878906,11.561760779433454,137.12425161341332,106.0,164.62904891956262,43.27950982286651,58.071956634521484,177.9959027264569,286.0,34.57616187103446,49.615169718449614,299.55895250779963,37.890285985471465,232.0,161.39993485539983,28827.169921875
2021-04-19 00:00:00+08:00,41.805454039862056,139.198656420493,443.05530394673855,5.210945975023484,92.84318071827458,4.364169597625732,76.94199955774108,23.586994107912258,13.53199945965202,53.030399545697726,2.399056664648487,68.19046870877222,10.449457298149209,38.5336879411398,39.53223040788716,124.9565802166397,29.043394702747733,103.34325329263642,35.95349748347349,18.592336753555955,17.114980623687906,66.83658155904565,43.75705888656055,32.45347373192251,42.08807852380563,42.19275037438941,8.913404691890584,73.23210591808348,54.78197785310967,68.28812734022262,39.86892648806454,21.097514734180194,22.25,6.185316320532359,5.935798118400846,62.368002055412724,70.87257164613159,3.146735906600952,131.57663726717652,620.9292179089414,3.5712650700370103,2.1986145180261065,21.97207390125342,51.30275911773863,5.983270562502575,39.152693942099646,12.390341265554857,25.700000762939453,9.40019438907779,44.24536630507201,11.408466796876802,8.869155375902315,7.733549026769802,174.7838662860621,9.22413855460512,26.0,23.530372894837104,36.400001525878906,11.2060137773083,134.34344029007147,105.0,166.6125209640096,43.47293884422028,57.20087511232842,180.92988006403985,290.20001220703125,35.10441345079488,49.664783219270305,297.5685576798945,38.51696759681206,232.0,165.97722859047968,28960.130859375
2021-04-20 00:00:00+08:00,42.49154282285568,139.74887352628403,453.23615601147577,5.147494262037378,91.3366040519437,4.356191455758562,76.85611877853059,23.845718086596936,13.514782781595185,54.86365726293396,2.422424121873776,68.5484276448833,10.53372721118524,38.53367923594508,40.07663509567515,120.79766100992832,29.043396558970088,103.25677150273074,36.080546535644814,18.291071714609906,16.808441053049137,66.12364708465141,43.58511667285594,31.804409594759026,41.956551842457166,42.422060018352745,8.931745106795224,74.95521589565804,55.81316114220385,68.48606339132733,40.004845181167845,21.81349297707066,22.799999237060547,6.232353416748484,5.848120457777414,61.64167613266481,72.56155984656618,3.139366204133694,129.20841467069351,611.073287289784,3.619308732983451,2.206383466179638,22.226081923006745,52.807512038423276,5.961952804940893,39.72790982493009,12.992911406066618,26.399999618530273,9.382624843581471,44.159623424311896,11.298902028788683,9.025723333956368,7.886309398591771,183.324439118115,9.365804131037068,26.399999618530273,23.43373925028377,36.95000076293945,11.259376131034065,134.2475308284954,107.0,165.4791125370062,43.76308013916016,60.975555419921875,189.43849211185167,288.6000061035156,33.711755932175905,50.1113181738939,296.7723883946907,39.04724137508726,228.39999389648438,164.18613066156226,28962.80078125
2021-04-21 00:00:00+08:00,41.439541043853666,138.55679050816173,453.047620810633,5.155426025390625,90.34789580504011,4.3322568613116585,76.68437785232746,23.543873955179443,13.445919164570375,55.84736274943706,2.422424077987671,68.81689299437404,10.500020671498687,38.86197789777935,40.076635223136805,118.05655380437132,29.16787087493451,102.73790215983196,35.69941745315998,18.37714654898351,16.995769493457928,65.76720363264397,43.15528815512253,31.674586851517383,42.526493072509766,41.458963949848034,8.85838360018478,74.66803310379892,54.69604189552357,67.79328644757757,39.778321522114304,21.622565553802996,22.25,6.295068589628417,5.909494150226327,62.803801066099474,75.28994139580165,3.080410927391739,131.95553505179723,605.6525010984324,3.6273159266282198,2.1597696114775,21.67572147683957,53.089656501699075,5.862468481235907,39.88129418675783,13.068232778284624,25.700000762939453,9.224489740259237,44.07387666156723,11.203033447265625,8.813893598151632,7.7812852306654055,179.7493117453797,8.972283438894188,26.399999618530273,23.675323486328125,37.25,11.206013828035793,126.76802806350366,105.80000305175781,161.03988468972577,42.264013889357734,58.12034365121555,184.45069206863838,287.20001220703125,32.511196937158495,51.500547681885514,288.4125709326438,40.011370397094225,222.0,165.18119382437217,28702.26953125
2021-04-22 00:00:00+08:00,41.39380271575835,138.46507263183594,452.4820161080297,5.131631477624324,90.30082545871305,4.300342953693009,76.05589712289051,23.543873198944013,13.824675602651244,56.65220228294593,2.43800253925482,68.8616347662501,10.500018418298136,39.06716317281969,39.99288354838405,116.26066351509814,28.918921174591226,102.65141479057249,35.74176486885505,18.59233844355863,16.876564080962805,66.52467060354567,43.069317930893234,32.19384502061914,42.70186320674416,41.41310163148681,8.803362693144098,74.23725303405838,54.82493877863766,67.19947619091114,39.59709548950195,21.527103364139446,22.5,6.153958859609395,6.005940621576895,62.51327129550216,79.96713454917911,2.9625005688774024,133.28170097433537,612.5516388873164,3.715396384216304,2.1131560802459717,22.31075497223787,52.10215930036673,5.826937555525765,40.49485620805015,12.917591301878197,26.0,9.540757911947601,44.202491760253906,11.23042370115742,8.804685426592515,7.857665008636147,178.65690879203694,9.098211940883207,26.549999237060547,23.675322761758707,37.0,10.956991833809228,127.05569075162136,107.5999984741211,160.94543448313638,41.49030318839675,60.007684154284604,185.81987850957,288.3999938964844,32.4151491168632,50.70669579800745,289.6068648843102,39.866747424963044,221.8000030517578,167.07183380860056,28716.98046875
2021-04-23 00:00:00+08:00,40.75345598836124,138.46506940413872,450.5966553035687,5.107837265134598,91.33659212835161,4.252472873782743,76.1434143126568,23.285153379479528,13.549215321144153,56.205066031846364,2.422424121873776,68.77213751247709,10.43260407244691,39.026126861572266,39.86724562701196,114.37023887761245,28.835945061274938,102.91085474329483,35.69941408783571,18.592335614798863,16.961711883544922,66.6583529593124,43.19827183817985,32.36693234192089,42.570334148973394,40.81689831728422,8.775851708907208,73.04065373707836,54.95384216308594,67.84277483617467,39.506480828409124,21.19297981262207,22.75,6.1774770155651595,5.900726966410855,64.78912814109664,87.56759074372958,2.9330229657363636,135.4604556803799,618.465242748019,3.6433305026914686,2.105387131559368,22.226083561482028,52.5253730203422,5.841150080766568,40.456505160605296,12.691626004509546,25.950000762939453,9.452904898248699,44.15962139314661,11.29890204070148,8.85073304492568,8.086810311348163,177.46519664220816,9.428768296769098,26.450000762939453,24.351761275600612,37.099998474121094,11.117076873779297,130.41188837043015,109.80000305175781,165.66801555298613,41.78044394483269,61.459486532133404,191.98126943465178,293.0,31.550751711640434,51.50054522692323,293.5876999158249,40.39701905122599,223.60000610351562,172.14666613409813,28798.44921875
2021-04-26 00:00:00+08:00,41.02789291910666,137.82319613844848,460.0233794212528,5.163357574193234,92.27821134316801,4.324278240159493,75.53076990768801,23.58699589234394,13.58364919115307,56.83105924132698,2.445791685599652,68.9063842532482,10.533727428877944,39.02612277597802,40.03476219709582,118.0565608019167,29.043395373006984,102.39197699763164,35.65706053140749,18.33410775076307,16.978741020790146,66.34644104751071,42.16667099141796,31.63132065279842,42.438809304263934,41.13792998120073,8.766683218221873,73.7107503055747,54.953840172306926,66.5066907097684,39.82362192020785,21.19297865813858,23.799999237060547,6.271550613328796,5.848120949497693,63.82067238903858,90.29595702233976,2.8888065814971924,138.01810314235627,622.900473753232,3.6032941077771925,2.1131561598251207,22.437757907853054,53.18370119818568,5.826937591748962,40.22642228843459,13.2941972573359,26.0,9.874596084663189,44.45973482121967,11.244120232392612,9.191500559057232,8.067712505358696,179.74931188981,9.554697110072588,27.299999237060547,24.73829796588777,37.04999923706055,11.117076873779297,132.13793158267296,115.69999694824219,163.11781396384688,41.78044502204875,61.36269990814983,193.6438670836686,310.0,32.847361684805456,51.947076683272584,296.57334142783503,40.300607066767654,226.0,173.04220735917593,29106.44921875
2021-04-27 00:00:00+08:00,41.39380226964536,137.089577419333,464.35964123670544,5.068180346558695,94.06728027900387,4.260451468470511,75.26820331513323,23.414511285959186,13.480350494384766,56.070928081516776,2.3912675296421377,68.59316241850303,10.500018747583013,38.90301580278619,39.448470953914764,116.82777749709078,28.752960177845136,102.04606707290878,35.53002079697368,18.334108873704036,16.535964064439803,66.12365544437503,41.693848456614894,31.458231608409093,42.52649344413127,41.825853544589506,8.610788838462335,73.2320967446164,54.99680473541056,67.7932925958444,39.597093236647524,20.71566106307389,24.100000381469727,6.240192435490577,5.865655703425198,62.46484386382024,88.54201378731203,2.8888065814971924,136.12354628013938,614.5228177734375,3.6113018766595313,2.1131561598251207,22.81877994567394,53.983103538949976,5.805619991192375,39.80460675951605,12.861098439883405,25.450000762939453,9.400195216228777,43.98812581701269,11.093468303342997,8.88757274395669,7.924499735545832,176.77004360145247,9.680623133268252,26.299999237060547,24.20680916405152,37.599998474121094,11.188227260368826,132.8091663200203,108.9000015258789,158.0174416525059,40.47480191009525,61.74984497563756,195.99105769142278,300.0,32.703288278663315,53.3859195315971,297.568546269564,40.01136699246774,226.0,172.54468406734946,28895.380859375
2021-04-28 00:00:00+08:00,43.36058416580925,138.46504723398309,460.9660725436814,5.012660205954967,93.87895445425531,4.220559004432156,74.56803379364024,23.414513677184004,13.411485426798116,56.38392542250017,2.414634940207943,68.32469330375262,10.466311126545147,38.6567869506508,39.615983948165564,115.97709135027405,28.79445266723633,101.70013747499027,35.14888809169335,18.377146894406863,16.638145446777344,65.00970530726913,41.77981699009256,31.588045445828442,42.39496896393046,41.50482179423498,8.5557678599335,75.38599312369442,54.78197309110716,67.94173997249584,39.415872752973684,20.71565900792884,24.450000762939453,6.271550222518077,6.032244121030454,62.12588930176571,79.25256253290983,2.888806696493924,135.46044921875,612.0587943496218,3.6113016147828416,2.1053870528536427,23.115124711632323,54.359293310047455,5.805620111203128,39.957992921956986,12.898760178186743,25.149999618530273,9.154208183288574,43.21640186362644,11.079772712924852,8.97967317650625,8.039071521825257,177.36590651628765,9.64914155323553,26.149999618530273,23.868591891250034,37.54999923706055,11.206014488088613,131.0831158345062,108.0999984741211,162.267763859793,40.813304224196465,62.28217177488841,192.76368254505022,309.79998779296875,31.934925331788904,51.94707806001008,304.5350456706668,40.734465956403795,228.8000030517578,174.13680036642043,28991.939453125
2021-04-29 00:00:00+08:00,43.589274857910574,139.65717210441656,461.9087340037028,5.123700081562763,94.82057646357292,4.228537857006467,75.00563804783008,23.414510024262764,13.600865935126947,56.16035740345034,2.453580856323242,68.45892821158802,10.449458457255185,38.820942174465294,39.57410538364722,120.89218049505008,29.043392840054235,103.17030072683819,34.97949230682709,18.291070594304916,16.75735212944758,65.14338217557813,42.29561651970323,31.847674258568137,42.78954219185508,41.367241800265525,8.54659763367685,79.21511700471363,54.7390121236976,68.68399827643427,39.23464998126695,19.71328877057535,24.200000762939453,6.357783881275372,6.049779298427533,62.41642590486886,80.87659339475243,2.888806588218783,136.31300065127925,630.2924696921548,3.6032939190260764,2.159769693067365,23.24213432254774,55.911071011014485,5.826937877714368,39.68956242074857,12.898761652163545,25.149999618530273,9.259629841525884,43.602266367330124,11.189335977886568,9.108611811022827,8.01997572622189,169.91773160327912,9.428769149539605,25.399999618530273,23.53037271087228,37.79999923706055,11.117076524252816,138.1790744246685,110.80000305175781,169.1627434889741,41.58701275809299,61.89502680373975,192.17687007141518,313.0,32.07899412964145,51.599774322810404,308.11783231615243,40.6862610299882,233.8000030517578,176.12693518280523,29268.2109375
2021-04-30 00:00:00+08:00,44.778491833221146,141.03263179272352,448.89986860702965,5.020591720753915,97.45709645922814,4.140775869141448,75.35572265054196,24.06132006027342,13.704162845706735,57.0099137068615,2.4457916827261377,69.21958906791555,10.500019073486328,38.86197654954926,39.78349508665374,121.36478756995834,28.752964035628764,102.73790001969995,35.487672032554336,18.42018379196309,16.8084394503306,65.32162401948686,41.73683667433561,31.458228535430557,42.701863571491025,41.87171985325781,8.537428016895491,77.53988291734566,55.16866913171515,69.62419956455966,39.50648257208744,19.61782466132844,23.5,6.412660598754883,6.0410117370107885,62.75538513767514,80.22697696832613,2.9109145792652376,136.21826600107593,618.4652996522466,3.6032941112625756,2.2374592847893062,22.564764535875927,54.59440947062908,5.9051045530727,39.95799169888723,12.804608924270024,25.25,9.277201038143616,43.302155966951915,11.35368524537112,8.905994126555315,7.876760622957846,165.25019305014612,9.664881843973887,25.0,24.496713358101264,37.900001525878906,11.117077173774748,133.67219996219333,109.0999984741211,163.59007350888905,41.58701425651456,61.79823813066116,188.7538817667777,304.0,32.175038894563244,50.85554551687824,300.55419924139096,40.155992019595296,227.0,176.82345311914153,29143.4296875
2021-05-03 00:00:00+08:00,44.321098752498806,139.84058047846926,443.05527291246636,4.8778257828726,93.31398800653541,4.029078301970912,74.30547042813076,23.67323992710649,13.549216072191484,56.160354697632556,2.4146351959285384,68.90638271088824,10.516872815909347,38.86197596002037,39.783493163917264,125.24013199315719,28.628490503687058,101.78662135511783,34.81010225823132,18.161957568476666,16.65517225430283,65.32162457000629,41.178050089744204,31.50150617622098,42.964911879707785,41.18379457745819,8.519087836588232,77.97064733561356,54.35231259782766,67.69431896308495,39.23464792195598,19.188236704321916,23.899999618530273,6.412660598754883,5.918262848936926,61.109019428708756,80.55178143146851,2.8298512268113383,135.46046391685223,610.5804130609175,3.579271982520561,2.1830765410905624,23.030451085439864,56.42832954837528,5.826937471255054,39.889236619901816,12.107886851180295,25.049999237060547,9.347482906624458,43.64513709715265,11.09346866607666,8.82310322788412,8.06771321868551,159.6888980481603,9.601917847879577,24.600000381469727,23.771958262813254,36.900001525878906,11.15265168940872,133.57630074486426,108.5999984741211,163.7789911635052,39.74944547393871,60.92716190747524,185.23306902873696,297.3999938964844,32.31911538471555,49.96247035628767,297.56856150058246,39.6739254851884,225.0,174.3357858089722,28659.91015625
2021-05-04 00:00:00+08:00,43.13188505051214,137.45638694265963,438.53047158630727,4.790580745520877,92.93734334485028,3.989186733564588,71.76735840465085,23.716355719214455,13.342620351142155,55.53436279296875,2.383478394635613,68.99586875359681,10.533726828310364,39.06716122643361,39.86724562701196,126.75247823197637,28.6284916884799,102.30550386086014,34.38662002315262,18.72614826294242,16.51893474606845,64.96515167038748,42.29562236936554,31.717862869566897,42.78954501759964,41.000347832961324,8.454896882074689,78.20997267011131,54.13748097139246,67.59535073462868,39.18934406281676,18.920938377275213,23.200000762939453,6.412660193374552,5.93579757925454,60.866902974733485,85.09906829717947,2.925653594791608,135.1762685371456,615.5084998323987,3.5952868684576567,2.2063833652526283,21.591050920863438,56.24023439902405,5.834043436544784,39.452632904052734,12.164379310234118,24.850000381469727,9.470474967068903,42.95916331359097,11.120859036172934,8.74942478118362,8.115451616254012,155.71653265204588,9.617660236058065,24.450000762939453,23.53037184715738,36.5,10.79690581704463,132.71325869736225,109.80000305175781,161.51215299315015,38.83066547310928,62.524134836072086,183.1792927613961,293.20001220703125,32.70328594580367,49.21824435513028,295.57812875699506,39.143651871464094,223.39999389648438,172.14666185186644,28438.150390625
2021-05-05 00:00:00+08:00,44.000927065185955,140.02393422517062,442.6782567578288,4.782649103341099,91.85448640009741,3.9652511490623366,71.06718185289937,23.931960129544677,13.411485176063355,55.7132156702068,2.3990568972458446,69.35382622714828,10.668559225804987,39.39545814591532,40.11851420512836,128.45384467454846,28.50401681371415,102.82438188812812,34.47132319657398,18.15064011690768,16.587053795351846,64.6978128292569,42.42456727252837,32.32366125630738,43.22795963919961,40.95448434025322,8.519087065558967,78.35355808727358,54.696045944854575,67.29844217520036,39.1440372578679,18.863660566213404,23.299999237060547,6.4988939315923,5.909493980511389,60.91533341365048,85.4238750176516,3.0067169666290283,136.97610850251436,606.638093515657,3.6032943223569007,2.284072879162091,21.76039689494064,54.35929294295842,5.91931630137979,39.492326736450195,11.222863115606707,25.049999237060547,9.242061171385926,43.516516233447476,11.203032741268137,8.933623858461894,8.144094448094663,155.2199901981363,10.16858950025255,24.5,23.53037184715738,36.599998474121094,10.832480729089283,136.740727152642,105.5,164.3456960278888,39.84616271000519,63.395217080472456,184.35287942576912,288.0,32.51119742316621,50.70669670484676,293.78675836441107,39.5775149204824,221.60000610351562,168.3654239434109,28427.669921875
2021-05-06 00:00:00+08:00,44.824230242235984,144.8839988421216,444.7521035766002,4.933345948638655,92.27822022714302,4.037056476716771,71.9423914302221,24.406286069272976,13.635298598646054,57.41233542318584,2.4457916770345474,69.9802431020427,10.904514011948738,39.80582423123711,41.37483506923481,129.7771421066124,29.167866385445866,102.0460552269651,34.89480255354722,17.69023456464505,16.604085427288208,65.0097146154856,42.51053514192172,32.66983085005316,43.40333557128906,42.28447078977884,8.702490850174122,77.53987864151426,55.254604591453834,66.75411489092976,39.86892631134776,19.379162800846498,23.100000381469727,6.710559305903206,6.049779330153976,60.334263021861695,86.78805437476153,3.028825103316774,136.78664106341483,605.6524914140881,3.64333055046641,2.3073797288401114,22.56476630305115,53.18370372805547,6.033012403339233,40.04800003506735,11.109880951353652,25.25,9.119068511668724,44.031001571342884,11.298901842310116,8.850732963708795,8.105903723077754,157.9013243497628,10.546369451214355,25.0,25.124832452512255,35.29999923706055,10.92141593257345,135.4941311233436,103.69999694824219,167.17923510175433,40.08794803434392,63.97594229681218,185.13528919283226,285.3999938964844,31.64679618464541,47.9282497318275,295.18004600748725,39.33648001522828,220.8000030517578,168.36541891240907,28647.970703125
2021-05-07 00:00:00+08:00,44.961448436423346,146.71796803702122,443.0553112977701,4.92541430332727,93.87895140026494,3.9971654953429443,71.76736049591065,24.88061619648949,13.686946871495058,57.81476163011531,2.430213259794616,70.3829424981524,10.971931399656567,40.339310779874495,41.33295822143555,128.64289732174174,29.375321020345012,101.26773813904225,34.852450401057865,17.752212193470747,16.62111522622041,65.58896865647912,40.4043498915069,32.62656235094961,43.271802008801835,41.642416366176434,8.647469483197998,78.97579746111407,54.78197552238827,66.11083042414431,39.506482541066404,18.844568558440468,23.0,6.741917279911063,6.11992200283125,62.41642258257913,85.7486804780506,3.058302699578639,141.3335655756759,604.1740321858724,3.651337983395968,2.369531395348821,22.861112184718134,54.54738372277682,6.1751331090406545,39.770160989661235,10.319007962801177,25.25,9.20691963117424,42.87341929675392,11.696076281174888,8.88757242907779,7.599881649017334,149.65868843871908,10.924149964109453,25.5,24.834932438466794,34.400001525878906,10.88584167819669,139.52155060621942,106.5999984741211,169.8239049273773,40.18465920163253,68.08936326969314,181.9078831728994,288.0,31.550747378029218,44.107887667696716,295.57811722817377,39.143648442861945,221.0,168.56442828081975,28721.130859375
2021-05-10 00:00:00+08:00,45.14440191955099,149.10400756835938,432.3088601344314,5.028523229233116,96.0446681202198,4.060992062246173,71.46103363594365,25.311821471278083,13.790245050310176,59.51388435158389,2.453580859264835,71.5015542202944,11.29215372249807,40.995898119441925,41.33295606940915,130.9114021928621,29.45830331908332,102.73789458017994,35.40297692556098,17.88501969059278,16.706264206990557,66.43556172272447,42.85439944403327,32.88618789373308,43.885582653383175,42.65136673762084,8.840043063534962,76.58259424278091,55.598327874564546,66.50669740075409,39.86893178722336,18.424525827026795,23.100000381469727,7.008458507361696,6.049779106136226,64.15963242483195,82.50062153050116,3.1025190398800024,143.9859297908682,590.3755743459493,3.6032939190260764,2.4239139400180525,22.564765553854716,53.653937690538335,6.338570674164647,39.69077841100139,9.980062530150883,24.399999618530273,9.400193147832486,43.688011789970915,11.969988391582703,8.887574763971012,7.73354834430146,145.48770362838772,10.81396465559664,25.549999237060547,25.463053183657966,34.849998474121094,10.95699212538835,140.1927710754589,103.80000305175781,172.1851842488175,40.13630276191525,66.29882070260454,168.21590049945016,280.0,31.934929696801202,43.21480763036803,293.18960916515607,38.37235031908383,219.8000030517578,169.0619510767453,28776.990234375
2021-05-11 00:00:00+08:00,45.0986598975244,150.02723804383487,425.1445558277237,4.996797502553177,95.47970301073293,4.0211001099320685,70.89214878254589,25.44118154150808,13.721377997086085,58.440753428112735,2.43800253925482,71.63578445569922,11.393278878821343,41.3652297461763,41.793604003149746,131.66756586580294,29.748734923496325,102.47845640849395,35.31828222909914,17.707938702435,16.450815528651198,66.88114700693676,41.99473703785315,32.5832866942449,44.28016187198198,42.33034179469209,8.592448926660072,74.85948785302375,56.41469348121751,65.61599235196266,40.09545725837313,18.004487016833387,22.899999618530273,7.047655147732098,5.944566139420228,61.9806216921039,81.59116115955287,3.1172580508212113,141.8072117546629,573.6203456646974,3.603293944242622,2.470527802413867,23.326799819597,54.78250723174124,6.359889290805546,39.29387091622135,9.867081713723959,23.600000381469727,8.837940905171052,43.38789625104694,12.243900889959043,8.979672724282542,7.638071100466244,140.62156883642916,10.845444516336284,24.899999618530273,25.269781886418702,34.45000076293945,11.11707768410525,129.89027335874604,100.5999984741211,167.27368884970184,40.233018272237594,59.039820702026674,161.3699083497538,250.1999969482422,32.223060743892674,41.87519861430492,272.6882516298651,37.552839355844874,210.60000610351562,161.3004723141702,28286.560546875
2021-05-12 00:00:00+08:00,44.09240353153782,145.87265608704828,419.86558368534673,4.877825953969756,92.60777374429432,4.029078660502557,71.46103522685898,25.139337662883996,13.514783159366416,58.17247492380788,2.422424077987671,70.6961540019848,11.174176842633196,40.99590277404808,40.87230204084834,131.19494989040567,29.29233870267722,101.44069747761394,34.93714813221898,17.229825917479374,16.144277729166458,66.39100683179953,40.61926582211354,31.631320407331273,43.622537315108424,41.82586032896834,8.509916879285466,72.27482215213878,55.082736222463474,63.98300685975768,39.868927001953125,17.08803163648915,23.049999237060547,6.984938940920819,5.891959190368652,62.41642079471215,76.19938825698269,3.0656718619712904,138.6811793106766,576.0843841374269,3.547242544614642,2.4627590161987722,23.5384809195058,54.45334226710656,6.253299319480838,38.817588806152344,9.96123284914498,23.049999237060547,8.89065050249164,43.17352854926869,12.312379012180575,9.07177179847558,7.714452394225959,141.2174084063509,10.95563185510598,25.450000762939453,25.366417487664734,34.20000076293945,11.668484687805176,132.68049664809422,103.0,165.4791061638483,40.619875354998996,62.18538723105352,165.28188341717387,251.0,30.686345213673018,44.30634824457066,277.4652481379058,37.11898303552536,215.0,161.59897489546375,28073.919921875
2021-05-13 00:00:00+08:00,43.90944674678542,144.3954691705226,417.4146664630199,4.854031562805176,91.19534387483863,3.941316391765894,70.19196881670756,25.441181906338397,13.377053640472315,57.41233198763975,2.414634940207943,70.20396358666812,11.123616739047899,40.70864046265364,41.29107467348694,126.38410482324716,29.084887235049848,99.88406128862539,34.4289766855253,17.53086096924053,15.922892706222692,65.0988310738077,38.94291872442973,31.155334902481293,43.754064592726934,41.68827312043058,8.482406616210938,70.36025326106672,54.008585739554434,62.646933136591485,39.50648221466495,16.973477851247186,22.299999237060547,6.741917588856563,5.8656556701556894,62.755383613860126,74.38047885038873,3.0361942562045487,134.7973542600406,584.4620585474474,3.563257289395575,2.439452036638987,24.004170061088168,56.146192160860835,6.239087373794328,38.5000575357214,10.036553403857619,23.149999618530273,8.398677582897212,42.95916624836973,12.202813684573606,8.988883027219918,7.7812852306654055,145.28908504266505,10.530629071267382,25.799999237060547,25.65631900508494,33.599998474121094,11.668483333387032,133.0653927511468,105.0,164.44015861538296,40.52316236232712,61.84663529261161,163.71709619251956,247.60000610351562,28.957538048408832,44.30634465001335,277.664291312012,36.82974394933839,215.8000030517578,163.1910677066615,27920.009765625
2021-05-14 00:00:00+08:00,44.41257473918377,147.5345001220703,418.54582543421293,4.941277503967285,93.78479050692795,3.9732299105579894,70.32324831975401,24.923733939200595,13.428703238904705,58.0830417694671,2.4457917242949847,71.2330802650002,11.207884757868069,40.667599000813055,41.79361063032186,127.04731525832229,28.960414851215795,99.36519281904535,34.090186615372396,17.460030747611878,15.820712757063998,65.18794452914018,39.67363181012879,31.371691394859635,44.14863692970854,41.36723438276128,8.583278582568786,72.22694623658612,54.13747789480877,62.79538675202695,40.05015445362682,16.897106353892543,21.850000381469727,6.8673475023366874,5.909494400024414,63.2396151294754,74.05567115567793,3.0214554531799807,129.3031631008066,568.6923451235527,3.563257289395575,2.4239138736682615,22.268417265375316,55.1586956834545,6.104073166975801,38.50005515793043,10.130705554714272,24.549999237060547,8.003344064192808,43.430772284393335,11.846727006587022,9.20992017308227,7.914951077940007,139.03260552731052,9.790808452446253,25.399999618530273,26.04285778978608,33.54999923706055,11.828570575369067,132.19943986827423,104.4000015258789,166.23472781861426,42.36072351500188,62.28216877136426,161.3699096317461,245.1999969482422,27.853019583678783,44.10788075260437,263.5322686886697,36.05844153162247,202.0,159.21082990137273,27872.689453125
2021-05-17 00:00:00+08:00,44.64127363570232,146.61126756576277,415.71784201632727,4.893689002107222,97.83374243731093,3.9572728578313208,71.76736049591065,25.31182327839955,13.721379538252178,59.91630649589267,2.430213451385498,71.09886622467765,11.08990713016536,40.86422578536253,41.45147723491221,130.36321115571496,29.084887235049848,98.58687407258084,34.513666400250855,17.44232275397734,15.83774126105067,65.23250126462268,38.85695042222368,30.549537130056734,43.92943067915744,40.12897286297765,8.5741098298033,72.75346037050727,54.00857925415039,62.54796703996858,39.914231734926084,17.011660786614275,21.5,6.788953802439825,5.874423027038574,63.917519211440116,78.6029547414472,2.9919776916503906,129.96624171808293,584.4619888699522,3.5552501678466797,2.447221119616713,22.353089864189624,55.76999612100695,6.196451087416747,38.57943741381028,10.75210493669204,24.149999618530273,8.082408776792503,43.17353120035928,11.887814992832618,10.038812755415117,8.115451152418645,145.28907495296042,9.838032094580731,25.899999618530273,26.301585099535735,33.0,11.828569762816027,133.4502504102188,105.5999984741211,165.19575779552363,41.732087522682484,62.81450201219315,167.23789593240488,246.39999389648438,28.861491394222174,44.256726447663276,263.5322837401236,36.92615785034454,204.60000610351562,159.1112828427878,28130.509765625
2021-05-18 00:00:00+08:00,44.641273410945054,147.44218831220286,423.44774814710473,4.965071791257794,98.3987030102487,3.9572728270659354,72.29248204505191,25.096216697048327,13.66973075942775,61.25771748189961,2.430213259794616,70.65141149136733,11.207884492526619,40.00842903206647,40.84317356322178,131.68957579255724,29.0848883656841,99.8840684606674,34.51366936226236,17.4423229441196,15.71853203486568,65.18794172388864,39.20081680790821,30.938979436273446,44.25588949249708,40.22069574426414,8.711661243172038,71.8440512282672,54.273552678627006,62.300549905618105,39.642400726173356,17.58444422034729,21.450000762939453,6.741916880190402,5.935797887493357,66.4354806117333,81.52620280232404,3.0656724056704907,129.58735058399728,598.2604338469329,3.579271865244057,2.486065637664428,23.242131451201846,56.099170242586936,6.175133152350424,39.84954405259989,11.053389878830874,23.350000381469727,8.275686113449082,43.945251133130945,11.915205390821306,10.112492816373733,8.115451147629324,154.12757710393976,9.838031697348166,26.450000762939453,26.252880096435547,32.900001525878906,11.988656032157701,139.51179501099259,107.9000015258789,168.7849242856161,43.13443871635795,62.52413073309126,171.14988708496094,255.8000030517578,30.206126028140304,44.703268421514984,268.3093032300974,36.63691733306569,207.1999969482422,165.08168132671466,28438.029296875
2021-05-20 00:00:00+08:00,44.45831325439658,146.61126756576277,428.72668481761366,4.909551886563758,97.645410970393,3.9572731228888944,71.54855862339936,24.644915547029807,13.66973075942775,60.89999747309013,2.4380027756281226,70.65140695970693,11.20788376247288,40.564701767779866,41.32112121582031,132.54224370126278,29.375324177893805,102.91085735977651,34.85245119591601,17.371490806399652,16.05913126353103,66.56923519202107,39.88855255158946,31.1553374413052,44.07525597491312,40.771039782309465,8.849213706855792,73.37569437732702,54.98012187665894,62.25106185471722,39.959538385232214,17.469887314901715,21.450000762939453,6.906545473173277,5.865655703425198,65.3701916369763,69.50839579528301,3.050933295736934,129.89059415342493,602.2028936877822,3.6032921650333747,2.478296912780831,23.41147205457289,56.42833285261432,6.0614370490541605,39.452634346168594,11.768942040404847,22.799999237060547,8.530456499519104,45.08670788019295,11.819336253306695,9.780935888493817,8.38278416952716,155.91514737866513,9.208397057674055,26.100000381469727,25.814518621302742,33.29999923706055,11.419461013063694,132.29565422134223,109.9000015258789,173.4130428842873,43.037724047059434,62.23378647453163,171.14990550825064,256.20001220703125,31.214591433415706,43.859807858230354,274.0815165312107,36.058444435342984,207.0,168.56442235851472,28413.490234375
2021-05-21 00:00:00+08:00,44.77849206330934,147.34983843725567,433.44006225705556,4.869894612172532,96.42131086898696,3.965251420445948,71.6360758680056,24.822218611433698,13.790245050310176,61.03414606662913,2.430213215767399,70.7408972227522,11.275301386871254,40.7358594421945,41.625274595933355,135.0055181476432,29.707243638053775,103.34324905651958,34.97949513580114,17.123580070504016,15.956951273612718,66.39101166189752,41.22103817733628,31.458233629584253,44.21073532113669,40.81690076877272,8.922574878850122,73.51929476460596,54.71515550988532,61.45931689335434,39.82362643460918,18.424525827026795,21.850000381469727,6.906545473173277,5.839352241387817,66.5411049998305,70.15799846124212,3.0140864849090576,127.50814402836505,591.3612177742672,3.5865326833178615,2.43168306350708,23.792493335559705,57.65094204425748,6.011694669163616,39.809851957500825,12.672798041043519,22.5,8.49531632334998,44.07004395820677,11.463249707174397,10.167752728727946,8.239571010214918,162.37022608889944,9.255620706850314,27.600000381469727,25.47357280088348,33.5,11.686272003627487,139.80044124135358,107.0,181.063605854915,42.360721795083045,63.056463444313515,174.86629733346297,280.0,32.223059586318726,44.85211022222262,290.4030267387089,37.84207563936259,210.1999969482422,183.68946028558966,28584.33984375
2021-05-24 00:00:00+08:00,44.41257858576065,148.27310195166706,431.55470757488587,4.869894245350504,95.7621801720572,3.9333378359851543,71.24222105188609,24.644916373571675,13.721379159007638,59.37973967287997,2.4224243128505845,70.24872292971064,11.258447348167662,40.26517143008134,41.060424664910016,133.77388927756783,29.541279456259883,102.91085760957036,34.68306048223225,17.17670249938965,15.684473328818132,66.30189293440803,39.5876654309699,31.501505435731897,44.12041547028395,40.77103664657612,8.977595064954732,76.19968116412713,53.69945638956083,62.15209271283752,39.73301330094014,18.42452698818308,21.700000762939453,6.82815037861674,5.8218165552267225,65.52186740843871,71.78203691144884,2.9919779388870755,129.50939961888713,579.6314774406557,3.5697735284387564,2.4394521713256836,23.961830515516795,56.85154617547823,6.004588685735357,39.33356300825835,12.992911878859536,22.299999237060547,8.548026883151419,43.45121671603394,11.709770417838943,10.064721078512909,8.478261509385945,167.3356848346397,9.475991848197467,27.350000381469727,25.327453315390073,33.79999923706055,12.059805161430484,142.2058044514503,109.80000305175781,179.8357399499518,43.03772537317653,63.68557970379514,179.56070043529118,276.79998779296875,33.61571170153254,45.447494139715374,281.04803466796875,38.372350047846716,206.0,179.1121421684606,28417.990234375
2021-05-25 00:00:00+08:00,44.82423015029674,148.55003921114664,424.5789549550444,4.869894301337607,95.57672296530124,3.957272974020207,71.2422256404015,24.60058991619055,13.841892891040088,59.42444444009754,2.4302132568810393,71.27783798886378,11.292154965424865,40.77865026470109,41.32111757372632,132.44750476513843,29.665756159358555,101.18125814877048,34.556016776649436,17.22982505801614,15.820711837447668,66.39100857944345,39.97451371327607,31.544777242507177,44.70748519897461,41.18379588226951,9.023447369544858,75.2902638298588,53.65529900984136,61.85518644093415,39.95953767463734,18.061764006122946,21.75,6.898705438694479,5.821816522205866,64.98798217249688,71.32731105826673,3.0509330684579883,133.7024944489314,582.5963386410572,3.5697735284387564,2.4549899912474924,23.496144010976483,59.014631797009564,6.118284176795649,39.92892440198473,12.35268083229189,23.149999618530273,8.258114158393433,44.2026571811374,11.654989727683873,10.770366007300545,9.060663235013052,167.8322378568145,9.444510741541395,27.299999237060547,25.619691445023612,33.599998474121094,11.953081654134522,145.4771060956156,110.0,184.08606721667132,43.52129297304925,64.605049821492,181.12547808904992,270.0,31.79085947029141,44.653648803805034,276.86815610161347,41.168328162482794,203.60000610351562,176.5249394917659,28461.5
2021-05-26 00:00:00+08:00,44.73275338535224,149.93491925791923,454.36733481285864,4.980934835116628,97.3836441040039,4.021100075174473,73.38649645059913,24.689244020033108,14.203434940544655,62.50969145235977,2.453581091064358,70.69615345379762,11.3427182685339,40.73585860606783,41.23421820358953,132.16329030166398,29.873207601047994,102.04605247978274,34.85245082855872,17.282950875273308,15.752594552246848,66.65835042178199,39.07186912942447,31.54477546184926,44.70748214481141,41.321382433351985,9.115148426544692,74.85947971171713,53.5228137211657,62.69641284720977,40.18606600713805,18.787289921920827,21.5,6.812471555635316,5.891959274541508,66.29843572063655,68.59810103540835,3.0583026908244335,134.94137266770912,617.1864514397187,3.5530136456112023,2.4705278848474546,23.792493496625017,59.57890911035725,6.061436653137206,39.730470814654836,12.7104571615108,23.350000381469727,8.302041055006086,45.08670379537798,11.682379121268562,10.640379242594218,8.440070073090023,171.60597828220136,9.586178496031904,28.25,26.350290507520175,34.04999923706055,12.362189683836148,148.7484392056761,116.80000305175781,191.73665563953867,44.488431344565385,67.46025622679103,183.8638839322235,277.20001220703125,32.751312151556824,47.13440636793772,284.6307983264568,42.56631489390456,207.8000030517578,176.5249649137568,29056.279296875
2021-05-27 00:00:00+08:00,44.45831680663656,149.19636184395017,454.1788115302606,4.973003018890588,96.05222402829357,4.045035362243652,73.82410071405396,24.86654249148468,14.186218510664231,63.35925943751165,2.4678074610502256,71.05409944967126,11.410134334231579,40.907014877348345,41.5818215872174,131.9738063423952,30.41258414442789,102.91086282020757,35.48767550752852,17.690231717113548,16.008038064879518,66.83657061919597,39.15783297594128,31.674591661576414,44.48168640798065,42.19275347735431,9.133488001821464,75.81676347393785,54.53851188258008,65.31908489597332,40.63912027623956,18.863660205931453,20.450000762939453,6.8203108046484795,5.874423742528703,66.97792070734418,63.74771752956141,3.0288251119866016,136.75202236193138,602.856297134664,3.544633869999287,2.439452092685126,25.104888489262432,59.43784272382358,6.040118491215092,39.651086480674586,12.465663153846767,23.5,8.504101494882098,44.556275158658465,11.641292807228604,10.844643774458746,8.363688725607062,175.87627091553463,9.460251808166504,29.350000381469727,26.54511743121677,35.5,12.664573821362975,149.71057107742166,118.0999984741211,187.4863096105231,44.101573965462904,65.86328423007157,186.50447345451005,279.6000061035156,31.79085358025794,47.43209661439194,283.63555518976426,41.939628691571414,205.39999389648438,180.2067098295531,28998.390625
2021-05-28 00:00:00+08:00,45.23587725416628,149.19633218310526,457.76097952389466,5.012660457556557,97.95425542060366,4.068970203399658,74.39298656767966,24.866543752166216,14.203434242591767,63.13568562467964,2.4846524485868167,71.50156101191398,11.477549985182383,41.292126085063984,42.53773487497735,133.01594318251028,31.159412417615442,104.64045111377203,35.360631330112035,17.69023309223077,16.076160644665784,66.74745655149722,39.02888619895828,32.020762777049534,46.06225838895651,42.78895115905053,9.023445820075267,76.58259703621032,54.31770836194613,65.12114380921449,40.403316634791054,19.095511270897912,20.25,6.906544976024767,5.944565717952348,67.85154540218734,66.93510783784059,3.109888256428708,139.51563796723107,600.8796887988362,3.54463395716274,2.462758779525757,26.45962091147885,61.836045117081355,6.082755604648863,39.45263463666758,12.823437787186977,24.950000762939453,8.600739240507313,46.10337014938247,11.696076037392213,11.086047726290527,8.592832206334304,177.56452745319166,10.184329246203687,29.299999237060547,26.301585099535735,35.45000076293945,12.789086578199242,150.2878595696786,120.5,194.19239003769337,45.02035849606654,68.67007728637952,191.4505394162905,272.6000061035156,32.55921937072739,46.787100317049635,285.42696407266016,43.67506048093033,208.39999389648438,182.09733880122116,29219.4609375
2021-05-31 00:00:00+08:00,45.73901017038543,150.95050723642404,454.93296390959574,5.0999057468077265,97.47874363710783,4.1008836653527165,74.43674574146473,25.354125059604407,14.151786099394998,64.65595362493963,2.493075018047628,71.45680820065743,11.528110554548869,41.677234740989945,42.84187717958359,135.38447059667675,31.03494330849622,104.81340305224921,35.487674587637095,17.752212803566696,16.00803913338209,66.70290189835008,38.427117304438966,31.717865236373125,47.41702885261777,43.10998132726648,9.032617263204083,76.19967767852167,54.71515470472167,63.884042815509204,40.58865373008693,19.018358409213924,19.219999313354492,7.173086087572956,5.909495263902111,66.58962427321981,73.44846231029636,3.080410650800384,140.75450376382213,604.8328922499747,3.519494463687173,2.462758779525757,25.697585954948497,60.66045362493965,6.011694347688495,39.01603889952851,12.992911406066618,24.350000381469727,8.293254026436978,46.589600944769195,11.80564048945127,10.82607468370417,8.287308258060275,177.56450528897113,9.869513577811828,29.0,25.911933012301347,35.099998474121094,13.144831605405432,152.69323479010615,117.30000305175781,189.4698136761972,44.29500432744893,69.87991129547224,194.20380579255806,276.20001220703125,31.694815978319447,43.51250072070602,285.02886971560366,43.38582212540962,208.39999389648438,186.9731548545688,29225.4609375
2021-06-01 00:00:00+08:00,45.09866315356208,149.19635366078975,459.0807136784193,5.028523076721484,94.34040186143179,4.068970533847107,73.51776729327847,24.822220908571584,14.117354212162802,64.16409997119945,2.4341172198775065,70.81450928962256,11.393278857091236,40.479120272180175,42.01632339404301,133.77387721923756,30.661526924008633,103.08381311332194,35.69941408783571,17.26524285472067,15.803681617846193,65.85631305597339,39.28678446738715,31.37168897017208,46.423532219016515,41.68827735687441,8.977595820369107,77.49200395852176,53.65529614807796,62.251066186274585,40.12531292601057,18.979780669740396,19.280000686645508,7.0554942419635776,5.848120579918129,67.60886299783954,75.18074169418551,3.0509331397695965,136.56142001538245,611.7508464254391,3.4943554401397705,2.4627590999582303,26.48121913779056,63.152706579928825,6.033012681739514,38.30160142947466,13.153551150439524,24.5,8.082409405185947,45.97076166320508,12.052162275872625,11.271745538083549,8.335045010554683,179.74933021986885,9.85377261742883,29.25,25.765813254889576,34.599998474121094,13.340493480276375,153.36675053845264,120.4000015258789,187.0140642438616,45.74571696133636,70.65421879490881,195.87543668932943,296.20001220703125,32.223065421889935,43.97969670715621,292.59250239027045,44.25353880219128,213.60000610351562,186.8736506801289,29159.060546875
2021-06-02 00:00:00+08:00,45.05292529449229,150.39654391376536,461.9087542042784,5.036454565490669,93.6271414635047,4.0530138690062625,73.51777854722243,25.265475005377525,13.89354159831021,63.26982447705783,2.434117078781128,71.62640088533625,11.27530195698556,40.69306605135322,42.36392578043136,135.57395376609585,30.868981693098977,104.6404521514766,35.275934293512535,17.495446481192566,15.769622802734375,66.70290650100367,39.0288815853447,31.804405434490885,45.06875759951193,42.192750210232205,8.986765974795146,77.07467834472656,53.61113755923808,64.3293949509118,39.98631274551584,19.81882690789158,19.799999237060547,6.961421365888689,6.076083183288574,67.6573998650145,76.22009253248291,3.1172577841506777,138.4673890299107,626.575238041965,3.4943554401397705,2.5559863304080674,26.956416281687503,63.95211219289995,6.253299474036369,38.57943757047178,13.229804023124277,25.049999237060547,8.30204060822295,45.396127878896074,12.052162275872625,11.401732810829584,8.382783228025925,191.66639709472656,9.775068527830005,29.299999237060547,25.522279739379883,35.25,13.251556756096502,153.94404440452743,125.0,178.89121470651247,45.21378788989652,72.88030165581078,202.56194602327392,312.0,33.32757936488314,45.27029921356624,302.1465106510156,43.77147634121545,215.8000030517578,183.34958466548716,29414.640625
2021-06-03 00:00:00+08:00,45.37309309053505,149.2886611779552,459.8348159902168,5.036454286537969,94.81591059863284,4.021099746786604,72.90513520812655,25.53142584473688,13.841893577769083,62.68854871201879,2.434117137926866,71.13023739367448,11.292153247964226,41.078179620096144,42.23357822651863,136.04766564219833,30.827487370261622,104.20804773773725,35.57236900735023,17.690231508486814,15.769622802734375,66.8365864735965,39.329763711829585,31.761133840737173,45.61066436432537,41.367237852127644,9.082834584550007,78.46729918689464,54.450189876032475,63.636621821442304,39.939979509869026,21.072573018758213,19.399999618530273,6.937902842027002,6.076083183288574,66.10428671985358,78.09095799715276,3.1246270051341978,134.3695520904928,621.1396269190127,3.5027353707441273,2.633675996560411,25.57403440590188,63.57592502323043,6.34148735882941,38.61913061519832,12.886668859755286,24.649999618530273,8.05605440842625,45.30771688883336,12.065858594305643,11.476011131254474,8.401878460155809,191.66637554044226,9.755884279766294,29.399999618530273,25.376157760620117,35.0,13.429430748515204,152.50081838595088,122.0,179.74132081881345,43.52129297856562,72.97709170412791,197.84204832974123,311.79998779296875,32.60724265093245,45.56813199836753,296.7723844333459,42.46990203857422,213.8000030517578,179.368030688402,29365.3203125
2021-06-04 00:00:00+08:00,44.915707001306785,147.8114745161609,445.1291824146466,4.909551836060577,93.0565344554741,3.9812080262548037,71.98615057420986,25.17682142541085,13.73859621824832,61.30243098121484,2.4088493101811204,70.5438740948474,11.317782386596571,40.65027687810936,41.060424624725684,132.636984785684,31.25743706135579,102.65142166535804,35.02184267533522,17.212119192133297,15.718531353922922,66.30189496320018,38.685018711784686,31.11206286458148,45.61066511473254,40.63345091201442,8.893608244046055,76.35434656952668,53.65529823380147,62.795387780055314,40.032646058643486,20.204594737135285,19.260000228881836,7.165247375162539,6.076082706451416,66.49256784143583,76.91301408850629,3.1319968190061043,130.17648644222942,602.8563115641608,3.519495004405932,2.59483073231418,24.062054678225543,63.95210758510895,6.217144466428203,38.34129380622951,12.486342430114746,24.0,8.012128169183077,45.528736424788335,11.956292507781066,11.308882608829494,8.210928916931152,185.4099242233087,9.263162781312008,29.600000381469727,25.32745272441975,34.400001525878906,13.251556756096502,148.844627122887,119.30000305175781,177.28612392281508,43.3564217710899,70.84778707545419,195.67875705480324,297.79998779296875,32.271082979363314,44.17825269676008,292.5924873242024,42.421694011357474,208.8000030517578,178.0740414307604,28837.94921875
2021-06-07 00:00:00+08:00,44.54979705810547,147.81147912419743,450.21960126297756,4.941277291944736,93.15162996453098,4.021100104608268,71.54855192600338,25.17682129354012,13.686946999196376,62.643834424669045,2.4172718069500965,70.67919568124968,11.155585187845475,40.907014877348345,41.62527801594283,134.247574890664,32.332319082162854,102.56493038003296,34.852452978460924,17.442321431342688,15.66744490144228,66.1236497071503,39.243796821959975,31.11206373121808,46.01709784587658,41.0462092457069,8.931453804285914,73.85722637060998,52.99288508452144,62.547970387752365,40.40331657978244,21.65122553834041,19.559999465942383,7.2985174768256105,6.705566584782075,69.01638022029094,80.6547309414254,3.1393664498603773,128.0799305396157,603.8445635310418,3.5362541623612476,2.6414449446530117,25.444435949999065,64.04615197396167,6.31223068302296,38.50005563263361,12.848540865711714,23.700000762939453,7.924276388218644,46.19177478292714,11.915205601350303,11.178897490642902,8.30640272631722,192.6594655691492,9.148194608001937,29.600000381469727,25.32745275250722,34.099998474121094,13.32270446808003,153.36674748995225,120.0999984741211,184.88683399106117,43.11284441484185,72.29958020670804,196.46541598239637,302.6000061035156,33.02066546610803,41.89488423825968,289.0097275975873,41.698597548109895,211.60000610351562,175.78465566360902,28985.599609375
2021-06-08 00:00:00+08:00,44.54979701337693,148.18072789441032,445.3177021295387,4.949208363385988,93.15163519560268,4.013121868914439,71.3735163660251,25.265473785742557,13.686946871495058,62.375548560678354,2.4004268646240234,70.7693888263863,10.939321177927654,41.29212796319391,41.972869878849394,135.38447947035286,32.71927752541432,103.34326065477978,34.89480202243152,17.353782529871562,15.667442953696309,66.56922903513112,38.77098410828523,31.02552010686324,46.423530579023556,40.54172894453239,8.95037616163367,75.53798582343853,52.59543722391494,62.25106391241884,40.07897939319936,19.77060665185174,18.5,7.2906772457502065,6.571634292602539,72.55941826000549,85.22794244522439,3.174401578214504,131.51064726283423,598.9031147631551,3.5362541623612476,2.618137994311258,25.401237468556076,64.0931841716405,6.385372842501151,38.69850952764718,12.4863428469328,24.299999237060547,7.994558881692337,46.19177331016056,11.983684047252911,11.327454051385951,8.344593315762124,191.0705437349129,9.18104270833386,28.850000381469727,26.10675783709471,33.70000076293945,13.198194392588682,154.32892526632241,121.9000015258789,182.98664892952107,43.405134142117845,72.78351772366605,199.21867757753736,300.0,32.5393110941303,42.39126736504712,290.60206604003906,41.746800066473305,211.8000030517578,176.18280587013987,28900.51953125
2021-06-09 00:00:00+08:00,44.54979728944273,149.1040015509306,446.8259863986084,4.95713996887207,92.39082507892503,4.029078334980331,71.32975874251837,25.265472412109375,13.686946871495058,61.39184951782226,2.417271949927337,70.90471270901692,10.993387222290039,41.50608028878636,41.885975080793926,132.82646836683944,32.46130687648826,104.64044591876706,35.53001830667999,17.300659885356048,16.059129401834007,67.5495042859549,39.11485171284096,31.24187363737166,46.51384354417915,40.81690076877272,8.969298568354779,75.63402702257011,52.816241963794894,62.35003230486259,39.939975837170216,20.30103497205258,18.399999618530273,7.180924065559546,6.580562510222321,69.5502561732927,92.64206395527988,3.143804649549213,129.12820964474682,592.9734263254043,3.54463378365813,2.62590694751181,25.74683074609108,61.50688153327735,6.473144978153794,38.50006131599095,12.410090412806559,24.100000381469727,7.915491611577954,47.12003161994448,11.928901799406502,11.420302170304192,8.172736412566616,201.5972905744586,8.983953167401554,28.299999237060547,24.93779881652873,33.849998474121094,13.41164237151213,151.53869107954804,119.5,179.09128883763364,42.96669730318811,69.2992018767522,187.81228176040983,295.79998779296875,31.335934177391643,40.802832098449926,283.23751846867316,41.891421577593846,209.1999969482422,174.09247518493714,28771.140625
2021-06-10 00:00:00+08:00,43.90945085813473,148.18078080663142,440.4158406025018,5.004728844407643,91.77266802085762,4.013121934465701,71.24223029497212,25.043846971341083,13.652513633285546,61.39185138476157,2.4004268918524247,70.36346788190633,11.065473736672002,41.591652769031406,41.581821478496565,134.1528529154282,33.06323823965872,106.3700416914498,35.48767256164275,17.53085977960231,16.416755780857148,67.50494575386212,39.114853871987805,31.501506805419922,46.73964418446484,40.77103627367117,9.026066430924281,76.59445901949258,52.99288402951238,62.646937183996684,40.12531280517578,21.02435086970813,18.079999923706055,7.2358010498642695,6.518060681998136,69.6958552134409,92.15703811080364,3.159103367590041,130.7482751609378,597.9148296829464,3.569773591408344,2.62590695069226,26.178822937896893,60.37831037362344,6.568230105657572,38.89696310972556,12.84854051641537,24.149999618530273,8.170262406350957,47.031626650921076,12.038466323751322,11.40173170880786,8.153641998388734,198.00208419619702,9.000378242667008,28.0,25.37615862107006,34.150001525878906,14.336582819944763,149.42192398203787,122.9000015258789,179.28130440357825,45.158875803532304,71.08973751990146,190.86054683043773,295.20001220703125,30.976205568112338,39.9589805635387,280.05278791557265,42.1324553227943,208.8000030517578,172.3008063801563,28792.01953125
2021-06-11 00:00:00+08:00,43.406322200457495,146.79588369237015,444.94062760355934,4.965071678161621,91.10696245042608,4.013121868914439,70.8921462976454,24.866543162574906,13.635297194524377,62.06255465737788,2.3835816383361816,70.67919763507537,11.083498083695444,41.206547514329074,41.755622748173465,136.80556628042302,33.23521373248199,106.97539375792353,35.868802484587846,17.513155506379434,16.723291691612335,68.52977467295538,40.1034652059265,31.847675214560848,48.09441261537463,41.13793139658798,9.054449836982425,75.87413369691002,52.90456189486703,62.003643385384194,40.21798324584961,21.60300253421411,17.719999313354492,7.116921961613595,6.47341686074892,69.01638976401667,96.52237436018115,3.166752191566506,132.46363847839396,601.3738765844563,3.594912224386837,2.6802895219509306,25.87643022331483,59.62593942857884,6.619430167832251,38.73819715236084,13.458561361275478,24.049999237060547,8.126335757699458,46.89902059609922,12.038466816374818,11.494578887216905,8.115450632360742,211.46913874978281,9.197466415827334,28.299999237060547,25.522279897663978,33.650001525878906,13.802964210510254,147.88248375903007,124.5999984741211,179.18628583841212,44.76915927514395,70.36385383953859,187.8122787814334,302.6000061035156,31.6516985192333,39.710788433722655,277.6643181321844,42.228868716623786,207.8000030517578,174.39109063129172,28864.900390625
2021-06-15 00:00:00+08:00,43.772236191243515,146.6112509970647,443.80945529010154,4.92541434967624,90.9167590664319,3.9971651721923456,70.80462197266405,24.06868781411802,13.514784242368352,61.168285183020835,2.3835817624133027,71.13023504801282,11.083496251000884,41.59165573120117,41.799072497298766,144.00587774055342,33.06323832437055,107.23484784280292,35.69941197719731,17.495443640657058,16.70626311557853,68.79711723905946,39.41573387580727,31.847675117423925,47.91377485399342,41.458962179548145,9.063911619012496,76.06621959131417,52.77208311493015,62.547969368589506,40.0789796131623,21.554782322034214,17.979999542236328,7.125111713475244,6.375199585228526,69.01637681164465,93.75073458622565,3.2355947442637425,133.89307555493733,597.9148335774739,3.569773380786661,2.79682413666504,26.567619310529025,59.20272363257987,6.729144297030963,38.42067302395965,14.106707159151766,23.799999237060547,7.985772750826135,46.50119344039105,12.161727531600558,11.494580125763335,7.943594612854281,217.8350897487454,9.246738136536887,28.399999618530273,25.376159872940836,33.79999923706055,13.96304897152027,155.00239293049407,124.5,181.18144335258552,44.18457424387322,71.62208573529959,189.97556319233004,307.0,31.89294727506283,39.26404134241216,276.6691056403561,41.36115417229271,209.60000610351562,182.05556774232537,28946.439453125
2021-06-16 00:00:00+08:00,43.58927866613204,145.78032467468083,439.28462110906645,4.893689006631506,90.44124603271484,3.9572734737789914,69.31675615817696,24.068687438964844,13.377054089279067,60.13987367215161,2.3414690229768995,70.18304135605615,10.975365891465376,41.54886403992673,41.36457057565179,137.94247287737662,32.848262786865234,104.2080477639543,34.810100120337,17.24753434867426,16.43378527140029,67.81684600605266,39.11485027985929,31.58805215234391,46.92028045654297,41.41310292704121,8.723305452583881,74.67359359308875,52.4629570341037,61.211893624051335,39.893642546424054,22.374540326367537,17.520000457763672,6.953126235532407,6.330555585051662,68.62809568180279,95.62158261735848,3.1820505528905065,129.41409670833102,590.008487723799,3.51949462091227,2.7735173699787037,26.697216964427977,58.96760527824991,6.612115832602866,38.103149729331705,14.182959941733555,23.350000381469727,7.836422739740329,46.235978731666876,12.052162524604707,11.383162541140674,7.8385714994379745,220.81912794390928,9.181042633426008,28.0,25.035214436343832,33.599998474121094,14.621180442953495,156.54183334457338,120.9000015258789,180.42139745224023,45.256309408345444,74.71945794991241,195.1871091279979,299.3999938964844,31.699947648941805,38.490471704726176,274.67864587547894,40.445224171077605,205.39999389648438,172.20128485045942,28609.369140625
2021-06-17 00:00:00+08:00,43.9551848183911,145.50335743395536,432.6859080895792,4.901620019663087,89.91819439269445,3.9812083823665527,69.1417231484065,24.02436186473984,13.377054089279067,60.13987480371316,2.3667367208636447,70.40856702846096,10.813166906468512,41.292126765675256,41.234221908783724,139.93202230964962,32.84826205758107,103.68917345168532,34.38662265222838,16.999625418044573,16.3656648330366,67.63860855858891,38.341145388746284,30.982249558203378,46.51384431290125,41.18379275537452,8.704382390371444,73.04086106517967,52.46295346409267,60.469631512294946,39.70830539736192,21.12079395750642,17.34000015258789,6.887607758590415,6.3305550944224,67.46326598537078,89.108236003568,3.151453820090759,128.6517348731559,587.0436624517425,3.4859755909873678,2.7812860601670923,26.092425535128,57.83904097015978,6.480458060586934,37.745931782672415,12.962919923044206,23.049999237060547,7.818853018291158,46.50118903872651,11.983684539794922,10.844644270304563,7.590333756996262,204.30741053522092,8.376263554284996,27.600000381469727,23.866253299087514,33.5,14.176497442433188,152.01974232756876,116.9000015258789,178.23619542493608,44.37943465493457,73.9911998491408,193.9087930914406,285.0,30.4937101036938,38.73879818442528,273.88249590868236,39.24006760693947,202.0,167.92111398810295,28240.880859375
2021-06-18 00:00:00+08:00,43.543529867741704,143.10291032840368,439.66168507096984,4.885757186390381,89.77554113063377,3.9891869388547487,68.61660380488901,23.581108787951383,13.359838357677873,60.67643169391945,2.3667367208636447,70.4536659101496,10.939320806909533,41.762807188849216,41.799072265625,143.62691973876045,32.67628241871665,102.65140777907096,33.751405089377045,16.946498349929772,16.450815013335184,67.46037720866539,38.98589552857405,31.327916423753685,47.05575330524251,41.183794502193734,8.666538340534647,73.85722547191689,52.19799146225674,61.360349956114156,39.8473091729923,22.27809871269983,17.31999969482422,6.822088992943487,6.294839937261725,68.96785016653303,96.17591172055471,3.1055588336988413,131.4153485870233,594.9500044131556,3.4859756737469025,2.789054949272586,25.79003124989361,57.4158268579123,6.370743822301057,37.54747947052855,13.210741144348326,24.450000762939453,8.012128688655107,46.014965445786636,11.983682908816915,11.104617967795305,7.4756419299698305,224.79785229255432,8.228448158433093,28.5,24.499439366974222,33.849998474121094,14.389944974450152,168.47252579042106,122.5,179.18631840086945,44.52558268233887,78.65206771915939,216.32828422731188,297.6000061035156,30.879708667638543,37.79516128857865,283.6355781264402,39.52930608342167,204.39999389648438,171.5045256479527,28586.0390625
2021-06-21 00:00:00+08:00,42.12562971745128,142.91826000945952,436.4566136899202,4.8381688370152,89.58534649389524,3.9971648421105783,66.69112136907168,23.49245573051126,13.290972012678637,58.93260642708743,2.3498917326457214,70.40857485471021,10.813168699141091,41.50607678914462,41.23422632836082,140.59522032588006,32.28932290374124,102.21901023516357,34.09018492486175,16.769419571182684,15.905860989833078,69.46547770866304,38.74512108130676,29.801914109293715,47.32670974731445,41.27551892994947,8.496234541987956,72.89680096986534,52.10967481034349,61.36035023564878,39.66197603583607,22.80852879672085,17.219999313354492,6.805710644250008,6.250195224336571,69.74439463896256,95.62159818106325,2.9908217212547985,131.12946304750355,592.9733392649238,3.4859755684253124,2.7781396657798982,27.12921142578125,57.83904110555952,6.275659179536611,37.8253136008539,14.144832913885166,24.149999618530273,7.757357269078581,46.368587493896484,11.531727673170083,10.696087080766189,7.322491581152911,226.7871947405855,7.8835435704302785,28.399999618530273,23.72013282775879,33.650001525878906,14.65675469578943,168.66493194591874,131.1999969482422,180.516417589768,45.59731158682995,77.5839478632236,227.34136077024857,296.79998779296875,30.25246526446728,38.88779480484392,276.6690902709961,39.86675156573145,206.0,167.32390656740745,28501.640625
2021-06-22 00:00:00+08:00,41.94266909485889,138.94832341796868,437.96488586977574,4.869894504547119,89.87065356445312,3.9971648421105783,66.95368752047798,23.35948006692489,13.239323616027832,58.798463190043556,2.358314275741577,69.59669318995587,10.849210761782608,41.07817459106445,41.01697538405356,142.3005421367869,32.332318157221756,103.60269505062236,34.34427426808961,17.03504042476915,16.178338670893197,69.0644662592261,37.994080451435124,29.757031575852043,47.05574916769978,41.36724111106408,8.44892858254821,73.08888558458172,52.28631093082682,62.696420696197194,39.33763879006728,24.30337988473575,17.139999389648438,6.732001889249118,6.259123882011762,67.99715020449005,96.86883089665997,3.074962407379309,128.17522179458413,582.1021695523649,3.536254338917555,2.802157852862801,27.647606217354706,57.256674379223135,6.4512015380969165,38.936655043749795,14.964548110961914,23.700000762939453,7.695859639656192,46.36859003862932,11.627596017486658,10.491821467716848,7.351206733640197,230.36805268965833,8.261296345057621,27.850000381469727,23.72013363460549,34.79999923706055,14.781267118372908,166.83684638799028,137.39999389648438,181.3714642525768,44.8178729498933,78.50641419005821,223.01480756766057,302.79998779296875,31.458704172562346,37.24884550952904,278.6595076599343,39.33648254742482,204.0,167.9211096347155,28575.16015625
2021-06-23 00:00:00+08:00,41.759719422198174,140.05620596317584,429.10379766725237,4.877826321127784,91.10696187389685,3.997164990546249,66.6036090138236,23.226506147382242,13.25653991671234,60.22929831008253,2.37515926361084,69.68688656768943,10.975365034388977,41.12096479393661,40.973522024068664,141.63736516316732,31.94536582423219,102.21901123035248,34.68306350708008,17.1767026513213,15.991009766661149,68.75255501190288,37.90571687209686,29.622383930657076,47.82346074433485,41.9175790100764,8.486774492014597,74.28942201492019,52.948722679007766,60.61808451928942,39.476638943759156,24.255157185965963,17.0,6.772951772345455,6.2234086990356445,67.56033900750279,102.68926423329566,3.1591032463745945,128.93762904757426,573.2076222170065,3.519494463687173,2.9382629285520587,27.60440604900039,57.58900750685546,6.546287286752905,38.738201298663625,14.964546675437612,23.350000381469727,7.906704902648926,45.17511496996472,11.61390164122604,10.788933967506274,7.332063153355698,220.42125769943377,8.359840930898784,27.299999237060547,23.427893412553587,33.900001525878906,14.674543547904129,170.4930203031955,135.0,184.69680124446367,44.37943481398214,79.72017779521232,223.0147899812954,295.79998779296875,31.072708421894102,37.89449287114297,283.43653109332325,38.999034252017495,205.0,163.84003000696396,28468.240234375
2021-06-24 00:00:00+08:00,41.75971590856398,141.441072892451,433.25152587890625,4.877826321127784,92.4383696140163,3.997164990546249,67.74137982850417,23.758408640802358,13.394270896911621,60.09515763262086,2.375159192963592,70.13794788651512,10.99338740019241,41.54886245727539,41.58182198817917,142.39529147427777,32.07434717863698,102.30550807490116,34.68306350708008,16.96421065815479,16.296209945563177,68.75255783096316,38.70093962935879,29.667268853833228,47.86861838891662,41.27551403674451,8.562463959580704,78.61136649665134,54.89179324440337,59.77685597815004,39.56930545755367,25.750008427305023,17.059999465942383,6.764761800860568,6.196621894836426,69.06491449850698,105.32232212375949,3.143804910392238,128.55640992171044,577.160774348735,3.4943555094924803,2.9943062498237643,28.5979907425729,58.396105332808055,6.553601492201149,38.34129333496094,15.00267309846217,24.100000381469727,7.897919701125215,46.059163290438036,11.915205846733649,10.584669339390235,7.3416349649992885,230.96486557463962,8.425536382644049,27.450000762939453,23.720135250733897,33.5,15.261523755015213,173.187039273369,142.39999389648438,184.3167341100359,46.27932543503157,82.53611966788051,234.02787458751797,310.0,32.90618703431366,37.19918201941725,284.6307793327548,38.66158676147461,209.60000610351562,166.12943295827012,28865.4609375
2021-06-25 00:00:00+08:00,41.75971932917488,141.62572165119272,435.513926125682,4.869894353117677,93.67468819807682,3.9891864350656547,68.26651202351779,23.536781848326548,13.411485176063355,59.29031914229623,2.3667365540292242,70.00262878362446,10.975365460107849,41.33491516113281,41.84252970564214,141.44788662945695,32.16033729725367,102.13253624872085,34.68306002322925,17.070456775321734,16.172217581798993,69.86650338803884,39.18691342605171,29.577502110615683,48.13957214355469,41.55068481136473,8.524618050091275,78.99554529924077,54.75931714253078,59.77685683086295,39.75464608629172,25.79822919697618,17.600000381469727,6.838469785878365,6.178764343261719,68.38542186710748,103.24359906224552,3.151453820090759,127.31754345642986,581.6080767919146,3.5194946550927866,3.0503491367876494,28.036397975075364,58.01629181673475,6.5682300478123175,38.500057220458984,15.727072176883004,23.799999237060547,8.003343769480132,45.66134834762696,12.038466243100554,10.82607429929977,7.408638169286379,226.5882770092812,8.704745878678414,27.200000762939453,24.15849191533219,33.5,15.36824797771117,172.70596609342587,140.10000610351562,184.3167650226423,46.32804171919602,80.10858101849094,233.2412182298919,317.0,33.19568752319393,36.70252990722656,289.8059119102434,38.75800232111111,212.8000030517578,167.025295988307,29002.669921875
2021-06-28 00:00:00+08:00,42.17136419093395,142.6413000174274,447.203059453146,4.901620280405593,92.8187815760646,4.0306314370968765,68.13521575927734,23.625430348342974,13.359837029515687,60.900004885420394,2.383581735460265,70.13794258135668,10.993387222290039,41.07817720651215,41.19076903200235,142.01633067914548,32.41831547286923,101.95958554104884,34.72540497415894,17.141287246846794,16.243069691500807,69.51004017559859,39.09855270385742,29.667264724296928,48.13957631223056,41.59654553724034,8.50569619670043,78.70741009250455,54.36186593436395,60.6675691390497,39.70830537576089,24.59270477294922,17.979999542236328,7.0345478746046,6.21447966030772,71.68578232263306,106.98530753289567,3.1973489511677453,130.27176757844276,595.9382290395741,3.603292620880585,3.122404777324884,27.647605617801542,57.63648339786112,6.794973458588764,39.1351087923506,15.860513273798038,23.799999237060547,7.994557630441954,46.412789866609394,11.983684285497247,10.436113142000272,7.389494652039767,233.7499737617717,8.819713156534757,27.799999237060547,24.937799575515893,33.20000076293945,15.38603386245579,173.09080770893397,142.3000030517578,183.0816196806409,46.86390433988932,88.36219919069073,232.06124693585787,333.0,34.2089280562617,36.950855790567765,297.56858057890685,38.56517910475102,220.8000030517578,166.42801641171496,29366.490234375
2021-06-29 00:00:00+08:00,41.66823983555904,143.1029052734375,451.5393050575754,4.885757224745982,91.82022217760166,3.996546062872061,68.35403152172631,23.270829993653333,13.44591846090043,59.916304222559546,2.375159050149802,69.64178368543853,10.903278350830078,41.33491758980166,41.190773343414975,144.0058919708624,32.1603389387931,100.83534080635485,34.34427431663609,17.212118339806164,16.119076638025593,69.86809628325904,38.96602237370267,29.71214477317017,48.139572887450214,40.90861964381713,8.515156885861039,78.85147361350862,55.112602018010556,59.62840203898934,40.12531280517578,24.640925278979665,18.219999313354492,7.017658319855628,6.205550868467625,71.15190828477823,107.05460174418963,3.1285066567195456,129.50940278266813,592.9733392649238,3.6116717061023498,3.0423430493764037,28.07959906832995,60.20021811428576,6.568230159730434,39.21449632907692,15.822389241794648,23.600000381469727,7.915492268689999,46.36858321085146,11.846727483523535,10.733226235124379,7.485213626463302,235.14251289828215,8.343415900848472,27.5,24.255906694986287,32.20000076293945,15.635058368210592,179.5372423499654,146.8000030517578,191.53741596967376,46.18189610174003,90.64407965872799,237.76445422555946,329.6000061035156,34.11242839548089,37.447507100174235,298.9618530161432,39.14884861981872,222.0,172.69895891163495,29291.890625
2021-06-30 00:00:00+08:00,41.165107673129846,143.10292136440918,440.60435815467474,4.854031557951511,92.77123253058926,3.9283747222778937,66.99745077149056,23.182177675139954,13.273756024126916,59.73745081467413,2.349891424179077,69.3260454747471,10.903277132202845,40.99259720684588,40.234867095947266,141.1636494769219,31.859371347841503,99.62462354358621,34.00549513259301,16.80483602792724,15.95965718213504,68.91473470439831,38.96601972256816,28.904265492031758,48.681487313797724,40.63345048500979,8.373238302337718,81.30057766664845,53.74361784288406,59.430463922922854,40.125312865523334,24.399820129460533,17.739999771118164,7.1781103883163615,6.187693526809782,69.21051185989359,111.90497480077165,3.021418272097716,128.46112727390292,590.5026678843041,3.561393265394531,2.9382629679004593,28.07959896261928,61.766945976428616,6.495087699698857,38.7381992233772,16.356154601075488,23.450000762939453,7.924275346985783,47.95988376323994,11.987728748524894,10.436112403869629,7.370350558074059,236.93294329933983,8.688321234924425,27.5,24.255907574614625,32.0,15.635056746730418,180.88425148587464,144.10000610351562,188.30712344504775,45.45117186745594,93.70276708795194,236.38781504694802,329.0,33.485182892511894,41.02339449049402,308.1178014500326,38.470528535722465,222.0,177.27773026373592,29107.900390625
2021-07-02 00:00:00+08:00,41.165107673129846,145.22640379635556,435.70248916235937,4.846100112235432,92.43837527646315,3.8942887251815206,66.51608381251329,23.13785258667889,13.256539599205922,59.46916477464749,2.349891592045649,70.1379493000266,10.921299324895182,40.60749125838291,40.23487092855027,139.74253902764494,31.730394950317073,100.22998650528176,34.301925691608425,16.69859134849535,15.959659289381937,69.00553230739357,38.48005168940341,28.410556269135135,48.365364469202845,40.40414008521253,8.231318066517044,80.58025605731092,52.37463612063676,62.00364365986352,40.264316459984,23.24251857570957,17.219999313354492,7.068327978235394,6.214480124102115,67.6088648491051,116.9632121680286,3.082611368268512,129.41409179947627,591.4909698247287,3.5613934397194926,3.1304111400963524,27.215610025419977,64.37815143596511,6.590173142761266,38.18253136513303,15.078925856950576,23.850000381469727,7.845209263186047,45.61714280866374,11.987728352255177,10.584669158356782,7.2842037315256825,224.3999652613757,8.819713390622164,26.799999237060547,23.281773139107457,33.0,15.830717399172487,175.97728543123966,145.6999969482422,184.5067839818062,46.3767533201453,90.30421870537057,237.96111524074385,318.20001220703125,33.292186550257576,40.97372986851319,303.14175024729434,38.32517276076191,216.1999969482422,172.99756249122933,28859.01953125
2021-07-05 00:00:00+08:00,40.4332843402133,141.53339884253126,429.66938239667974,4.814374668372323,90.34615055843226,3.8687246296765827,65.20325972587524,23.18217729777639,13.136026125263623,57.863487142900425,2.3414690494537354,69.50646288675229,10.831189263802209,41.035393433276944,40.408668240921855,139.36358289940958,31.2144474795879,99.45166857752908,33.9207970699175,16.751713615928573,15.658532440610799,67.91596888960339,37.77318290560665,27.82708496851638,48.816955953133714,40.72518076445453,8.13670655208867,76.73853212678047,53.03705160644392,59.97478679132589,39.80097561474159,22.326318651127572,16.459999084472656,7.093661446151279,6.16983584202179,64.55117853507927,119.7348583046294,2.9984710216522217,126.74576515113296,563.3247083533112,3.5278747966630077,3.050349223791467,26.65401889997062,72.9239240193701,6.509715657569836,37.984072058100836,14.678599130330575,23.0,7.704645291794625,46.6780050505784,11.846697202604204,10.231847564868382,7.083194359038361,216.84039589001029,8.655473677465787,26.049999237060547,23.13565395403645,32.150001525878906,15.77735690963263,167.1254907151761,136.1999969482422,180.13638085452598,44.28200662983843,86.71147778074638,229.89796743061373,300.20001220703125,32.80968933083034,40.52674321630124,293.7867737904204,37.3076913481604,209.0,174.6897342079564,28098.91015625
2021-07-06 00:00:00+08:00,41.53102489134415,144.02614345608947,429.8579205812453,4.8540316707811595,92.10552022322524,3.9113319434113185,64.45933433041914,23.270829614975963,13.187674395522013,58.32126785069304,2.3414690494537354,70.40856581586615,10.97536423748154,41.50607678914462,40.843170130854716,141.16365418355818,31.90236569190627,99.88407588659865,34.132532360488035,17.017332772092665,15.871091282278249,69.45951292944737,37.77318098776544,27.692442456660203,49.04275549554002,41.32137884240709,8.117783494459324,76.83456227749208,53.39033290536099,60.618083095325105,40.58865352550105,23.7247276288405,16.200000762939453,7.16122060653007,6.205551338516368,65.47334024987518,124.72381590843968,2.998470900627371,129.31880252442778,545.5354689596377,3.511114922363897,3.1304113206942383,27.129211748386297,68.41365630810147,6.648686836178171,38.10315165234427,14.869231635759817,22.700000762939453,7.581652133530666,47.385245385585186,12.254122814146418,9.563341272623711,7.01619126881346,234.3467941607672,8.868986499606837,25.799999237060547,23.622720353068797,32.79999923706055,15.759568120949094,172.22488626008789,136.60000610351562,180.51641209240267,44.964021662381,85.93466171239966,237.37111746352608,287.0,31.796450784868494,40.626074569442835,290.6020585000715,38.22827080400703,205.1999969482422,170.21050604458514,28136.630859375
2021-07-07 00:00:00+08:00,40.89067444703898,144.85706428368727,449.65398772136746,4.87060192882717,91.43981771564565,3.9028103351593018,65.64087218340127,23.0492000579834,13.229655873477716,58.64171488520729,2.349891592045649,70.0928403438996,10.885254774608361,41.1637528156225,40.799720694534166,139.93203818832416,31.472417649123894,98.75982246181,33.793750307055824,16.71629760321364,15.800234898493665,69.41411191641913,37.552288239260754,28.186147284899732,48.9975940752142,41.27551785569457,8.004248444826459,75.53798767552941,52.462959548714,61.36034585925946,40.681323944786,22.470981019801187,15.279999732971191,7.228780234401078,6.107334283054031,64.16291000169306,122.78365090070861,2.960224805591955,126.17398630631844,545.5355497236782,3.485975742340088,2.9702877370319376,26.783618523062373,67.13178365026482,6.538972679021838,37.706241607666016,14.65953873795714,21.899999618530273,7.564080629869972,46.58959592342295,11.940718019613337,9.451924198147648,6.815181255340576,220.62018214742105,8.524081488819569,25.700000762939453,23.427893412553587,31.799999237060547,15.030288123742741,168.56872166485104,120.0,176.14600256171877,44.038431123633615,85.30351015637748,223.01480476287267,287.0,31.844699563502246,41.32138355353552,282.2422904224145,37.307690684176464,207.0,171.20588937493605,27777.810546875
2021-07-08 00:00:00+08:00,40.79919874157198,143.65684916727636,466.6220454001913,4.836719516926775,92.77123104124829,3.902809937426829,65.20326756365913,23.004877207939643,13.04842676998103,58.96216430858737,2.3583141618867103,70.22814665936053,10.903278610894763,41.07817417916017,40.40866888687052,139.17409163236067,31.64440275549516,98.84631107623788,33.62435659318357,16.8225437054294,15.888805175239689,68.64233827376722,36.668701647332576,28.006618604772957,49.720141998705834,41.50482472719724,7.900173805378334,76.0662182445807,51.93302567438342,61.21189359968084,40.82032769432836,23.09785619272638,15.359999656677246,7.085217093993201,6.089476378243667,64.01729665623618,126.10960878805425,2.9296280623521667,127.4128427753553,533.6760572953658,3.4859754381652057,2.9222506843882456,27.388407090354836,72.40167714793976,6.4365729154211415,37.6665551408479,15.441125082293226,22.149999618530273,7.889134480106161,46.14757414622241,11.90937788232407,9.637621525516044,6.853469050366878,218.82974669646873,8.70474606053646,25.700000762939453,23.57401496118339,31.5,15.52833263763653,175.59242754229894,138.0,178.99625586731494,44.0384316484371,90.44987494935062,236.19114298354143,281.79998779296875,31.313955798224068,42.21535690470219,277.664291312012,37.792202479752476,202.1999969482422,167.72204566724372,27881.5
2021-07-09 00:00:00+08:00,39.427024670495506,141.2564220991291,468.3188413307983,4.735072411747824,90.34615784349342,3.868724480017439,62.14003038908306,22.694599980810835,12.613479614257812,56.53592290543213,2.307778835296631,69.64178973697216,10.975365034388977,40.650278065627475,39.539665306470674,138.22668637148143,31.30043601989746,98.15447235107422,32.18452493177973,16.3267248523773,16.11907711206125,67.87056951088226,37.15467177101287,28.410557408438823,48.862116248942634,40.404140487601644,7.909634861642565,73.37701795463248,51.44725534358676,58.638716077195646,40.866657416135475,23.29073687357364,14.880000114440918,7.01765889548097,6.009116006404391,61.10521872983521,116.40887395013007,2.845487564096078,123.79153485862915,518.8517620968619,3.4524567076206893,2.8021581800013813,26.481222094745497,70.92990403679212,6.2171443883352815,37.07118606567383,14.754852278536026,22.049999237060547,7.836422739740329,45.661345826386636,11.705664657712246,9.489064513190506,6.786466334595001,218.8297623743523,8.35983984294851,25.649999618530273,23.135653925982105,31.299999237060547,14.88798993399799,170.58925128366684,128.39999389648438,166.74017240750578,43.551282836989735,87.05133563150187,226.16138840929906,264.20001220703125,29.43222265645204,40.67574016537052,273.68345636620745,37.45304613461383,195.0,164.23821498082748,27131.5703125
2021-07-12 00:00:00+08:00,40.61624171724463,140.8871325795866,474.1634521484375,4.768954619411865,90.44125415588788,3.877246231246062,62.8401993478541,22.827576356775623,12.685970197884656,58.09237435372241,2.333046533819015,69.55156885574738,11.029430389404297,40.69306459787705,39.67001721007452,142.11107629030573,31.386426023103397,98.586870674465,32.01512888650511,16.362136787963337,15.853375209037232,67.37118035491712,35.785118940229225,27.692438619412734,47.77830272312308,40.31242227486213,7.805560547226088,73.9532674531702,51.49142100412057,59.677884917102354,41.190997917929174,23.146076449535624,15.300000190734863,6.966989040374756,5.857326164001345,61.78470334472879,109.20262653201463,2.845487682066625,126.74575993448082,543.0647509925492,3.4775962203191155,2.84218905048664,27.302010804156957,72.35419495679942,6.246401818101792,37.309330120383514,15.155177512833184,22.450000762939453,7.827639182228295,45.926556714438156,11.862366750385526,9.470493841700115,6.671602960440753,217.83507495274358,8.918257938190177,27.0,22.989535766906556,31.200000762939453,15.20816150259634,179.05616889264056,133.89999389648438,173.01074509622885,43.4538491363678,89.91582739321181,220.65483885047365,287.0,30.87970941239508,44.89727317382077,282.64038482081224,38.27671945571339,199.3000030517578,168.5183637456832,27672.69921875
2021-07-13 00:00:00+08:00,40.61624093072335,141.81038448389785,480.76210775865394,4.692719188622924,90.1559527917662,3.83463896905669,62.14002532174415,22.60595046741915,12.559110539262452,57.68037778178883,2.3246239642699087,70.00263214111328,11.04745250320877,40.90701752046977,39.843818597816636,139.83730699978832,31.515412952836954,100.3164630783891,31.337563220658595,16.37984782341984,15.871089935302733,69.09632751385817,37.41974589234911,28.36567888999613,48.72663918070487,40.90862296405634,7.9096347140143815,74.6255744272143,51.93302648810377,59.03459201666724,41.19100178500563,23.580063926104856,15.720000267028809,6.992323700379999,5.857325489814088,63.82316258268536,110.17270318394186,2.822540225882494,129.41409301757812,534.6643766305342,3.4440770618222207,2.778139529014889,28.554791279446327,70.217758153215,6.144001035893172,37.071188000683826,15.25049331609863,22.850000381469727,7.766143485077494,45.926562089606,11.642983153599864,9.879025155999969,6.796037799022369,231.76059461325647,8.737593943825292,26.899999618530273,23.768840110216143,31.0,15.11922513039245,177.90158183337064,137.5,170.6355232041412,43.210276999971136,84.67234441431279,222.22814462430807,284.0,30.300714594166745,47.87718344916318,283.6355968357361,41.32917277538481,199.39999389648438,171.90264060729055,27694.029296875
2021-07-14 00:00:00+08:00,40.707717842445,142.17964257798073,478.4054785132173,4.6927190555832885,92.24817935813444,3.8090744846161897,62.490116000560995,22.56162552559211,12.613479008744081,57.314149911661715,2.333046462592925,70.00261001415365,11.15558546078372,41.72002445236619,40.36521884887357,142.11105589010302,31.81637815278152,100.83534103671732,31.50695643332286,16.804835157324725,15.83566153484521,68.27914996024695,37.06631378888463,28.006618092859984,48.59116249819859,41.458962586113906,7.843406375195483,72.9928384064836,51.75638161576515,58.8366586890191,41.4690055847168,24.30338014142248,15.619999885559082,7.068327801526096,5.910898937827001,64.84239672985262,107.67821442820774,2.8760841199344536,129.50940150593985,553.441799331761,3.5362541038850863,2.786145824262416,29.116383552796947,72.87643834525696,6.14400093157394,37.58716963057378,15.422062734113952,22.850000381469727,7.608007372628662,45.926562264645185,11.768345507205794,9.84188688675428,6.729035349951004,231.56168361783884,8.836137078175653,27.0,23.62272006906773,31.0,15.635058532397016,181.1728911848612,136.5,170.25548396650836,43.35641731318375,87.68249230586828,219.67153262598828,293.0,29.818218342141364,46.58588979193613,296.1752508494235,41.91058679121446,205.1999969482422,173.992977873795,27965.390625
2021-07-15 00:00:00+08:00,40.61623774912107,141.62571899883537,479.8194503935257,4.591071933044564,91.29715779843244,3.7579458758289745,61.52737976771181,22.47297478207453,12.486619102473144,56.719035833879694,2.2993562669609617,70.27324296141215,11.155584860467782,41.933971453401156,40.539024148643776,144.29010530339627,31.17145320613672,100.22999280225487,31.42225500681124,16.734005094570122,15.764810902359152,67.50738645406841,36.71287867307158,28.18614572927034,47.823461471097694,40.81689789159294,7.78663803966582,72.27251693876552,51.668062737647524,58.19335988861238,41.330001939025685,23.72472846497483,15.819999694824219,6.899430886373963,5.750179910702552,65.95868600743742,99.91762925368693,2.876084089279175,128.27053230605617,554.9242285264277,3.5027350736525924,2.6660533657481764,27.993202700810187,72.4491540877374,5.961144318526842,37.74592596449983,14.79297862760607,22.950000762939453,7.3005252259031845,45.396124960716804,11.972058156398862,10.250417055245656,6.891755958840903,216.84039085623144,8.310569016750124,27.149999618530273,23.963666015193663,30.950000762939453,13.909686740900044,179.44102930139613,139.0,165.31500675273287,42.966700297654,88.65350257710924,222.03147888183594,289.3999938964844,30.397215151906483,46.68521916214609,293.786754572833,43.46103265178588,206.39999389648438,175.18741974822217,27801.400390625
2021-07-16 00:00:00+08:00,40.113113594390455,142.0873686859174,475.10611637494037,4.726601600646973,91.63001121771227,3.817595958709717,64.24053192138672,22.783251803329858,12.685969750703284,59.60305247402207,2.333046604528975,70.81451633465073,11.227671867625563,42.27629275090452,40.97352216474655,154.90107427782445,31.60140053213459,101.35421433220132,31.84574028478819,16.787127085899694,16.189928885391048,68.1883578637747,37.02213672013884,28.679854641322027,48.99759599486629,41.413099830741245,7.928557438309832,74.43348828958968,51.88886868439973,58.391298838116015,41.37633514404297,23.483623504638672,15.65999984741211,7.042992991679094,5.830539111885751,66.00722234355626,100.47195434570311,2.8760840274768213,128.1752454969618,560.3598866564162,3.4859756737469025,2.7301025009832443,28.42519293876714,73.06634655411729,5.968458956209049,38.22221707565966,14.430779938579205,22.600000381469727,7.3795915300281365,44.55627763423874,11.972058134122346,10.306126670716894,6.958759874936939,213.85636342528502,8.507656081517784,27.100000381469727,23.720135250733897,30.649999618530273,13.874113404318305,183.48205296508095,138.5,166.17011451658826,43.0641320439088,91.85784288495465,219.08154410611226,287.6000061035156,30.300713313053965,44.99660550690806,296.971412677671,43.509486430932284,210.39999389648438,176.18281248940065,27972.560546875
2021-07-19 00:00:00+08:00,39.518505272346246,140.70247950633703,493.9595299497875,4.684248447418213,91.34471202379854,3.792031764984131,63.45284757553733,22.650273413780873,12.595356030772068,59.328387711619776,2.3162013777287287,70.18304035924106,11.137561977389725,41.762811340799715,40.23487137843089,151.77461883882845,31.38643002337054,100.66239358089058,31.76104267364466,16.539218444275072,16.207641157853814,68.64234182410414,36.977959160332894,28.141264645544208,48.500846487441045,41.22965489856532,7.833944336418718,74.7216203468985,51.66806149081001,57.74800043883309,41.46900556277917,23.146075698721333,15.0,7.009214025615166,5.812681997777702,65.76455473723234,99.77905274383191,2.8378382567052,128.27053259349694,553.4418541003184,3.4608366302962073,2.666053344965016,29.029986182089388,71.59458063636224,5.909944335303748,38.142841636678014,14.564220742135596,22.0,7.07210875820459,43.05338711422175,11.940717697143555,10.027581214904785,6.7481784980926225,210.07657154950326,8.688321481449488,28.049999237060547,23.81754765588608,30.5,14.051986363526039,179.2485841785245,139.89999389648438,155.81415236139873,42.47954624351882,89.3817700487616,218.29491806091966,284.79998779296875,30.252464131458826,43.95363647255907,291.19919967681636,42.637358733081626,205.8000030517578,174.39113516202738,27786.5390625
2021-07-20 00:00:00+08:00,38.329288219806514,138.11740028713348,490.1888598773392,4.675777847595669,88.20636299301484,3.8005532760806884,63.49660858659191,22.517296327254442,12.450373693329665,58.412825481546946,2.2993563193416144,70.36345417524831,11.155584155743,41.89118194580078,39.75691616288874,152.8167724609375,31.08546274169346,99.62462641591888,31.168169230889895,16.468387438417995,16.08364706278107,67.7797761464904,37.02213767556192,27.827089810501178,48.22988852692532,40.86275935877306,7.720409340725994,74.28941526085974,50.51987951131452,57.05522768306187,41.283664562169285,22.422760000149925,15.5600004196167,6.9247657232152,5.660891736555354,67.46326643142791,97.00739781348713,2.753697511295726,125.88809367697637,542.5706681352607,3.511114922363897,2.6100102730621284,28.252397649861237,71.83196665451787,5.705144579806767,38.10314957071598,14.812043071951036,21.200000762939453,6.896404431353102,41.55049548723311,11.846696552765778,10.176139469029037,6.853469362948464,204.50636960829164,8.507656381026798,28.100000381469727,23.525306908558168,30.0,14.301008224487305,177.80538049243958,139.8000030517578,155.81417799733987,42.917982143014484,89.18756464179758,218.49156220059638,272.3999938964844,31.217452228524742,42.96033600330925,286.62123484857324,42.78271676324811,204.0,172.20128430618232,27395.830078125
2021-07-21 00:00:00+08:00,38.46650294410083,138.67135345169154,496.31624604697544,4.616483348695143,89.39514695582263,3.757946201786729,63.01523772763534,22.251345886592496,12.30539181330419,57.68037325213498,2.2909337768125306,70.54387309290738,11.20964884693292,41.891184524145245,39.36586752708027,153.10099885035655,30.956476112451746,99.27870598057281,31.549300928373594,16.114227996079926,15.888805222315046,68.09757095133617,37.552286181929546,27.42314709827197,48.410525516477826,41.13793009322976,7.663642129211027,71.88834049383887,50.6523649042787,55.867608168681556,42.02501314284682,22.32631791773242,14.399999618530273,6.75586853328022,5.598388867064451,67.51180169753522,97.97746742185406,2.753697480252683,125.79279221754807,536.1467632307882,3.494355596241841,2.6100101592140437,27.431608625558706,70.5500985873226,5.741715809263174,38.26191298688223,14.621411971973,21.5,6.9403309276789384,42.16933472912736,11.752675178778546,10.157569524742572,6.786465506938549,207.8882691605642,8.31056822277522,27.850000381469727,23.42789188803048,29.549999237060547,14.496668982364879,178.57508530320916,132.0,161.5146942138672,43.258995056152344,92.3919023826315,223.21144841483888,271.6000061035156,30.73496105705551,45.1952652208429,285.22791291613964,44.090904365151616,205.60000610351562,175.18742235847276,27339.220703125
2021-07-22 00:00:00+08:00,39.24407155455899,138.67133076237238,508.0995350590459,4.633424488491307,89.77554695283834,3.7579460660560016,62.4901180241034,22.339996500580174,12.106040005342665,57.7261525996543,2.290933847427368,70.27324649449993,11.299759620087942,41.891180763018745,40.19141784400224,153.9536613104806,30.9994704901028,99.45167355985112,31.506957738465278,16.46838703290383,15.711670077472402,68.00676436030018,37.861539651105915,27.602675242882192,47.82346000403759,41.092072115082736,7.682563659171788,69.82340858152894,50.16659381057033,55.71915221546788,42.442016560103475,23.001412267745145,14.640000343322754,6.73897932042732,5.580531399537392,65.91015753791105,97.90819761892793,2.7919434039626556,124.83981863457265,538.6175004173728,3.5362541382283674,2.682065549433577,28.381994444871545,70.69252548984096,5.866059145602536,38.65881740054436,14.602347337860584,21.200000762939453,6.984256240560517,42.83237473647431,11.737004648190318,9.934733083443337,6.776894357663258,220.8191296940463,8.425536623362001,27.049999237060547,23.768840426633453,29.399999618530273,14.532244324188339,175.11134096026933,132.6999969482422,162.74980945300666,43.2589924484169,90.30423003175046,236.9778042407746,273.79998779296875,28.997975981145103,42.71200749811019,289.80592325436356,42.5404615003778,205.60000610351562,175.38651217306713,27464.279296875
2021-07-23 00:00:00+08:00,39.33554849261729,139.5946150134195,509.0422775649292,4.650365833659111,90.72655125326744,3.817596282337943,63.36532316000716,22.384321049756217,12.323514233125078,58.87060677910642,2.2909337768125306,71.17534105231759,11.389869850991118,42.14792217242354,40.32177304828117,160.30127581931612,31.128458298257094,99.79759216308594,32.09982613502402,16.716297149658203,16.065936476545637,68.55154770316732,38.966017822442964,28.275911224415903,48.00409698486328,41.96344178517659,7.909634405193698,70.49571615008904,50.784850203785325,57.99542223052034,43.50770561797842,23.097855443476263,14.539999961853027,6.713644096115388,5.7144641709749555,63.920224010538,105.32233981614398,2.799592703026458,131.03414671251392,539.6057673739848,3.603292470348288,2.6740592243170838,28.77078725579692,71.59458389790915,5.939201406808569,40.087688128920625,15.269557088789862,22.25,7.1336057795166425,42.47874933313856,11.878036520813586,9.749037191441454,6.709890512424523,220.819118403302,8.60619932109852,27.149999618530273,23.671426457950776,30.549999237060547,14.514456473564461,171.26273666287054,133.8000030517578,161.0396381492212,43.16156071855604,87.82813398037945,233.0445717732614,280.3999938964844,28.949724841236943,43.7549755809733,295.57810920744225,41.571426919779526,208.8000030517578,174.3911339520353,27740.94921875
2021-07-26 00:00:00+08:00,39.06111141169991,138.02506137345253,481.70479791259766,4.624954154517494,88.44412879667149,3.766467758375345,61.78994241211428,22.472972998240586,12.160409378593613,57.085259175574734,2.2825112342834473,71.08514036793704,11.29976107854712,42.105134446534684,40.45211798895467,156.1326890806093,30.913482941952054,99.62461952924399,31.93043668452682,16.52151083637,16.296206998967467,68.09756607584015,37.640640813593535,28.051499351376204,47.73313599663012,41.046208818998814,7.692025526508989,66.65398754874415,50.652366638183594,55.42225085253398,42.62735748692168,22.61564496032993,13.619999885559082,6.74742348277731,5.544816017150879,61.78470151788129,97.97746920501388,2.753697480252683,125.79279259134215,504.0274078991948,3.5697738583804948,2.618016317734748,27.561203618515506,69.12580634695153,5.866058797718793,39.45263461692629,14.8311058899829,21.600000381469727,6.922759990090265,42.47875283281147,11.9093773650526,9.86045370909099,6.652459610836625,220.62018712041174,8.622624596275536,26.0,23.184358596801758,29.100000381469727,14.301008783815742,162.79579743359963,125.0,158.3794151445199,41.99239730999282,79.04047545119799,218.29490030451294,259.20001220703125,27.888235891748998,36.652864248013714,277.8633575465699,40.21478372940257,199.1999969482422,162.04838784398356,26825.73046875
2021-07-27 00:00:00+08:00,39.335544412194075,139.31759624878455,467.5647738844787,4.6334242171131095,87.96861194428944,3.7749889411137767,58.63918013195153,22.384321049756217,11.870444239814317,54.61324164542962,2.2909336799796294,71.98724167137664,11.425914157751617,42.78976668172808,41.147324089920836,155.84847382221102,30.784495577790263,99.01926438998332,31.93043406899036,16.82254337616768,16.189931387638882,67.9613618992953,37.110495442686,27.198734537666954,48.410522851239605,40.954482354196486,7.616335199045058,57.00164192543718,51.31477876815344,54.13565928553739,43.46136852143011,22.567422335437314,11.600000381469727,6.907875848469004,5.4912428520643175,60.668403409185196,97.21527352955594,2.7460483894176857,128.3658141244865,459.94968620571416,3.5362541038850863,2.6100102730621284,26.654019526857915,67.2742083227625,5.741715556591994,38.46036111715667,14.297338273823089,24.350000381469727,6.533127890820327,42.12513168581383,11.689995099227769,9.749038394847952,6.346159097296821,216.04465396484866,8.573352453980098,25.75,23.57401509352363,27.649999618530273,14.461095344153287,160.77530564676624,114.0999984741211,160.8496193481066,42.528266065275155,80.20569349504612,222.2281417514411,235.60000610351562,26.73024770690903,34.566927425486114,256.764831038546,40.893102836657114,183.8000030517578,139.3536428137302,26011.509765625
2021-07-28 00:00:00+08:00,40.47902378283049,141.25643460894523,444.9406478314794,4.752013273285997,84.11702841675054,3.8516817400539,56.451149227493396,22.6502721504886,11.671092589568918,54.20124258739972,2.324623920160827,72.79912293833233,11.443936264684707,42.78976856258013,41.364571248171465,153.4799639265114,30.483534055081808,98.84631452974169,31.84573602057542,16.610050889939313,15.941943680221506,69.23251904983242,35.696762144550846,26.21132163220426,49.53950312912628,39.9455299610159,8.004248021365102,52.8237633808444,51.09397490699168,53.44288184994927,43.646705708101486,22.422760270771228,10.220000267028809,7.169665211975747,5.5001714806962285,59.21236437642273,90.07830159589179,2.776645034712736,126.74576196915064,445.718346304896,3.494355378919241,2.634028434753418,21.686090982616104,65.99235602129569,5.763658494312206,38.14284182968218,13.801697283975091,26.149999618530273,6.433454223478006,41.99252422746586,11.548962748382966,9.58191234157939,6.164293335054916,198.93615144123964,7.842483055769578,24.850000381469727,22.35634819628024,26.450000762939453,13.625089195700696,158.754787101332,107.30000305175781,156.38421201707484,41.115528667373894,73.65134592520361,235.40448707184424,196.8000030517578,24.65551582661183,31.68635048549926,249.99739457941726,40.990007259397814,179.5,137.36286462372544,25356.740234375
2021-07-29 00:00:00+08:00,39.061115222599085,138.67132516506595,463.4169894205983,4.701189932005349,88.20637791253473,3.783510293798353,58.63917918109437,22.207019644540562,11.76170649987438,56.581700408137195,2.2993564890098406,72.25786157919481,11.2997613369642,42.78976524054105,40.582469858403165,151.67989274742868,30.22555923461914,97.20319605246358,31.422255471201275,16.91108519922473,15.428257296461434,68.50613963938163,35.25497209817447,24.775084571694308,48.00409661382561,41.82585149022608,7.531183594411251,65.40542138123963,50.7848483878638,54.432566324869796,43.09069444811022,23.72472860990078,11.100000381469727,6.950099348668473,5.473385283558075,62.12444605743005,100.33338899207844,2.7460483894176857,130.55766317978805,474.3787216558689,3.4692160858685592,2.6500414236629743,25.574035249444204,68.98337106103793,5.7124582838649225,38.34129158294201,14.16389631265589,26.0,6.84120904335096,40.75484459782731,11.5176212248859,9.526203733391931,6.336586878572366,216.84039121685606,8.146327314461182,25.75,22.405055432000797,27.350000381469727,14.550031459616386,170.30058946280644,126.5,165.31501657527824,40.774517725545365,84.76945591209592,218.68821808264968,230.60000610351562,27.164491126352665,31.934678281985033,270.69781499753554,40.31168396824584,191.8000030517578,154.28439229041203,26221.359375
2021-07-30 00:00:00+08:00,39.015372858310016,137.28644024530018,465.30235393357754,4.548718385621443,89.8706410732026,3.6727318185420095,58.989259372107405,21.98539269523026,11.652969567486325,55.84925051187502,2.2740888595581055,71.71660403650161,11.22767105319059,42.062341615737836,40.799720764160156,153.85891256183672,30.05357667402299,96.42488703629495,31.337563351409926,17.495445061345706,14.967713028354563,67.6435810918351,34.45974584119073,25.13414617685171,47.68798102631623,40.862759771833325,7.370341512330088,61.1315059161749,50.29908283953173,50.96867540032063,42.62735741874964,24.1104956798371,13.0,7.118997351052745,5.54481618927402,60.08598895373608,98.04677160021285,2.7078025953271734,129.5094045284954,481.8897024566767,3.4859755684253124,2.5939979553222656,24.623647360966125,68.5086107181977,5.690515994671847,38.22222456997008,14.297337365826891,26.399999618530273,6.451577444911816,40.533834555913764,11.611643309605503,9.711898660926424,6.279156345146209,224.79783457991468,8.244871711054152,25.5,21.18738730602397,26.5,14.69233027567085,164.816344612346,124.0,161.41966219265873,40.72580284546883,83.26437721644852,227.73468882092175,219.0,26.3442501007266,29.997737113918603,274.67865377102265,39.58491292910621,190.39999389648438,155.5783681648879,26042.83984375
2021-08-02 00:00:00+08:00,39.33554445298691,136.73252011054197,481.23345752660776,4.591071602625886,89.20494024822021,3.6727317431579527,59.952003003913404,22.295670635085795,11.743584583792224,54.20124249320214,2.26566614922528,72.34806756931462,11.317781904757034,42.61861141849468,40.799724597046236,154.71159206446708,29.924592801147643,96.42488668523242,31.168170670133176,17.885022884308587,14.471741788738067,67.77976985366938,32.02989315698155,23.697905871737323,47.82346074433485,40.220693493878656,7.181116193217675,60.555242155902334,50.12243490789407,52.15629631531962,42.673687059744545,25.557124271571077,12.0,7.017658622470931,5.7591085400206286,56.54295482915187,98.1160642326524,2.692504176610435,133.41660241913377,470.42554481907894,3.5194945649925438,2.5939980524584025,25.228439008205267,69.12580141621943,5.632001251143782,38.103153150908796,14.983609257908176,27.299999237060547,6.496883246920298,40.66644351356908,11.517621845026717,9.581911171262288,6.336586852618784,246.68081333242245,8.441960383821145,25.649999618530273,21.138681411743164,26.450000762939453,14.550031367620294,163.37311920362362,118.9000015258789,165.31502749628442,41.06681322596008,81.07959923744201,228.91465696256978,217.0,26.97149425722205,29.00443455927566,277.8633498599263,39.24575492195073,189.0,160.1571513626718,26054.810546875
2021-08-03 00:00:00+08:00,38.87815848474895,137.56346261060196,491.6028452692805,4.616482940160136,88.44412866315747,3.7238602112228425,60.34583533170293,22.207020206647407,11.961057912890803,56.30702950702747,2.29935622215271,70.90472156299995,11.49800214636676,42.61860883540975,40.973525880723486,161.0592101573329,30.010588494789133,97.5491180479355,31.252866956492213,18.59333985658328,15.038566895441189,68.77853902409815,33.17854403903451,24.640436316920923,48.2750549239634,38.982431786991754,7.446031850036702,61.03545808576236,50.343241342167914,50.968674430847166,42.85902404785156,26.23221969685652,12.0,6.9500993826067585,5.919827724468515,57.02830310876322,108.99474817217995,2.723100785967571,135.79904174804688,463.30986271258615,3.6200519294606273,2.5939977064598345,27.042813001498274,67.51159085547822,5.69051584427523,38.89696471604885,16.20365002097651,27.25,6.868392485400535,41.99252161749303,11.846696655179276,9.507633501630373,6.355731242787672,270.5531642133205,8.55692861404254,25.75,20.89515026355224,26.049999237060547,14.301008652100105,161.64123602510483,119.80000305175781,164.17493098104327,42.333402762365296,79.23467451555727,229.307970536037,218.60000610351562,26.53725021763852,29.749410923419106,284.43173994332386,39.14885139428345,195.5,156.27515362850673,26289.060546875
2021-08-04 00:00:00+08:00,39.33555225233333,137.65577797880428,488.3034973144531,4.667306962776072,88.25393512604536,3.681253485238558,60.65217244965607,22.56162552559211,11.924811301399153,55.94080625688405,2.2993563902160647,70.81449890136719,11.624154134996807,42.78976893661046,41.10387019699433,163.04875649577332,30.268557594495235,96.85727088798403,31.464610133814663,19.124575963729843,14.94999888622945,68.05216231769239,32.42750794143294,24.460909084374418,48.59116325789578,37.3772760948039,7.502799663025523,59.306678835028926,49.85747327673026,47.801689045663416,42.581020315963386,25.894672872763753,12.180000305175781,6.992324321690547,5.89304088511193,58.33873699751719,114.88447958217338,2.7383991518305777,137.80029884291645,429.90569146166507,3.645190319836628,2.634028434753418,26.178825728704307,67.1317882047994,5.70514450424922,39.532012939453125,17.09961807405575,25.5,6.72341315438832,41.19687099142418,11.689994182600277,9.804747362724441,6.566312759876133,257.6223118076379,8.326992911875603,25.75,21.138682058665584,25.799999237060547,13.867644309997559,177.9977930539037,129.89999389648438,169.11535479862937,43.84357125863339,89.81871886030045,225.1780843069295,208.8000030517578,27.839986824274977,28.85543804867819,270.69781865319345,39.43955872712253,191.3000030517578,144.33054191013252,26161.830078125
2021-08-05 00:00:00+08:00,39.152591441775314,137.00950525066426,490.66018194439766,4.658836501675499,87.58821741070943,3.698296314499468,59.51439354983329,22.339995793235346,11.816075721346309,55.254136272519006,2.2909337768125306,70.7242925106296,11.768330984613705,43.21766624820593,41.36457061767578,163.14350436614774,30.268556778434885,96.51136122904101,31.252865836171768,18.991766490510663,14.64887605855236,67.28039207054253,31.632277010658136,23.922320921042434,47.86861724853516,36.505902573835904,7.531183213566152,59.16261300682674,49.63667271039125,46.267681062598506,42.25668339105105,27.341302300309774,12.479999542236328,7.0092136021770735,5.696606504332282,57.41657475410933,114.74590803949553,2.746048242985423,142.08867575567274,447.29962363774655,3.6368114314333244,2.569979429244995,25.487634973589774,65.51758323060243,5.653944537318135,39.29387489999438,17.156803934453976,27.049999237060547,6.814025630110712,40.93165797392449,11.75267505645752,9.767607988772836,6.623743945808913,277.1180554387562,8.343416313428763,26.850000381469727,20.79773587193787,25.0,14.066268833380079,175.01511445106337,132.60000610351562,176.6210457929165,43.16155950770875,88.99335429273832,247.59754844038645,213.60000610351562,27.646988883658018,27.365483418683663,276.0719566933678,40.79620047253931,194.89999389648438,137.86059925527834,26390.009765625
2021-08-06 00:00:00+08:00,39.47277059491912,137.10184629277887,495.3734820170488,4.608012809856931,87.2078047766899,3.647167792717792,59.64567211407805,22.20701844256239,11.834199057229453,54.704799751303376,2.274088549999672,69.82219696044922,11.678221610614473,42.83256135356557,41.36456702695608,158.21697439016165,30.139570141943164,95.64656902450234,31.422258377075195,18.15063800587554,14.648875404185567,67.77977421248221,31.013769627560762,23.473496890598444,47.236389534353464,34.94660252500498,7.37980305561073,57.24175026967759,50.51988746601853,47.70272132856885,42.16401307328144,27.148418199003668,11.859999656677246,6.9923232347042195,5.750179537450488,57.75632428314726,115.36951593210091,2.7383992671966553,141.99337049881348,439.5909114862317,3.5865330749539304,2.593997905392477,25.18524060979553,62.52656403208453,5.763658673021868,39.09541908751978,16.985236467834277,30.299999237060547,6.6056175371040435,40.88745868750388,11.784015839352904,9.879025678047043,6.604600566678881,280.8978547840828,8.105266746399808,26.25,20.45678937908752,26.0,13.632905748439313,172.51354373257445,128.39999389648438,170.35048782425085,42.04111491403546,85.15785082490333,242.87766356092092,220.39999389648438,26.77849578857422,27.762807041636425,271.6930350030225,41.474518908313335,192.1999969482422,134.37670212572027,26262.970703125
2021-08-09 00:00:00+08:00,40.0673713684082,135.43997513741036,497.2588915101855,4.616483010619304,87.5882111467987,3.6471678386807627,58.33286014862462,22.295670097512406,11.652969960378588,54.750576587217004,2.26566614922528,69.8221936656084,11.534045039785646,42.319073778361485,41.32111751311183,157.45906331794757,30.05358204805744,95.47360649346189,31.422258045111004,18.63760871935718,14.524881800803005,66.37242052629696,30.218544389802904,23.249083318804324,47.28155136194124,35.17591182870209,7.389264275925725,55.89714622446565,50.829011140443875,47.40581855090518,41.60800530405965,25.36424007949364,11.300000190734863,7.026103228703004,5.580531890440833,57.27097291995253,116.2010119756175,2.715451633628287,139.61095157750376,442.5558074085859,3.578153128061484,2.5379547325277034,26.870015669982333,62.906380100925354,5.851430062462716,38.89696674018374,16.432405463230896,28.0,6.659984424195355,39.870794477054325,11.752674937037392,9.637619318842463,6.499308989298057,269.16061054136503,8.343415577628912,26.25,20.11584167871565,25.899999618530273,13.434281609453068,162.79584200060035,123.0,167.21521452692446,42.966697692871094,78.70061839645325,231.07793357750887,212.0,26.82674637650863,27.46481427300944,268.7073785009127,40.214781161553844,187.0,134.47624700096375,25969.23046875
2021-08-10 00:00:00+08:00,40.25032810316266,135.71696604313502,491.13149737294265,4.675777363938583,89.3951279929207,3.7153391378059326,59.776962477253385,22.384321752479423,11.779830124759728,57.359928222185204,2.2825114027086837,69.86731780376881,11.443934326370032,42.14792213905713,41.234222422764304,164.4698686229567,30.311548396519253,96.6843179417519,31.676346385545912,18.54906798666436,15.038565600827296,66.6448108591809,31.013768985355636,24.50578994406692,47.19123310053765,36.36831706220095,7.739332475970382,56.857580045586275,50.652366638183594,47.950142585740984,41.5616686373343,26.473324327726836,11.859999656677246,7.135885583311392,5.696606504332282,60.66840165834114,114.33014532763087,2.7460484200290964,140.08740166981346,472.4021219947373,3.5781527426713238,2.5619731460370865,26.308423723217576,66.46711985270181,5.902629852294922,39.730471130212955,16.775541107713785,27.0,6.750596925086624,39.95919743305694,11.940717881172354,10.027582322322038,6.508881112670799,265.57976989746095,8.129903670689002,26.950000762939453,20.749028495613747,26.0,13.181486056231781,160.005599088267,126.0,165.79007795745252,42.966700286645015,80.88539899177844,235.60116650191642,226.0,26.971496454114273,29.103763473709556,276.868137545442,40.457041462712226,190.0,142.3397917957165,26456.609375
2021-08-11 00:00:00+08:00,40.06737503192576,135.34767560870503,483.590134595788,4.65036569125759,88.6343189773702,3.6642108643554874,60.12703694048722,22.605948700523772,11.743584336913175,57.49725802742686,2.2656660534603876,69.5064664285979,11.227672066702777,41.762813568115234,40.582469707910235,158.50119731283107,29.838603902170227,94.43584337483138,31.168168905041103,18.327721078052356,15.2511260909219,65.55525132477251,31.897351880171342,25.268790910315367,46.965433864439255,36.23072814941406,7.852867142671566,58.6824018720814,50.29907871353169,49.03879395848043,41.23733509842558,26.03933438248744,12.300000190734863,7.000768818938981,5.687677464971926,63.677555718102646,115.85457323561143,2.730750144406916,137.22849710398705,484.45928256028554,3.586532987212707,2.6180162821387896,26.56761933701805,69.22075419979193,5.909944210487579,39.7304728629397,15.936765709709608,26.0,6.832147339024847,39.87079631455016,11.972057831152442,9.8975943323354,6.5375970101489385,265.3807948704866,8.31056817539017,27.649999618530273,20.651617916917537,26.200000762939453,13.632906799787435,163.661750852136,125.5,166.9301616266406,42.38211703873143,84.2839368872716,214.36166162875736,236.0,26.971494905687923,31.18969807869953,278.6595154099136,40.02097512630805,190.60000610351562,142.63837562387369,26491.740234375
2021-08-12 00:00:00+08:00,40.433284577966795,136.45555483752926,482.64747417529486,4.743542671203613,88.87207988571117,3.766467758375345,60.95848951932995,22.384321212768555,11.888566205961833,59.87772034539871,2.2909336799796294,69.86729431152344,11.281737526528369,41.76281207414413,40.71281836614838,164.75407652864615,30.139568884373507,96.07895580680122,31.464607776159287,18.283449616110964,16.455627569870614,66.28162250112365,34.32720185586629,26.88455972658364,46.55900573709955,35.77211642763313,7.9569414052409435,62.28402165113553,51.09397100342141,48.494469192427424,41.46900174882677,27.003755232916642,12.760000228881836,6.983879708517213,5.7144644527090245,61.250817331645706,115.1616504996897,2.807241708995039,143.32752167030165,476.9482650611882,3.5697735040771263,2.6660530844453545,26.567620898197728,66.32468089806198,5.997715897284553,40.12737846296328,15.11705144553253,25.5,7.629534193955857,40.843254166751414,12.066079463774782,10.250417048589073,6.499309679394305,268.76276764138305,9.033225464205575,26.899999618530273,20.651615461632193,26.0,13.723189447950915,162.7958265585162,125.9000015258789,162.84477869240513,42.869266461868406,84.38104453155664,217.50824009945305,233.0,26.15125360029001,32.77898358923244,276.6690864902599,40.31168613411405,190.0,143.63379955436557,26623.76953125
2021-08-13 00:00:00+08:00,40.433284759521484,136.5416828156607,466.62208145963933,4.7520134771376545,86.16169821530545,3.723860502243042,58.24534121594376,22.384321049756217,11.707339035963807,59.465715505005505,2.282511304638671,69.73199156293694,11.443935834790098,42.319081041410975,41.19077678739423,163.90141900590132,30.311550781027314,95.12768395908031,31.37990918731842,18.194907832578703,16.331634245726754,65.9184416908992,33.88541816838412,26.390851058101646,46.33321109285633,36.414180755615234,8.032631424887372,59.54678867252438,50.78484701113845,48.741885613422006,41.793338853973964,27.53418464937049,11.880000114440918,6.916320280068109,5.70553522846332,58.53287814375863,119.80413917291244,2.7842943363125725,154.38204675576338,465.68180098862183,3.603292676561087,2.6820655849681674,27.142713445646656,66.70449683763202,5.961144519219902,40.48459406690589,15.13611501406709,25.350000381469727,7.276146550190047,40.18021426119189,12.097419738769531,10.083290834161035,6.288727807167864,271.14997677573655,9.39455482739272,26.049999237060547,20.456789016723633,25.799999237060547,13.81347430840562,161.64123761254962,121.80000305175781,164.3649410715373,41.894965497007995,87.39118707179043,217.50824009945305,232.0,24.703765869140625,31.28902899157722,272.29015348533534,38.664334256375845,185.5,140.3490078348509,26296.189453125
2021-08-16 00:00:00+08:00,40.43328448749647,137.00677662969835,468.3188466712679,4.7774248123168945,89.20494207488174,3.749424934387207,58.72670301227374,22.33999856243651,11.81607577730871,61.15950913613712,2.2993563193416144,70.18303731292009,11.443934814153206,42.66139692132721,41.10386662890516,168.92267203795078,30.827487785889875,94.34936576458266,31.464610324037494,18.327718672115733,16.544195607078922,66.46322144648636,32.869298774863736,26.301085841297066,46.96543502807617,35.86383771749855,8.070475888401642,59.11459539370465,50.96149081486751,48.494467486129324,42.164009038362124,27.10019655541225,12.199999809265137,7.051438316327399,5.893041018565032,59.30942696487817,121.25924877789652,2.7766450989302727,159.14693806067618,458.1707537557605,3.6451911045109107,2.7060843930191285,26.5248306500174,67.8914047551019,5.983087885740201,41.23871818677122,15.26955684411753,24.450000762939453,7.194595997340686,40.843254166751414,12.17577142936445,10.176138741368083,6.336587598911271,268.76274368188257,9.657340467725254,25.399999618530273,20.456788369801213,25.049999237060547,13.723188519271641,161.5450428841426,122.19999694824219,168.35532408367527,42.1385421864794,85.6433580549572,218.2949010989568,231.0,25.282761704188978,31.28902955952758,269.70261026008825,38.76123618097115,183.89999389648438,140.84670828527672,26365.189453125
2021-08-17 00:00:00+08:00,40.11310958862305,137.47182299572754,457.7609710963576,4.811307226283592,91.77266241088874,3.7579457982818703,59.601911192078255,22.51729771175087,11.961057959632432,59.96927622598338,2.282511137806549,70.81449864375543,11.678221610614473,42.704188561446536,41.62527486903387,165.796251996917,31.214444323174078,96.42487514308577,31.930435758945286,18.68187853030979,16.668187965182558,66.59941658288488,34.327206765271455,26.749911149660722,46.92028008797392,36.46003833019594,8.20293469938797,59.450750567712504,51.44726233644114,48.6429212875312,42.39567958661455,25.557123451573798,11.880000114440918,7.118997446838164,6.035903043287301,60.66840635817877,117.4482426478945,2.807242160280498,164.00712948978017,437.6143425628115,3.6787098275381855,2.6740594273796794,25.156661668005498,66.56206927180479,6.063544374325196,41.27841589930034,14.459051785742284,24.0,7.457370432379616,40.79905311993551,12.316804373440931,10.398973248482692,6.336586521353078,249.66486339732225,9.378131069067008,24.899999618530273,21.04127029904042,25.100000381469727,13.759302976149957,163.56554949725117,121.80000305175781,167.21518825954863,42.82055722870884,88.36219787597656,212.98502388869164,217.60000610351562,24.70376654551379,30.74271312915369,258.5562016941831,38.37362390805539,177.89999389648438,132.6846048754842,26137.900390625
2021-08-18 00:00:00+08:00,39.884415038996515,137.19275898705516,448.1457192897171,4.811307768767631,93.19918463291266,3.749424992826335,59.076789415269985,22.339995957654573,11.797953362890798,58.59593269745263,2.307778835296631,70.72428818110393,11.53404532202102,42.36186981201172,40.79971682781869,154.99581447277993,30.65551015550081,95.3006335381331,31.50695518715795,18.416256960987337,16.632761001586914,66.5540146870575,33.35526373458472,26.435735084295207,46.6493266907507,35.817974062323266,8.004247776785457,56.08923575037004,51.49142161562242,46.76252172402293,42.25668339105105,24.592706080845424,11.720000267028809,6.9923232347042195,5.928756682127961,58.87262183426492,119.31910157145097,2.753697337334989,163.62591065466907,424.9642709272432,3.678709724229877,2.5699794787124715,24.980123386503344,65.80244365138324,5.9026302702555125,40.52428847605084,14.979578010203067,23.600000381469727,7.40300403792792,39.60558369103932,12.160101831604486,10.62180853983773,6.2217248484270495,252.4499786499822,9.016801521826693,24.5,20.164549916831934,23.600000381469727,13.90375708847256,155.86833367148768,115.0,172.2506754973545,41.894965613542254,86.46872335820902,217.9015913996148,219.0,24.02827237155,29.7494123407609,249.59930045841213,38.22827148033571,170.0,131.29103982154612,25800.029296875
2021-08-19 00:00:00+08:00,39.743223484473134,135.5185691731305,453.2361399279045,4.802836894989014,92.72367974169597,3.7068173310104156,60.21456318039276,22.207019482526164,11.870443941513438,62.85330041771492,2.2993563193416144,70.31834335251001,11.588110839144841,42.36187553234023,41.49492675700086,156.32216940231206,30.78449345153288,96.51136622472005,31.59164833713097,18.681878689019566,16.15450299837784,66.73561317568151,32.25079060645509,25.672732551015642,46.78479805043389,35.63452668544431,8.032631792620364,55.32088482662623,51.13813834241389,47.30684539317853,41.88600927659446,26.23221827488991,11.9399995803833,6.975434713904153,5.151946921867726,63.09514116571543,123.89232202924225,2.7460482652376856,153.04788673610392,442.7534668098162,3.7289881706237793,2.5539669854637115,24.759449974461287,65.13777104728541,5.961144273084963,41.00057968470407,15.114527837632325,23.600000381469727,7.421125491890009,38.102683853663976,12.003399044714584,10.027582539122609,6.709890748218144,256.62761597595255,8.95110585129061,24.549999237060547,20.60290722950464,23.850000381469727,13.759303836753809,158.7547797657147,113.0999984741211,174.15082354083907,42.52826494702283,93.31436050932801,214.55832582594675,217.39999389648438,24.993260384933116,28.557447717900864,252.18685145552092,38.809687190116286,168.60000610351562,132.0873417482405,25787.83984375
2021-08-20 00:00:00+08:00,38.95576477050781,133.93736405167317,443.05529176240196,4.8536603095798,93.34183944332801,3.732381825733463,56.66995111204938,22.162693512868117,11.72546119961733,60.5186146791057,2.2825114027086837,70.67919684776001,11.552066380190091,42.832562385334995,41.36457113013689,154.52211761223066,30.526528509605395,97.63559039930588,31.379906605574828,18.106372303904337,16.207642647542944,66.7356067348171,32.604220926606494,25.089264018190477,46.965437726850865,35.451080709933976,7.9758641638315675,54.168374747802275,50.78485144392509,46.317164065431335,41.83967584310114,25.701788291800625,11.479999542236328,7.042993177348196,4.9733695229212875,60.765472734820186,121.25926427934007,2.6772058849444473,157.24100615362218,416.26735598090096,3.938482241809449,2.457893227997559,25.3331998933127,62.66899504035038,5.814858640339604,40.96088408802064,14.651838418144159,23.549999237060547,7.221779747986775,36.29037748919068,11.846696490542978,10.436113679521922,6.403590523740487,255.8318858519719,8.704744954020615,23.799999237060547,19.580069699241285,23.5,12.82034756094395,160.58286952024892,111.69999694824219,177.95119289430988,42.38211876682981,91.27523845707636,212.19837919597862,200.0,24.945012831814324,28.309122158640026,244.8222923707949,37.88910653313657,158.10000610351562,122.13349988439005,25241.3203125
2021-08-23 00:00:00+08:00,39.326330281695775,134.3094050669182,456.629754871721,4.828248503880567,90.91674920926162,3.73238205909729,56.62618968968372,22.162696835855982,11.779829372383652,61.38839790913741,2.2993563902160647,71.26556237679202,11.82239576982677,42.78976927608817,40.7997207173429,153.0062514940114,30.612515221356492,98.93278681155655,31.506953519616218,17.601692074112695,16.27849240087462,67.4619912866291,32.20660836174461,24.954613577077218,46.784800362141354,35.72625288405556,7.710947541328851,53.30398036782625,51.005649619927446,43.743989583615964,42.534690724355535,25.364238765202003,10.279999732971191,6.983880097356288,5.28587925223151,59.50356913187486,130.26709105481018,2.654258641020901,156.2880098212444,434.84716095764696,3.7457480642036622,2.4418805781053785,25.200794620417152,60.05778396723371,5.778286980531574,40.48459418980873,15.114527983654735,23.149999618530273,7.412064925977011,36.33458129252045,11.752674936085599,9.749038476415699,6.030287280203437,252.05208506346617,8.704745174068535,24.0,19.482656047402102,22.549999237060547,12.459211773221453,157.3115610933725,106.30000305175781,178.8062551585143,41.89496614125745,88.94480509715547,214.75497879405663,200.0,23.15978134932698,27.464814659199977,246.01653282946202,37.79220527644688,155.89999389648438,125.71689278389462,25169.44921875
2021-08-24 00:00:00+08:00,39.23368898758241,133.37927793892962,466.378111413935,4.836719101081837,91.0594089429753,3.7579458565994357,55.48842185107628,21.85241645130954,11.68921516240218,62.075074849464855,2.2993564890098406,71.40086804147293,11.840418044439193,43.26046011798489,41.103874428230874,143.05848291628325,30.99947406989807,97.80854978719519,31.3799080624439,17.371489739478545,15.76480755230078,66.69020995296242,31.985714856956527,24.14673163316544,46.152571873106574,35.68038911426998,7.796099115128579,55.6570409681267,50.56404137926884,44.486250772643764,42.34935010148463,25.12313407433293,10.9399995803833,7.110551611785566,5.526958788495666,60.91107876598835,128.74268822832357,2.761346751748162,160.48111769087714,441.56751702590134,3.6787098275381855,2.5379547210965265,26.8779069414834,62.62151298936567,5.792915719569441,40.5639708409461,15.307315677362642,24.0,7.366759126314972,37.66066243509715,12.222782743742414,10.009012813592562,6.145149846397168,266.5744316959726,9.049650526280752,24.850000381469727,19.054038020849347,22.450000762939453,13.271768452613903,164.81634419051673,122.0,174.625872174674,42.625694274902344,93.02307144761104,219.47488403320312,200.39999389648438,21.80879540964829,26.62050777046932,254.9734687220771,38.76123875747492,156.8000030517578,132.08732685085798,25428.6796875
2021-08-25 00:00:00+08:00,38.44623901730492,132.6351694422512,471.1370632070631,4.752013206481934,90.9167620318059,3.6897746937115277,55.138333358163905,21.630790550384578,11.779829581773388,62.6244069242472,2.2825114027086837,70.09282023273053,11.317783438585282,42.44745064869815,40.58246959214441,131.40537984024516,30.39753622510986,96.16543842187893,31.12582182017177,17.24753189086914,15.782522201538086,65.60065536448785,31.897349744490423,24.3262614436609,45.520348344136075,35.1487222344436,7.947479526406584,59.066573215033785,50.254923541123134,47.40581616472107,41.281848993932755,24.64092502690619,11.800000190734863,7.05143828313376,5.572863256906169,61.49349387766272,126.52537604237754,2.6848550766379624,160.0046070368898,485.8428745351643,3.678710008893527,2.521942439802121,27.275117364572566,63.85591001258304,5.763658749622457,40.269731328479395,15.712167927743394,24.399999618530273,7.321452528688027,38.19109493651971,12.285463328471604,9.693328782571331,6.221724923354893,265.9776214048524,8.934681625093237,25.700000762939453,18.995589908444366,24.149999618530273,13.235655527247308,159.7169595078615,126.5,163.3198373239904,41.992396117669024,93.99408319901562,220.65484619140625,231.8000030517578,22.00179067989576,28.557447189646407,293.58771136017884,38.56742787998414,170.8000030517578,143.733305722158,25930.05078125
2021-08-26 00:00:00+08:00,39.04840850830078,131.1470017937723,464.09381802536177,4.709660122748573,90.15595370837595,3.6727318185420095,55.575940039850046,21.54213973052493,11.924812214514102,62.71596367660939,2.2825114027086837,70.27324676513672,11.281739835867326,42.31908000742384,40.71282223758804,128.84736075876384,30.354547411244436,95.73303906183664,31.16816778775683,17.088163714297753,15.623102917785127,65.10126288814284,32.383323780397674,25.134145736440143,45.88161849584882,35.00868852234657,7.92855794662013,58.25020841441658,50.47572189678774,48.49446834014538,41.00228881828027,24.39982007202247,11.579999923706055,7.186555452750414,5.509842660887417,60.66840636622063,125.27813232658441,2.715451984596133,157.14570089103702,469.0419464222404,3.6200519534838693,2.5299485984000185,28.15780425714323,63.33366174018554,5.705144151424333,39.859659387957,16.618269188119967,24.350000381469727,7.348636590797196,38.63311837220163,12.677219166780366,9.563341553650147,6.116434258496916,264.1872076602487,9.246738545239271,26.0,19.17093462393542,24.350000381469727,12.982860825312088,153.94406712842977,120.9000015258789,159.6145076655661,44.184574127197266,92.53755429471474,220.6548400396906,227.0,21.278048053059408,27.762806232610593,296.57331457006484,40.21478487829206,164.3000030517578,139.5526979295194,25673.779296875
2021-08-27 00:00:00+08:00,39.09473050270892,131.14698806219002,458.57338609861955,4.73507199681364,88.72943727456747,3.66421066195966,54.8320125449993,21.320512072438508,11.743583887256214,59.69460827001455,2.2656663164075272,70.27325009652759,11.371847332229388,42.19070704971673,41.234222422764304,128.37365059074676,30.26855576902623,95.38711547851562,31.125820378999453,16.999622992712837,15.552251297464482,64.73808700111988,31.455562463991015,24.685321130525807,45.52034797364665,34.868647693879645,7.8434057928682455,57.62592697143555,50.51988408373761,48.69240537677543,40.955696019220035,24.014053021602123,11.600000381469727,7.178110409939005,5.5368515264103,61.63909543298722,124.37735423989777,2.6466092840212028,156.9551065029472,463.50754573956215,3.569773591408344,2.49792358795899,28.687420244896447,60.91236686658769,5.661258220672607,39.12152043003867,16.502595998758398,24.149999618530273,7.1311668219737605,38.27949797132544,12.50484628989196,9.266228716073588,5.992000253011861,251.25635264002554,9.427403543454473,24.450000762939453,18.703350285721136,24.649999618530273,12.964803284049756,149.0370734309518,116.0,150.9687040316128,45.353739392567206,92.63466008546236,214.1650053431465,226.8000030517578,20.892048638297158,27.713140452703815,297.5685388988,39.003493907102225,160.6999969482422,141.04579714539443,25337.55078125
2021-08-30 00:00:00+08:00,38.67784520994023,131.05395347112562,462.3805592252764,4.752013615277559,90.91675893087987,3.67273187043263,56.45114772883066,21.054560406809536,11.852321171218696,60.9306184520685,2.2740888595581055,70.04772364160337,11.353827558961719,41.72002029418945,40.66936889471167,140.4057266254319,30.096573879368712,94.95472692793625,31.337564273756378,16.911084666481017,15.711672860628546,64.69268781619044,31.764817385803493,25.717614720805578,45.52034457523876,35.33543151652817,7.824484127292047,57.769992363724796,49.680830020446514,48.09859272267899,41.14207059683058,25.55712452512159,11.239999771118164,7.262559346852622,5.734917631978596,61.347891316535815,131.09857759263744,2.7613464389264624,163.43534154862496,458.763762958866,3.561393587024979,2.5539672566097327,28.42261563152504,62.24170791744432,5.70514440536499,38.916474279196805,16.830335011903237,24.450000762939453,7.330514461288401,38.01428305746699,12.536187633742932,8.885551677579304,5.9728556022539525,253.64360102760418,9.60806742157296,24.850000381469727,18.703351765488062,24.200000762939453,13.39816749535993,147.78628097635337,116.0,152.29882636940857,44.964019124108646,96.13030599364171,214.95165451279453,229.0,18.392726196926574,28.011132563601663,296.5733565787831,38.47053022500857,155.89999389648438,145.82362932678157,25406.490234375
2021-08-31 00:00:00+08:00,38.214630026369726,131.05396497898406,465.99736289243344,4.726601326822549,89.30004181838439,3.698296308517456,53.51919021906042,21.010232373139498,11.76170619338806,58.32126716969799,2.282511137806549,70.04772364160337,11.335803636443897,41.67723567904195,40.79971677685962,140.50048263593268,30.13957185835989,95.12768133021002,30.998777389526367,16.80483543202139,15.658530083794417,65.19207214624211,30.527796792173543,25.40343730602766,46.06225548223529,35.335433541533156,7.966402914842932,57.52988382732154,49.90163663620466,50.07795944113659,41.09547450381146,25.84644999050203,11.9399995803833,7.752359752331626,5.617877906730428,60.48936581611633,137.54263615935204,2.830189204226235,164.2479743404665,457.38012548318756,3.54463395716274,2.626022294610803,28.64328779216317,62.09928071757313,5.712458434805397,38.58841540522062,18.25696166595979,24.25,7.511737978262387,38.98674304280239,12.786910909344405,9.164094924926758,6.1547210859239465,260.60635439946117,9.148195374428266,24.850000381469727,18.528007854590438,25.149999618530273,13.235655743872305,151.73108238326967,119.80000305175781,155.8141544336947,45.69474596804366,97.97522522368175,219.27821359541255,236.1999969482422,20.4578089278657,29.302423716586052,296.9714054284616,38.61587870688454,158.5,138.35824514661198,25524.23046875
2021-09-01 00:00:00+08:00,38.12199140978197,129.4727805525097,464.66488859171545,4.760483674956104,88.39657467997812,3.6727319727922114,53.34415455113881,20.832931040368955,11.743584049813894,59.00793765668572,2.2993562928645326,70.36346356737204,11.299758911132812,41.8056014862698,41.060421188071395,142.96373254163632,30.268555612234604,94.78176378874433,30.87173495035304,16.716295982939922,15.835664143908172,64.64728059764445,29.60003598026861,25.53808491323382,45.74614371876327,35.988927776590984,8.061016040329934,58.0101003202078,49.90163525363855,50.27589502364845,41.93415910750494,26.810871455332872,12.65999984741211,8.174602213184528,6.077032396459473,61.85525307091974,138.85916631076532,2.8760841504275354,165.20568668141084,479.3201518930615,3.5278742975247845,2.730102714884792,29.12876311776742,61.86189775933706,5.690515744743634,38.67043244020351,18.661815000120804,23.899999618530273,7.810757700201353,39.03094539010365,13.507741867194538,9.061962526608585,6.260012622766467,261.60103169412434,9.525947045369655,24.950000762939453,18.859210587829573,25.5,14.2287811631955,155.29103989447825,121.0,161.13466336635994,45.646027913696436,101.9563816913672,239.53440107828627,249.0,20.50605427911931,31.487691477124248,305.5302505744096,39.48801331693045,163.5,150.30286388644384,25871.8203125
2021-09-02 00:00:00+08:00,38.26095380337281,130.4029069387949,476.8478341734546,4.819777894580561,87.89675393666231,3.7664678170801054,52.99406557553637,20.92158470591855,12.10604039739431,59.78616823630073,2.3162014757934584,70.57152949291049,11.336153030395508,41.91520399941841,40.79972445862423,145.80593906531067,30.440534432344606,95.99246825913696,30.871735153140868,16.69859042415554,15.81795111274385,64.9196756077145,31.146306447071314,26.301084362510192,45.92677611859466,36.268999908249576,8.221856465281183,58.58635562008846,50.3432410873858,50.96867370605469,40.95569601937861,27.196639186597864,13.0,8.064818336098291,6.02301440611882,64.19678209538776,126.53357144625632,2.8760842109322304,163.48179636700297,493.1561815200314,3.591111183166504,2.7301028271233614,28.02540444223331,63.760957160842835,5.8531532593069295,39.44958080716021,17.370141215956334,24.049999237060547,7.683900736587079,38.72152701467447,13.115984939304829,9.238374118752104,6.518453257480848,258.61698811769867,9.296010364401969,25.549999237060547,19.209897113513236,25.549999237060547,15.07745251964838,158.27371259494825,119.19999694824219,161.03963258229757,45.01273268071991,102.83030456202057,231.4712615525586,263.3999938964844,21.229800911934916,33.62328807099958,313.491943359375,39.58491133208682,170.0,150.50193936834236,26203.51953125
2021-09-03 00:00:00+08:00,38.121989912630596,129.7518115458971,471.1370354401331,4.81977810222013,89.71101851210776,3.7409031910003328,52.425180550391566,20.78860817244394,12.14228549546663,60.38127761810247,2.3077787643257905,70.48058659075063,11.317956924438477,41.91520625344284,40.83435497435484,146.75334154381142,30.437477311900007,94.43584387631472,30.998777185904032,16.663171120301087,15.729385492390882,65.23746505835193,32.78093394782564,26.66014684189601,45.20422703161808,36.45571560668465,8.193473668672441,58.87448789914521,50.34323770512356,50.37486980329264,40.86250686645508,27.051974737929886,13.5600004196167,8.275938948479356,5.671896966678595,63.416272520793505,130.09353391935866,2.921979306023628,164.7268273036692,490.7842945947491,3.59111100159954,2.7781397538043997,27.67232674558389,61.861898742754704,5.891160863186746,39.449580238694736,17.736436158454673,24.049999237060547,7.62953398322567,38.89833615182668,13.257017479822613,9.173381572757858,6.384446796859336,261.6010284208149,9.394554455679929,25.350000381469727,19.093002224288938,25.75,14.445462831414584,152.98189864244335,113.19999694824219,162.17974609304798,44.18457616963315,96.71291213520144,234.02787370761462,249.39999389648438,20.79555410274865,31.58701870615123,313.69099026527823,39.29420381712361,168.39999389648438,147.81438942391546,26022.669921875
2021-09-06 00:00:00+08:00,38.39991579293079,130.40287901403883,462.57089748152765,4.80283722914839,88.80387925727042,3.7409032360398515,52.51270058714313,20.74428230719167,12.196655022608159,59.87772280369686,2.2993564327509666,69.88945477440994,11.3179551238208,41.828237423337505,40.39337309260513,146.75334201146634,30.21944592681102,93.65752912079301,30.575295163744023,16.539217269677064,16.154500983354016,64.46569686430259,32.074065689540056,27.198732425992414,44.66955542104552,37.06253095787075,8.231318418125825,59.690857359284216,50.38740403620158,50.47383237627065,40.86250704016736,26.183997042339943,13.220000267028809,8.478614926094515,5.428815438795676,61.85526712726439,131.79613555594437,3.006119665601181,164.82259889822893,483.6686232996459,3.5911111257152957,2.810164388749161,27.230984907622652,61.90936479613039,5.860755019325351,39.81865118562912,17.562926860662373,23.950000762939453,7.439248586868701,38.986742198529114,13.554751832568757,9.377645999328523,6.518453259494653,255.63293520991576,9.066073244393484,25.350000381469727,18.937142716434355,25.600000381469727,14.319065273570855,156.35699716051593,115.30000305175781,163.41486874222164,45.207596470989635,96.42161020617597,231.07793778241617,239.0,20.747306490066133,31.388359641837514,307.32163223191606,39.53646279331246,164.5,144.52962437795463,25827.169921875
2021-09-07 00:00:00+08:00,38.26095614581164,130.1238515325571,473.99244353216636,4.811307499068537,90.5226749362257,3.800553321838379,52.95030738674865,20.832932763350637,12.232900369418497,59.374161551462606,2.324623893972601,69.84398804292037,11.35434875344683,41.30647459842789,39.73190648646863,146.37440166216612,30.175833660957725,93.65752650436836,30.74469020121675,16.39755532519038,15.853375209037232,64.05711364746094,31.499743665440725,26.570382266936456,44.07760437090252,36.8291421501495,8.070476619083417,59.93096345034423,50.07388115377982,50.3253774071851,40.72272864239191,26.85909158050535,13.039999961853027,8.250604081041345,5.527848168406202,63.02601845235663,130.32570132242316,2.990821515787297,167.5999527486759,504.02739264916494,3.6084591782021063,2.8101645005125784,27.319249718738916,63.760958929813064,5.929168652707161,40.14671442030053,17.466533099246185,24.0,7.493616278218286,38.98674078908248,14.05619972287987,9.284798509440988,6.595028389946259,273.5371987656834,8.934682329265772,24.950000762939453,19.28783031313746,25.799999237060547,14.355177242623384,151.528197130988,121.0,166.64514254765118,45.59731608727457,98.16942465043829,231.07794129510904,251.0,20.98855440564011,30.196396639474,316.4775962608947,39.24575424194336,168.39999389648438,147.4162423748108,26207.220703125
2021-09-08 00:00:00+08:00,37.5198231753464,127.89159250632235,478.27546498861653,4.785895687757898,91.42980739507165,3.7749888316938014,53.081584692289326,20.965909287973396,12.251022994248274,62.715961955278736,2.333046604528975,69.3438004772421,11.336153413753093,40.697744979294995,38.93815231323242,148.17445361025517,29.69616555552152,93.3980873501136,30.363554130194665,16.379846209139192,15.80023587573011,63.73931472526664,30.13018601183625,26.57889255059358,43.62225365522136,37.94942066409636,7.796099241596265,58.15416235001572,49.04373574839872,51.16661237000193,40.629539489746094,27.3413017858921,13.0600004196167,8.115486046183472,5.437818326468969,61.70891104787973,130.01614418674927,3.0443660021102796,164.43948898925117,519.8399773407709,3.6431564688917395,2.834182687888528,27.495790508108364,63.523572082598136,5.929168101159985,40.515783433743856,17.06168074989941,23.799999237060547,7.484554425179483,38.45631262313488,14.181561917267066,9.099102979716305,6.489738062238943,271.5478323973742,9.279587305215381,25.0,18.72283331611051,26.5,14.842712644671641,156.55017495531584,119.5999984741211,168.4126479724082,45.59731109399951,104.96652286320955,227.93133966618413,261.6000061035156,21.13329897597019,31.189699100855805,316.4776036925327,38.66433284602264,170.0,148.90932178404182,26396.109375
2021-09-09 00:00:00+08:00,37.70510898282206,129.1007400638666,472.0888439716004,4.836718964419179,89.75876581485245,3.7835104526767243,52.512698909905424,21.23186439825353,12.069794848691636,61.34262199177745,2.324623893972601,69.84399099256386,11.408937352378707,41.219512939453125,38.80586806431145,147.60603573774534,29.608951128834857,94.2628842272081,30.40590622076851,15.990269572932831,15.853376815482306,63.2399423127616,30.571978531234308,26.940510643289947,43.0758368142101,39.209730490961135,7.871789906593779,59.06657224918318,49.22289420406068,53.44288484815141,40.769321618325755,26.569766257995898,12.899999618530273,8.183045653337285,5.131716053273021,61.41621995563999,134.27265183371,3.02355606195063,158.9805472034894,503.0390719731649,3.6084595303850002,2.8240161847444343,26.304158717285354,62.71647508155738,5.906364050616286,39.85965904836372,16.695383617095935,23.200000762939453,7.30333090831078,37.97008657847496,14.05620094154578,8.913406744217925,6.422734052276549,266.5744294556043,9.525947791606884,24.100000381469727,18.722831333418732,27.149999618530273,14.427405544736784,160.99265749048305,122.5999984741211,165.9275650644027,45.64602737355744,99.52885357287778,227.53801029552244,255.39999389648438,20.457807992288984,32.58032121246393,318.4680256387643,38.08291244506836,165.0,139.65224467809614,26076.9296875
2021-09-10 00:00:00+08:00,37.38085346562399,129.00769867295776,471.7081387438479,4.777425146399165,89.90200794770129,3.757945932754457,51.856290388107304,21.276187228173324,11.9791809959369,61.25106749870457,2.32462400712767,69.79851423889848,11.427133457112397,41.21951302477488,38.673570990856014,146.46914255725954,29.78337604081502,94.34936834040712,30.57529462366635,16.258202470918075,15.499110392333098,63.603126525878906,30.925410656666553,26.352882099632943,44.03206993944612,38.69627134290507,7.8339441385750055,57.62592833719136,48.73021470819183,52.89855803947865,40.676135670134414,26.135777852035943,12.739999771118164,8.444835829658832,5.401806511123662,61.367439226062224,120.57449439861607,3.0557218245219686,159.36361922689215,485.4475861034565,3.599785508864914,2.8072562313061318,26.260022095401556,62.47909114552597,5.997582110674292,39.572599455139276,17.04240114594965,22.950000762939453,7.375820570560623,38.414043461036115,14.541977058033469,9.099874347448033,6.403590786067615,261.99887861415516,10.92199193607343,23.600000381469727,18.391626523611208,26.649999618530273,14.878826373765838,156.93646539488748,120.19999694824219,164.68501979166385,46.717760700166664,103.02449683107598,226.75138154274362,252.0,20.602553800145746,30.941372935043347,311.5015074466878,38.32517241806936,163.6999969482422,137.36285796554054,25870.7109375
2021-09-13 00:00:00+08:00,37.51982485009974,130.12384289110676,476.8478314257044,4.828248369571976,90.47492252420683,3.7664674903832007,51.72500887037957,21.586466527969087,11.9791812982466,62.395516117992216,2.366736694017396,69.70756421531303,11.427133841241448,41.26299285888672,38.98225438913117,142.11105543473727,30.00140953063965,95.12768475370002,30.70234207205129,16.16877410463432,15.85337644274605,63.46693261301034,31.853174768534814,27.392532348632812,44.214205524399,38.36952075272831,8.013709821079809,56.80955971317695,49.49162267959121,51.56248271990509,41.00228864543642,25.79822864598598,13.119999885559082,8.31674296783128,5.4018068235396015,61.95281882429811,120.88405460424374,3.087887009148575,159.07632193868005,474.3787080772751,3.6084593511482015,2.8910551207782373,25.86281336570847,62.47909108841194,6.180017618954418,39.81865203025813,17.350860254380418,23.600000381469727,7.339575642285186,38.18674038584477,14.291252877749415,9.174771470890034,6.518509302919747,259.61166340112686,11.332592601373948,23.75,18.605937169095906,26.100000381469727,14.842713495306231,159.73716631327733,118.0999984741211,168.31707144975067,47.1074797510665,101.56797498125185,226.75138094405003,251.1999969482422,19.83056109476673,32.381661286892694,313.49196253548445,37.646847611345635,161.5,136.61403356987088,25885.30078125
2021-09-14 00:00:00+08:00,37.70510139345373,129.84482536236493,483.03445322662446,4.91295473229269,90.57040650904977,3.81759623033976,51.287397248883025,21.852180299619985,12.196654925605285,62.532853627577566,2.4172719054469574,69.84399099256386,11.372545422970722,41.26298827633902,38.717668988435115,142.58475547232794,30.00141470999812,95.04120154140081,30.78703834646232,16.276088224908175,16.13678723903382,62.74055099487305,31.36720575766459,27.482935940965575,44.851694995826435,36.689105536337834,8.003621765422588,56.18527861827932,49.71557410287191,49.48415084879156,41.095474679897954,25.846448371250275,12.600000381469727,8.548239955193933,5.284766964941317,58.489313871864795,122.27708302815755,3.184383528539966,161.2790377907797,470.8208774673633,3.582437035237461,3.041892956744116,25.465603921340737,62.574040269212986,6.347250663978805,39.9416725341753,17.119518067322623,23.200000762939453,7.248962850081347,37.95943825218912,14.792700623423269,9.15604606790515,6.460908829889691,256.62760989112996,11.496833708390515,23.5,18.079903209169995,25.200000762939453,14.463520630706729,157.8056402220801,116.30000305175781,164.11152427634875,47.49720242097534,97.58682231968452,227.14468579587685,247.8000030517578,21.036799648963584,32.331996707583365,316.4775924978919,37.25923782089698,160.39999389648438,135.71788424072898,25827.69921875
2021-09-15 00:00:00+08:00,37.612457654509036,130.6819295063865,483.03445322662446,4.811306953430176,88.8993752977287,3.749424934387207,49.88706693178924,21.40068848452973,12.015426487903822,61.52573041041967,2.366736650466919,69.88944823969331,11.354348651438434,41.393431689653,38.84996496878163,133.7738914515333,29.565347436167464,93.31161182899493,29.982427932650378,16.025687583251486,15.782524105687806,62.83135289621714,30.571978614407247,26.578893492179567,44.57848701331471,36.7824660045541,7.672168479484172,52.82376485981163,48.6406364440918,43.5460508482074,40.722724985343675,25.508904008146747,11.819999694824219,8.35961257080075,5.17673132117493,56.97708593520757,118.40755235280422,3.1361355451379893,157.06509597385693,452.6363760516836,3.5737627730029375,3.142451196601985,25.2007945047009,59.82040301233515,6.316844799871652,39.736633150661724,16.907450119560185,22.899999618530273,7.41206530805448,37.77759593814862,14.463625504555917,9.081150439458817,6.441708254988216,260.40739042574825,10.790598752316063,23.200000762939453,18.07990340097038,21.25,14.481576944198673,153.55629869162465,117.30000305175781,160.57504992634838,47.253623962402344,97.19841372563288,223.40811918251373,236.1999969482422,20.84380410251488,31.189699753161328,301.54940806243377,36.87162905362604,155.5,130.5401194308206,25310.029296875
2021-09-16 00:00:00+08:00,37.61246171735329,129.19372154618986,485.4139323095085,4.836719101081837,84.793390194694,3.7494245902364303,49.62449948364882,21.31038997044458,11.961056894308816,59.87772044551024,2.375159050149802,69.34380079108807,11.372543391603916,41.61083510638974,38.98225846495298,134.1528608186733,29.608949066844833,90.80369726851713,30.067116071227243,15.989913767457256,15.45600505735653,61.60559763600606,30.483617869290438,25.720050381364523,43.57671843623853,36.409035172001005,7.04825664334192,51.094990191103975,48.371908257171405,39.587321936071135,40.72272864306733,25.94289272582171,11.279999732971191,8.479648623993189,5.149721284938633,55.46484541021107,118.17540132454359,3.2165490051695365,156.77779017264405,441.567497041126,3.55641430099223,3.251389828403769,24.406373681777545,58.49105690074132,6.385257503387943,39.85965323933728,16.92672872406382,22.799999237060547,7.203657162214199,37.8685188293457,14.526307352885143,8.940720304459498,6.163303444421294,259.81060786973535,10.724903193131649,23.200000762939453,18.216284414049003,16.5,14.517689741157366,153.26656789687388,119.5,165.25848001715644,47.74077924716021,100.01435269821275,225.17807903845897,231.0,19.10681832199869,31.140034042654033,293.5876998158766,36.82317264009237,153.60000610351562,130.4405354814368,25042.029296875
2021-09-17 00:00:00+08:00,36.778691694142964,128.82168952431675,468.4720181003441,4.752013409002536,83.69527617715835,3.715339131796354,49.44945897093607,21.220091364856998,11.779829831773762,58.229708835677414,2.3414689786470277,69.70757604505607,11.281563058516191,41.52387837590398,38.8940539017528,131.97382231550094,29.04206252773706,90.80369987989133,29.51659768499264,15.936258196950623,14.928682136508801,60.788419256864564,29.379140455515884,25.539242075200665,41.573194434114406,36.17563968216189,6.492584822503109,47.637428758439995,48.59584821065267,38.69660479658876,40.72272846927384,24.206938280032418,11.239999771118164,8.256726129242349,5.09570355984386,55.903881964772516,120.72927387884936,3.1361352411751473,151.79767035814436,440.5792217874143,3.5130436420440674,3.142451416723997,23.656089534435925,57.68396164154325,6.233228516578833,38.95748651508485,16.232696140837735,22.149999618530273,7.248962907377993,37.277527451735075,14.087539969880325,8.687946599088264,6.0385015813632075,245.487215755024,10.47854194298451,22.799999237060547,18.079903376436366,15.0600004196167,14.228780731190971,147.9548821390456,117.30000305175781,155.79603240937982,47.83820732986205,98.84913668519833,219.08155509727044,230.8000030517578,18.624323946310497,29.99773700916681,295.3790851763752,37.54994583129883,150.60000610351562,129.44479584581532,24589.169921875
2021-09-20 00:00:00+08:00,36.96397467902548,126.68240967029776,465.42630801415334,4.701189654712598,82.93136510189706,3.655689031159618,45.117158777108074,21.174943749804484,11.50798716415058,56.764809517238454,2.307779032160419,68.75267762985727,11.190584729522438,40.21945783540509,38.45308480232517,132.73173945514515,28.169929223247767,88.12282762837611,28.330850106491358,15.757400034408004,14.546827941717597,59.92585467803425,28.716454201075866,25.403634960926766,40.571427791332084,34.728618345206726,6.785043745318298,46.9171073381249,47.028241999009076,39.5873206454071,40.34998002706219,24.44804248435707,11.880000114440918,8.016655502274023,5.0686949569840865,56.29413873594395,125.99183922262492,3.1039697277199916,151.51035886538185,451.25274685583435,3.513043685671737,3.1592110433821157,22.90580354770193,58.918347425132374,6.149611593575865,38.95748402209992,16.38692288868972,22.649999618530273,7.53892188121618,37.550290789908665,13.648773670490945,9.099874084962742,6.019301135543412,254.24040990447295,9.936549996978362,22.899999618530273,18.50852450877466,15.199999809265137,14.409349401952891,148.82406071413524,121.69999694824219,160.95736026392788,48.71507961036225,100.98536557786586,220.6548393097143,237.0,19.830561308159627,30.643383522182138,299.3599360896195,37.30769089498563,154.1999969482422,124.66528825913319,24640.4296875
2021-09-21 00:00:00+08:00,35.528028146767305,124.35711043748972,454.00483984602863,4.574130535125732,81.16484907983055,3.587517738342285,44.066902890391006,20.76860147993444,11.14553175179123,51.958116792197664,2.257243773256949,68.47985370154414,11.008624076843262,40.13249893609938,37.87981578545195,132.3527729869311,25.24828156653189,83.0637663608479,26.255794981041756,15.167167502765833,14.4740934453017,58.15532287142354,27.30272070038213,24.77080467619375,38.431296471719996,33.32827349855656,6.404847383506767,44.179873562301175,45.774151167179475,39.141960197599246,39.60448455810547,22.663865717338588,11.399999618530273,7.853748079710875,5.041685034261475,56.05022918590559,119.64581813513482,3.0476802400937975,152.8511867339784,440.7768855794271,3.4089535510898923,3.0586526810409156,22.420323278261183,57.73143713090791,5.891160591659531,38.30136148960781,15.712168204975754,22.200000762939453,7.239901319792364,36.64108387756385,13.178666014151492,9.04370147425315,5.971299906951993,237.33082366334042,9.410978666960027,22.5,18.31369617085019,14.979999542236328,13.831531862219055,138.2972428311524,120.5999984741211,158.2811236223737,48.86122623551105,92.73175314393471,206.4951838475905,230.0,19.927061201652208,30.891709745397947,288.4125938155178,36.532468467432125,146.0,125.46188543288385,23867.16015625
2021-09-23 00:00:00+08:00,36.408124569586754,124.17108004511948,465.80705628851314,4.591071671731314,87.84900634473902,3.5960387608854916,46.38621598256188,20.452557199909666,11.453619762701573,54.43012990195326,2.29935622215271,68.61625694849036,11.172388137362613,40.349903361722475,38.10030097937927,132.63700114226907,25.815167709402132,82.19896558231285,26.34049158203212,15.471225361212433,15.383268171521998,59.244883919509775,29.688395337815365,27.980162411975588,40.070552043314756,34.54190449810161,7.262725942695535,49.942466735839844,46.53556515100314,41.51720513964496,40.34997581329378,23.917609052307515,11.779999732971191,7.870897074620517,5.212742813055784,56.68438966346525,123.8249067184579,3.1522183418273926,152.37231597341554,454.81058482339404,3.4696727086555446,3.2765293396616473,23.082340572275296,58.348632687418636,6.1268074908876695,38.99848923348598,16.579710899214927,22.399999618530273,7.466431768348133,37.05022857870354,14.306923320734734,8.828375748401916,6.086502552032471,245.288286671994,9.854427769551904,23.399999618530273,18.722833219931523,15.9399995803833,14.084326911557183,148.92062743892092,123.0,159.6192484497283,48.227928168563025,95.35349150262662,216.13162876130326,238.0,20.023559236526488,31.289030410068104,298.56375872785765,36.77472553652647,148.0,125.16315217303405,24614.140625
2021-09-24 00:00:00+08:00,37.241898016111286,125.5662786437259,459.90594998444965,4.641895227409345,84.41144247943095,3.596038894319465,46.386217671055945,20.678300343456574,11.598601440468562,52.919455658987694,2.2993563193416144,68.75267733954601,11.063211091759861,40.480339872973545,39.07044890773292,118.99433349921239,26.16402004076087,84.49067982894576,26.171097895383244,15.864715486822837,15.61965532237922,59.92585631622666,31.14630521427501,28.02536502554397,39.47858953282504,35.848895919039094,7.350463934930529,51.815312429416494,46.75950762356671,41.71513884492444,40.117008681762236,22.326318489047242,12.020000457763672,7.845175241523384,4.987667873024293,53.80627424695161,120.26493618985558,3.1602597697515016,153.1384871850528,455.99653660894927,3.4783471470517284,3.1927305914415776,22.02311179712075,56.97181209441155,6.202822552105194,39.24453775894986,16.425483755198417,22.100000381469727,7.466432169792395,37.5502885534235,13.852486485088244,8.856461830239084,6.00970127245455,242.5031603238758,9.624492352181793,22.25,18.703350945602406,16.299999237060547,13.903756619324568,140.6150907352375,120.4000015258789,157.1341574007807,48.95865500796458,90.44988129932753,212.59170740069416,242.1999969482422,20.071808135763504,30.0474014415856,294.980991397195,35.95104406461245,146.6999969482422,126.6567406482097,24487.240234375
2021-09-27 00:00:00+08:00,37.05661739712126,124.26409311949048,452.1012268066406,4.574130668238397,82.2629550741823,3.570474863052368,47.52398984546122,20.723454440642463,11.507987022399902,53.377232709858205,2.2909337768125306,68.20701784034821,10.790270320113434,39.8281363601325,38.58537526453134,113.21515074437856,25.117460040268934,82.76108406684398,25.832316101463988,15.650084932854648,15.783308557786512,59.19947968315114,28.05376669407597,27.34732928383309,38.88664751914426,34.5885786483684,7.399207151595611,49.99049000167986,46.132465470995186,38.9440250670959,39.41810623754925,22.27809831472096,11.199999809265137,7.536512553464609,4.978665298470401,55.61119329417925,123.05100143308324,3.120052734355773,152.27652909748042,453.6246635496173,3.4523244775481925,3.2346297954151817,20.301866991488968,58.870872341425816,6.347250885008451,38.834459885042996,15.847120107599196,22.200000762939453,7.5661063502751364,37.50483382224427,13.30402804882531,8.847100869258684,6.096102414004713,242.5031774495971,8.885409095265247,21.899999618530273,18.781281655963262,15.0,13.687075598519517,136.17254398776313,116.69999694824219,150.53911542616504,48.42279116439677,84.04119160215751,204.72521876520477,243.1999969482422,18.91382192638653,29.50108582299905,291.99536516881466,36.48401553836557,142.1999969482422,125.4618805489964,24131.419921875
2021-09-28 00:00:00+08:00,38.21463418312527,123.89205736670318,452.10123665725126,4.582601070404053,82.88362446749153,3.570475075312141,48.58889179052095,20.85889998751982,11.507987725534125,54.43013209723648,2.2825112342834473,67.79778555399182,10.753878491559565,39.74117184684254,38.144397082434416,115.29943474383305,25.204673108980614,81.37741242811133,25.87466116384977,15.310255831125843,15.074149506744455,58.88169111868051,28.3630191836416,26.850106083755662,39.25091981229669,34.5419031610552,7.174988872668294,50.710813465497196,45.46063232421875,38.74609285506611,39.09195718649826,21.265454764532116,10.899999618530273,7.287867724260085,4.870628631372463,56.001447386305735,112.4484896008856,3.1120111039402127,145.28522691853325,461.53095962260574,3.443650245666504,3.259769498319825,20.87561534822628,58.11125056030619,6.522085227916618,38.383373105517364,15.500102457142708,22.100000381469727,7.792635500795398,37.8230557210979,13.335368929541675,8.93135865634177,6.000100810431541,242.70211057027743,8.294143791720765,21.799999237060547,19.015071497605344,14.819999694824219,14.066269726741773,135.2068085252193,123.4000015258789,147.19380426148004,48.37407618606812,83.84698312545355,202.36527735159535,252.0,18.238327227882944,29.50108526169115,296.3742867682189,37.01698047140945,145.39999389648438,129.24564544177997,24323.0
2021-09-29 00:00:00+08:00,37.51981867009943,122.31084713406034,447.5326379184609,4.574130595645459,83.0746041668059,3.6130818425371483,48.767365129558165,20.588001966563667,11.471742025635743,54.75057831191522,2.282511277683625,67.38853717316019,10.717485532624236,39.56725032368706,38.100301964601385,118.71010595307992,25.684347068182852,81.33417262655593,25.917012611652567,15.864713382900172,15.8924108532167,57.973724762901085,30.218547645126325,28.43218231201172,40.16161864776303,35.14872709554187,7.535687784892326,53.97628436854119,45.371053054345325,38.49866796765792,38.579432664129904,21.217235259577894,10.680000305175781,7.2107016538620226,4.951655718781607,55.26972385168764,108.81112489839371,3.128093876627365,145.09368522936475,456.1941754813817,3.4436502746387614,3.2430097605966983,20.83148322398756,58.823396401937565,6.71972390436439,38.34236585332992,15.731447050405924,21.799999237060547,7.765452309187396,37.823052463105086,14.306922600530436,8.772204310465659,5.952099687601332,237.92762513094578,8.4583846037297,21.5,18.683867607404316,15.199999809265137,13.452336756881389,139.55274414689572,123.19999694824219,147.67171576465762,47.9843527737723,83.26437826461327,201.57862884286257,245.0,17.56283654768448,29.94806999250421,289.6068496488817,37.40459005651389,148.3000030517578,131.4362489151683,24276.7109375
2021-09-30 00:00:00+08:00,37.98303041967165,124.91520361263514,447.53261964525063,4.69271918374637,87.22832885649164,3.689774751663208,48.455037792824584,21.2200927734375,11.526110706556572,56.719037894737006,2.2993564327509666,68.4343650563558,10.75387810802508,39.69769313519004,38.80586681146731,116.05737545607025,26.469268234149837,84.75010858570846,27.145103076155984,15.900486050390727,16.146977665791795,59.56267033593488,31.146307846056253,28.025363557504384,41.43659050974338,37.482636605122664,7.672168292625982,57.145709898413685,46.311620420012694,39.19144750261985,39.231735406110865,21.458340519670994,10.5600004196167,7.227849920304342,4.978664245009999,55.12337175452191,103.78074523078905,3.09592844727253,148.34990362500182,450.6597967941991,3.426301956176758,3.075412421458853,20.61080878242674,59.15573181333311,6.674114629931633,38.34236891152592,15.422987363277551,22.450000762939453,7.602350384542902,37.8230518798279,13.852486782198381,8.734755512265087,6.057701519117222,237.33082366334042,8.105267091859416,21.399999618530273,19.190417214812253,16.15999984741211,13.632906243887358,140.71164180567212,126.0999984741211,153.40652643612765,48.1304989520795,85.4006088396595,198.62868609087636,243.0,18.81732073956579,29.69974573535117,279.8537826533959,37.98601252879451,144.89999389648438,127.45333293726236,24494.259765625
2021-10-04 00:00:00+08:00,37.61246128714023,122.49687421485295,451.1494333761855,4.658836501675499,87.65802674510992,3.6301249175501806,46.848792471536775,21.084644317626953,11.48986555419442,56.35280850926539,2.2993563902160647,67.79777349077146,10.7356820690818,39.65421561406629,38.0121090991179,119.27855485708402,26.033202443398935,83.36644130923385,26.763971886509843,15.650084952872776,16.110611290466846,59.154084860771704,31.41138169039553,28.658194270650736,40.298223399583186,37.62266810875895,7.535687811229757,59.882938433398486,46.31162286076806,39.587320004502594,38.672615325842266,21.072572963319875,11.0600004196167,6.944909572601318,4.924646627228684,54.68433854021797,101.69118742058176,3.112011126844294,148.5414618129112,464.4957968546995,3.4263017749316935,3.067032559266527,20.346000534429734,59.53554309832897,6.681716818325434,38.260353088378906,15.191643794767039,21.799999237060547,8.155083224432161,37.91397697100506,14.385275611194984,8.538153335363015,6.124903178129386,244.69146533279525,8.22844877594166,21.0,19.190417114915235,16.0,13.488451617227765,143.41579885476364,124.4000015258789,158.47229599392588,48.812508182668246,87.53683943461226,197.6453837146227,242.39999389648438,19.06822164625612,28.706443283826893,274.67866135635626,38.37361990347699,143.5,126.45759598803274,24478.6796875
2021-10-05 00:00:00+08:00,37.51982431415732,122.8689236371632,447.53264630537575,4.599542138256711,84.98436122499835,3.630125021273609,45.33178164148886,21.174945317217286,11.344882525284122,53.69768332298763,2.274088595633468,67.70683465090602,10.662898063659668,39.39332665969934,38.27669848191301,112.17300280140432,26.164020873324702,83.06377771728296,27.483890480266187,15.560655476164477,16.07424421627713,59.10868130572877,30.79287334956178,29.381427398746542,40.57142623085464,37.48263750867459,7.750157497803926,58.10613912175682,46.311622259029384,38.69660431374626,38.29986872432934,20.83146745207547,10.479999542236328,6.9363347738820025,4.771596117067203,55.6111935098931,91.32086606885566,3.103969957132336,150.36112614506268,440.9745554397255,3.400279226495155,3.108931838067865,18.49235216550005,58.34863311682527,6.704520941027325,38.13732877174723,14.26626347401233,21.600000381469727,8.136960444894958,37.23207198037591,14.353933557042058,8.875184569231697,5.808097957683867,238.12655579220106,8.0888436731052,20.149999618530273,19.073520618504883,15.880000114440918,13.109258495391618,133.85474433438887,112.0,152.16397712839725,46.91262240904121,85.64335233074122,187.3206278178885,231.1999969482422,19.589313080511122,28.011131295382935,267.7121996451944,37.065432632925344,132.0,124.46613778349679,23771.650390625
2021-10-06 00:00:00+08:00,38.538876928834206,126.31035822095376,454.1951884683048,4.6927187787223374,85.98698897901059,3.6812533860086827,45.59949321997647,21.35553850819006,11.453619062889215,54.33857339719583,2.2993563902160647,67.79778289794922,10.73568217475797,39.34984606623526,38.71766682364397,117.66795246078202,26.94894140149616,85.1392635456024,28.203805672548338,15.703741968271407,16.001509621170033,59.971259244318134,30.837055171625337,28.839002842326227,41.39105421572766,37.9960961839509,7.642922620321652,57.24175287639926,47.25218306714494,38.597638887669355,39.231731750667,21.265457508707186,10.619999885559082,7.142110233356024,4.834616856255691,55.85509931261294,95.96430097870163,3.176342396922496,151.7976913027657,448.6831822095643,3.4089536085958017,3.351948104451298,19.154372384220714,59.63049512840872,6.841347438838485,38.50639799073248,14.169870376888365,21.700000762939453,8.653450025230898,37.6866765153052,14.824040998269545,8.61304973689358,5.750496355515485,245.6861428753323,8.458385109633397,21.049999237060547,19.48265658044372,15.5,13.470393663704922,137.42805231625758,117.69999694824219,155.3181535319278,47.35105311364076,88.3622005349275,195.08878285471488,237.0,18.701523548967078,27.5144800768726,275.87294017603637,38.37362164194448,138.60000610351562,127.75206807144514,24259.19921875
2021-10-07 00:00:00+08:00,39.92850300986346,127.70554123005475,453.05301148207974,4.701189446998554,86.8941214123048,3.69829618035687,47.65191761689567,21.761883185865113,11.580478623424211,53.97235205162639,2.2993562928645326,67.9796614232839,10.735682487487793,39.828132452945084,38.012108477006336,116.91003263483842,27.603042060567603,87.60395705157448,28.881374759410324,15.811058190192853,16.092427922817084,59.69886741409262,31.808994319889095,29.110215851784982,40.93571091430316,37.809381618511495,7.691665421680869,55.801103085466536,47.07303053124097,38.944023317600816,39.651077089766595,20.879687704902356,10.579999923706055,7.047797018858341,4.5825326914065405,52.733069334181494,98.98253093281593,3.2487147505755454,149.1160734541178,449.6714916032961,3.4263018696967515,3.39384759129803,18.58062121846011,59.108254302624275,6.856551924290188,38.793455382039134,14.227707174963555,21.799999237060547,8.47222611738107,38.32311638967429,14.80837076108113,8.697307663335605,5.568093776702881,241.70741555033834,8.277720109031547,21.0,19.72619005394795,15.800000190734863,13.488450836503114,130.86086462008453,118.0,147.86285733728502,46.62033025580297,82.53612045762522,189.38558192936028,236.8000030517578,18.60502479228055,26.421847438754217,277.664295485924,38.56742946271661,141.3000030517578,137.60978559521195,24339.3203125
2021-10-08 00:00:00+08:00,40.76227379975353,129.28675762038222,458.9541401813533,4.658836157703344,87.61028804779053,3.7068176782228464,51.31058560385308,21.94247817993164,11.779829844120938,55.25413614197054,2.3077787643257905,68.38890437964041,10.735682383953655,39.74117305433565,38.188499450683594,117.57322015846732,28.431569057304216,88.20930903189807,29.34720377614679,15.828942819363084,15.965141179372301,59.744266349613085,30.925414127274948,28.929406834399607,41.29998097736078,37.949420225144195,7.720911550757474,57.33779757268016,47.02823688313406,39.78525874079544,40.0238268702695,21.265455570716664,11.020000457763672,6.970630977455272,4.8436198234558105,54.44042626761815,98.1312393947776,3.2889218642232563,145.47675547464075,484.26157403565907,3.460998686176078,3.4357466112620916,18.801292964530607,59.63049621684945,6.826145103872291,38.91647664309177,14.651838364459822,22.200000762939453,8.363490897411587,38.868645808876614,14.6673387301863,8.659859811956641,5.625694812247208,249.06804103221236,8.31056875801775,21.649999618530273,20.115841770604305,16.079999923706055,13.705132467326957,131.53689438568904,120.9000015258789,147.67169713039024,46.76647435238487,83.45858162798314,194.40045819265154,258.20001220703125,18.682222893082095,27.663475891831503,299.9570386332339,37.840656263653635,154.39999389648438,149.35938341864224,25064.80078125
2021-10-11 00:00:00+08:00,41.22548251681857,131.24000639956594,449.2458580743538,4.6503654888052965,85.93924902145379,3.732381767812612,52.51526531854034,22.12307457616737,12.251023452321466,55.757698229842894,2.2993563902160647,68.52531478055799,10.699290347893353,39.87161736304817,38.27669194571486,111.79404704371295,28.475177642611857,87.9498614315994,28.923726187379646,15.739514032102381,15.856043555320307,60.379844951708336,31.32302484237083,28.703396022135973,41.4365880542171,38.6029113521884,7.57468194628024,59.30668255265358,47.11781561774244,39.93370819091797,39.46469928732133,21.41012027025298,11.479999542236328,6.876317692885708,4.8436198234558105,56.19657546949716,97.97645265040049,3.2889216706526314,144.4232841010407,486.8311383301682,3.4956954728252527,3.4692659916668998,18.492353806196537,58.6809664585655,6.902160376606362,39.6956235909542,14.49760875767435,21.799999237060547,7.113044968759372,38.95956568008351,14.103209960608098,8.584963717507392,5.712095346333029,249.8637760171995,7.908179561249375,21.299999237060547,19.921015421343025,16.100000381469727,14.337121097271934,125.16287307815804,112.19999694824219,142.1280428245724,46.27932225974282,75.73902989674694,198.62870023731352,270.0,19.12611830278322,27.017828785600123,303.5398367505479,37.259237483438596,163.0,149.95683117449232,25161.80078125
2021-10-12 00:00:00+08:00,41.31812462722271,133.75134001954822,447.3422709382471,4.599541733924895,83.45656875265163,3.681253645359041,52.11370749160337,22.07792613330035,12.359760341577338,57.68037424594089,2.2909336799796294,68.02513600595651,10.57191704756528,39.17592343121212,37.92391586303711,107.24647606128231,27.864684356852763,87.2580337524414,28.415546417236325,15.775285542442152,16.09242859422268,60.198243795552195,30.130185944708444,28.522583583631757,41.66426005047125,38.556235364215205,7.311469201118715,60.17107051762705,47.38654862623213,39.63680675512499,38.85898557509422,21.795888900756836,11.079999923706055,6.816299178375341,4.744586332662981,55.806317543938036,94.41649065326911,3.248714682782343,141.64591835351595,481.29674592436874,3.504369262084114,3.477645931439519,17.962738189339362,59.72545158314546,6.772934605603827,39.69562986041475,14.53616703777851,21.799999237060547,7.04055591720236,39.09594500753589,14.385274702740999,8.510067138473662,5.72169631608772,252.64889953650675,7.850694846005664,21.299999237060547,19.326794214860605,16.1200008392334,14.626030683145775,118.78882792201927,110.4000015258789,145.76009362623813,45.40245307664688,77.04989448456968,191.74553244052566,273.0,19.348067640637122,27.812470011868985,303.9379005180532,36.19330351041408,160.1999969482422,148.96109138751117,24995.94921875
2021-10-15 00:00:00+08:00,42.15190257304442,135.23953135714467,442.58330420390377,4.6503654888052965,85.12759578997353,3.706817388534546,50.32898934868715,22.393969657811308,12.323514193370558,57.86348544059742,2.2909337504324347,67.524943682219,10.480937004089355,39.132447301809,37.9239146723567,111.32032418967316,28.12632133277864,87.34451525819068,28.75433283962538,15.84682750421991,16.056061085841435,61.74179207111845,31.013769149780273,29.381430247084335,41.07231103729796,39.023014151039604,7.5551848320643415,60.7953511164853,47.11781643740001,40.774939964011956,39.18514260539918,23.09785537112411,10.899999618530273,6.850595502948266,4.573529088269047,58.44053511291849,96.04168869948481,3.176342265693947,143.17826265944993,486.0405346020488,3.513043877841377,3.3770875930786133,18.977830874577105,61.24470029177486,6.605701132085637,39.57260101812032,14.960298256357309,21.700000762939453,6.977126717754613,39.6869305895589,14.103210080656638,8.070052077039188,5.760096332209976,260.60633375007154,7.92460346487572,21.450000762939453,19.482656149486004,16.5,15.348305916751073,117.24361419677734,111.80000305175781,154.07558491791082,44.81787360893501,79.76873090569147,191.745528601166,275.0,20.120060970755336,29.401754651536216,313.49196237923115,37.2592388610382,161.3000030517578,148.26405277057992,25187.05078125
2021-10-18 00:00:00+08:00,43.0783160638468,138.4019499546072,447.3422795359538,4.633424556429593,84.50693049163314,3.7068175229862206,51.62290734977511,22.71001302741536,12.4322509765625,58.321266881126334,2.316201306498871,68.25249196092577,10.499133316622691,39.74117193649207,38.364889052961885,110.84663347563975,28.12632290825329,88.20930401279942,28.542589748861268,16.150888761679493,15.801490730786119,62.60435744225625,31.190486464915125,28.477387217656474,42.34728443129009,39.72319119912072,7.50644178054585,60.31513603522035,47.296973697085136,39.43886617107304,39.46469903362009,23.869389914524632,10.640000343322754,6.8591689309934445,4.582532570201886,57.56245963593833,88.457416138744,3.2085075550473903,148.06261057552993,493.5515140012484,3.5130436420440674,3.418986910135119,19.507447465872612,65.70748215797086,6.674114836580964,39.85966036327852,15.384430997090483,21.700000762939453,6.959004415737118,39.414170408251486,14.259913187622539,8.098137855529785,5.817697482187667,273.53722339860434,8.04778430769626,21.25,18.976106946927064,16.68000030517578,15.980296594247324,117.72648582104407,109.4000015258789,156.75186023285906,44.57429570737092,82.924527208698,199.41535923462982,280.0,19.492815029137272,29.74941088882803,315.48237604994205,37.30769308548048,162.5,149.75764637885422,25425.3203125
2021-10-19 00:00:00+08:00,42.80039034318834,137.9368633053243,448.29404275115843,4.582600661880009,84.02948110733266,3.672732030182455,50.68593318864542,22.845459483780825,12.504742577954165,57.49726022441981,2.2993562669609617,68.07059295741765,10.59011317308806,39.21940797053538,38.32078818333868,110.18344726026456,27.733863379757622,89.074109619739,28.20380401611328,15.972029767851454,15.746941615897644,62.37736657154178,31.013771694393775,28.38698121907405,42.57495475106832,39.11637406849965,7.652670947332611,59.45074894274901,47.43134135986962,40.873907280915496,39.37151319993392,24.78559114219916,10.479999542236328,6.83344734134487,4.636550545381729,56.68438996018141,97.97644899361882,3.2406734787984846,153.5215775351151,489.5983426917777,3.513043822757277,3.444126696055234,19.81638823687055,64.66300401224154,6.681716508332596,39.777638088128505,15.51938247680664,22.0,7.049616286899461,38.141278428763755,14.996412075950897,8.041967400874618,5.721696006348371,279.5052795410156,8.228447984834602,21.5,18.74231626060345,17.5,16.07057673704645,118.78882965665275,115.0,164.78057525716082,45.01273165967423,85.69190844692537,198.62870259531414,280.3999938964844,19.492816433833124,29.600413996886555,316.27855657510486,36.19330417882018,162.6999969482422,148.86150499809912,25471.25
2021-10-20 00:00:00+08:00,42.75406988507021,136.71868172335746,461.6191139406265,4.6249542236328125,87.84900594958206,3.7068173310104156,52.64912204429599,22.755161678737483,12.64972526720713,59.51149569867913,2.333046533819015,68.47983917061396,10.735681703035775,39.82813619166214,38.585374572060324,112.74144537379053,27.908289187715457,88.20931243896484,28.07676479721503,16.115115369716836,15.746940855585796,62.0595800811945,30.041828539365643,28.341778548401738,42.711561319639706,39.16305120256511,7.603928164113468,58.87448774614745,47.52091735409913,41.566686602307804,39.511295225671134,24.448041642777362,11.359999656677246,6.910613650947662,4.708574821095696,58.538098703414256,104.0903113400124,3.232632030127873,156.01162177833052,502.05080017748713,3.530392112529201,3.4357466112620916,20.699077155427727,66.0873006413912,6.666514191659981,40.023685455322266,16.09774528992212,22.700000762939453,7.2489629681381444,38.50495840174505,13.89949759169269,8.425809943893048,5.817697525024414,281.2956990352587,8.064207087212335,22.649999618530273,19.628775867123665,17.239999771118164,16.160860319184795,127.67383303688605,118.5999984741211,164.3026911415661,46.03575068676574,89.04189779905386,207.47848827994423,290.0,19.492816433833124,29.600414256218414,326.429718075454,36.7747233886885,172.60000610351562,154.23843104665085,26074.19921875
2021-10-21 00:00:00+08:00,42.75407176120933,134.93824635525635,464.85520139043695,4.599542209696255,86.98961279328255,3.7153392933994325,52.64911824868494,22.439118836587006,12.70409369857353,59.511493904242236,2.3246240615844727,68.116069992578,10.644701751126332,39.65421452782541,39.02634714453259,113.78359193649509,27.90828783407493,88.2093079650658,28.415548054940754,16.276088970647326,15.910593397839712,61.42400527756325,30.52780230630713,28.386980938469172,42.8481646371611,39.95658383928941,7.6331740565232415,61.5156767664182,47.7000732421875,42.11101310737865,39.37151735800322,25.991113368236775,12.619999885559082,6.9706311580253395,4.600538892479912,57.56246238775993,98.90514975069028,3.1924252022349946,155.9158572884831,503.53323403499013,3.5477404565366597,3.4189868514201867,20.03706175179987,66.94188145508586,6.605701446533203,39.98268565353082,16.078466528742617,22.299999237060547,7.239901319792364,38.0503572904991,14.150220682386545,8.25729313565608,5.808098220192754,286.46805393949467,7.908178440804215,22.950000762939453,19.151449486404385,17.799999237060547,15.384418390654309,126.61151636963766,117.0999984741211,164.30268527723427,45.889600642473404,88.65351026549325,206.88849860724835,295.3999938964844,19.348065786042,29.94807082360557,330.4105721103307,36.77472743161154,173.0,157.12605533104457,26141.849609375
2021-10-22 00:00:00+08:00,43.309919582900186,136.06272110199495,459.9059452529958,4.633424556429593,85.6527851815544,3.69829618035687,57.55709189042266,22.574565480002807,12.975935482250328,60.106614434277255,2.324623893972601,68.38890330268924,10.59011317308806,40.26293825733837,39.90830711816627,109.52026205679842,28.475175598670717,89.16057928914525,28.66963230291205,16.526488099578366,16.819771081297606,61.96878395373285,35.608401835902555,30.014258773498135,43.0303019977989,39.30308803032035,7.9938727953906135,65.11729818786509,47.476127379908185,41.764626896784726,39.46469904254099,24.8338099859342,12.699999809265137,6.902039344491636,4.591535675121296,57.85515376483914,104.7868082787837,3.160259334818494,149.9780118586385,501.55665568912343,3.5477404565366597,3.351947751364396,19.59571615746828,67.1317843531531,6.575295474540814,40.10570600449591,15.615775516653057,22.549999237060547,7.212718913343927,37.82305296115581,14.494965817237988,8.144948951331806,5.721696634440201,286.07017695606004,7.883543281542911,22.549999237060547,18.800762176513672,17.559999465942383,15.294135008513594,125.93546043258954,114.4000015258789,163.82478478911293,44.769157418929595,88.11945013856031,202.56193261408797,290.0,18.933123897255463,29.401755217995373,325.43448627178486,36.04794991151268,172.60000610351562,159.3166496300623,26114.83984375
2021-10-25 00:00:00+08:00,43.07831561105609,136.62497517112902,454.1951826310671,4.599542007348415,85.843754404562,3.7068175752097807,55.90623208627178,22.52941644427976,12.90344454084055,61.754622768595766,2.3330464363098145,68.07060711407755,10.608309467791669,39.87161228415395,39.68781598445034,109.52025579349562,28.431568377930336,89.42002288374698,28.923722545751577,16.526489237266468,16.49246673044062,62.10498009103579,33.92959776105958,30.240270614624023,43.25797775278151,39.58316059212954,7.886638610088511,61.94787307152381,47.20739502316222,41.5666868235627,39.32492064540757,25.557124028331522,12.399999618530273,6.790577307097642,4.636550445880502,56.97708268493307,102.69727874381884,3.095928226714982,149.69071362670422,499.58008199257426,3.547740514369851,3.2430094865349144,20.346002331459907,68.27121954068718,6.4992809688207345,40.146717810147734,15.13380616635976,23.0,7.28520795054208,38.36857764402949,14.024858216494009,8.14494808156798,5.6928954333460595,290.84465691025974,7.711089975621516,22.450000762939453,18.781281854881126,17.3799991607666,15.077452496526973,129.21906332215883,112.30000305175781,163.25131119218776,44.6230114574204,88.75060965812585,202.75861078905095,285.3999938964844,18.913820279202838,28.656777853320804,323.4440612792969,36.77472308030705,174.39999389648438,159.81451189959492,26020.779296875
2021-10-26 00:00:00+08:00,43.8194464431806,137.18720812364433,462.5709637588232,4.582601208599878,86.98961020720905,3.698296256265645,55.23696085237665,22.48426826979901,12.849076521577953,61.47995596262018,2.3330464363098145,68.38889967577782,10.699290378756904,39.65421477428097,39.5996208190918,115.8678968655997,28.344355294870773,88.38226318359375,28.71198687957593,16.276088422397233,16.674303172421496,61.96878609338849,34.45974751522667,30.149863397470977,42.9847691851477,39.72318988642723,7.7111626737482695,61.563695613838576,47.700074083155926,41.51720320665899,39.37151736304873,26.569764833071947,11.9399995803833,6.867743819586272,4.771596003450907,58.14784381210223,103.70336314808239,3.1441769270588047,153.90465336137916,501.5566525706257,3.530391988346773,3.3519479640618917,19.992924455252393,68.1762735120486,6.590498402378412,40.35175249143956,15.55793798999399,23.200000762939453,7.484555015504473,37.459376224467334,14.087539449602449,8.098138878431929,5.712095831009779,317.3031401059687,7.75215069171685,22.600000381469727,18.216283584002152,17.34000015258789,14.78854196084163,125.06628738335638,118.69999694824219,165.16291915585376,46.376751578655025,92.489004824174,208.26514281739304,286.0,18.894522010815503,26.37218127242321,324.4393082145052,37.35614116916578,173.0,161.3081434620345,26234.939453125
2021-10-27 00:00:00+08:00,44.05104797224763,136.9061017715427,456.86018848140077,4.565659317500955,84.98436919257468,3.681253491193003,53.54147504138596,22.61971332597818,12.77658462524414,62.029289461700216,2.333046604528975,68.29796414429157,10.7720738514269,40.08901746720542,39.55552397572488,124.11033334802094,28.12632179260254,87.94986383149741,28.627284225405127,16.472832280951494,15.910592790222356,61.787193218538334,33.57616462109937,28.160970491955414,43.6677886481264,40.51672271527296,7.340715330060745,61.46765093832958,47.20739275468309,41.8635927006551,39.37151344147841,25.605344772338867,10.819999694824219,6.876318317395527,4.816609944355649,60.00155288531618,104.63203161805039,3.128094224091535,157.06510118841618,485.05223914309266,3.513043822757277,3.3184288830718143,19.683982701054525,68.3661792354875,6.537288114240156,39.85965258530282,15.326594042720656,22.649999618530273,7.683900889420727,36.73200243290656,13.601763501752913,8.013882333151265,5.568094215392422,305.16804812774814,7.68645316399484,22.149999618530273,18.547488701160063,17.799999237060547,14.228781142459496,122.55530646763765,121.30000305175781,162.19992979553834,45.88960276768883,92.0520532269039,200.2020116287365,275.0,17.929530382983813,24.931894425087393,317.6718324459418,38.08291414147038,165.3000030517578,150.75336678378872,25795.169921875
2021-10-28 00:00:00+08:00,43.91209439351595,138.12427632493768,450.57836585605185,4.506365433093475,84.69789774585514,3.681253380732697,52.64912204429599,22.303674110903508,12.595355887114106,62.16662690517866,2.3162014484405518,68.66173660766232,10.808466234318052,40.00205879289748,40.08469159251248,124.11032575368881,28.257143224734367,88.29578059287911,28.58494094375051,16.43706087853732,15.928774479414756,62.33196970940988,34.106311366454285,28.567789016740395,43.303512151486686,40.096617309511856,7.399207001675347,59.88293796625966,47.25218557901132,41.56668592397622,39.231735401083256,25.55712483737772,10.15999984741211,6.790577699820162,4.7715959548950195,59.51373400006975,105.40594064136633,3.007473534533737,153.61734440419946,480.11077883126063,3.5303922253085123,3.1927306263276978,19.94879274550588,67.74898169452956,6.377656810747836,39.65461846811132,15.288036462528964,22.299999237060547,7.547982780909992,37.27753059452381,12.739899860305911,7.864088854875346,5.568093955665024,306.7595090129068,7.267641673264981,22.149999618530273,18.703351312873544,17.8799991607666,14.10238396595348,117.05045379126399,118.4000015258789,164.971755887082,46.76647514730615,86.61437355674408,202.955250826221,275.20001220703125,17.833031048162606,23.441940363151943,313.4919279250185,38.76123479326233,166.89999389648438,155.33373945437302,25648.419921875
2021-10-29 00:00:00+08:00,43.58784111716849,138.40538401863492,446.2000841864189,4.489424499224665,84.12496583904894,3.6471678691978684,50.86440491747902,22.258522623336763,12.504742205696271,61.159512324704245,2.3162014484405518,69.11644559790957,10.735682819102554,40.82818788317094,40.61386087509118,122.68922371503605,28.300748138382392,89.07409409969901,28.542592543650084,16.65169242834224,15.601471900939941,63.23993379398851,33.752883066496906,28.251374833295838,43.89546325325259,40.65675535967545,7.233480514039545,59.54678823928202,47.38655083133795,41.517203042400645,39.371517177023364,25.171357222611988,10.100000381469727,6.687690258026123,4.771595663599027,61.95282414162806,105.32855994979722,3.0718045234680176,152.75538284500445,481.09906847492294,3.513043936251436,3.1340712607792143,19.683982047634117,66.08729847744077,6.4612732641515604,39.90066943225304,15.635053591521999,21.850000381469727,7.520799978666985,37.3684533290599,13.147326285027308,7.7049343402378305,5.520093221660725,292.6350806867796,7.152672717497401,21.799999237060547,20.50549649767584,18.100000381469727,13.994043159753026,117.43675231933594,115.19999694824219,164.39826930052638,47.98435591087543,85.40059598386449,202.75860704687693,271.3999938964844,17.678633587286537,22.398970476902143,310.506317109301,38.470529220402014,165.0,155.43332286470772,25466.859375
2021-11-01 00:00:00+08:00,43.124637341811656,138.21797267810717,448.67474530821215,4.489424226363847,84.2681993629868,3.621603406453897,48.365800732711136,22.213373177712494,12.069794952973764,60.42706310215281,2.316201351635388,69.11644198666238,11.008623295391164,41.132553018413354,41.14303844275418,129.9842468027527,28.169928831272543,89.50650472929323,28.54259142519352,16.150887883122444,15.51055311904029,62.55896208967767,34.37138322152243,27.392530853204317,43.71332266443063,40.89014843151034,7.165239794042537,57.91405151759089,46.98345021764611,41.66565396598944,39.51129530944873,26.376880905830635,9.829999923706055,6.687690588238911,4.942652357988938,64.14799675660333,110.43631687455769,3.0718045234680176,153.90463627092674,470.8208781030008,3.4870212078094482,3.17597073473662,19.4191798067641,67.89141268048968,6.499280863490213,39.69563133692226,15.712167516117056,22.0,7.702023821815362,36.95930545258041,13.100315150748006,7.658124379206426,5.529693325505476,290.4467573480736,7.144460031996259,21.100000381469727,20.89514902307442,17.559999465942383,14.102384491427848,116.0846880507666,118.4000015258789,160.4794856398724,48.32535804661988,84.47813972450506,206.88850810759484,267.0,17.061038818350664,21.653993911657004,302.7436561805559,38.228269256816034,161.10000610351562,152.14741549417522,25268.349609375
2021-11-02 00:00:00+08:00,43.95840858347991,139.7173190009702,452.86263453696677,4.574130262359829,85.8914921142869,3.689774699679756,51.3105833745882,22.80031053398026,12.450373441781032,62.029288341814265,2.358314233362481,69.70757772603294,11.00862340055501,41.08906928015452,41.36352293575604,130.83692988038257,28.12632158944299,88.72818335179075,28.45789349818066,16.16877410463432,15.674206140495192,62.33197265032318,33.311087506463785,27.121318994546467,43.71332672703747,39.48980040238636,7.077502640857159,57.67394946818123,46.98345208708613,42.012043502604,39.651077182832175,25.557124580292314,9.350000381469727,6.799151829045781,4.888634472039812,62.29429221465086,106.79897858114803,3.12005264924385,155.91584590210573,472.9951266659191,3.4870210556541337,3.192730492151421,19.24263867055815,65.75497119315636,6.567694455577392,39.90067000721867,15.596496190421298,22.0,7.756390556055666,37.41391154500092,13.335368503579076,7.845364709050067,5.50089223020977,290.24783170798867,6.980221018637077,21.600000381469727,21.138683101594808,17.81999969482422,13.903757174802566,117.2436192824828,113.9000015258789,161.4352796098486,48.03306775248406,83.41003083128196,210.4284242337474,278.20001220703125,16.38554597166323,20.85935238967881,318.8661004753671,38.76123653435559,166.1999969482422,160.21280483130505,25609.009765625
2021-11-03 00:00:00+08:00,43.35624112335695,138.6865349810071,440.87008942255574,4.472483291465375,82.88362554374272,3.672731766168686,49.882813649512556,22.529417037963867,12.341636598300628,57.81771074963534,2.3162015186399705,69.52567802747497,10.954035839797895,41.04558868830998,40.92254493165213,127.33150957735826,28.300751489121705,88.20930639843446,28.330852050170886,16.258203343401856,15.165067968374682,62.195776298741464,30.7045173236302,26.53369024643388,43.84992720566819,39.02301971417866,7.067753884675633,54.55254215893623,47.162609826529504,41.12132940504978,39.60448473428385,25.17135727804269,9.069999694824219,6.293287747121249,4.91564390283681,60.92840356664752,106.33462927828077,3.031597630726635,154.2877382010667,456.5895148889342,3.46099853515625,3.0754120986713125,18.27168146946359,66.84693040773179,6.385258263498067,39.53159639554439,14.304820944043385,22.149999618530273,7.756391111137204,36.50470313508157,12.974953262176696,7.517693845963463,5.376090486923815,291.0436052484926,6.783131764431645,20.899999618530273,20.554202301784265,17.68000030517578,14.264894718741873,114.53946041553847,115.0,157.89879126712754,47.253627222051385,80.06003502986283,208.65845740488592,277.3999938964844,16.211846231291936,20.213707238561046,313.4919623700121,38.17981945070583,159.89999389648438,155.83161680004264,25060.9296875
2021-11-04 00:00:00+08:00,43.58784111716849,138.78026905110985,440.4893644067058,4.455541880888632,82.16747068054005,3.638646254320637,49.70434029429612,22.52941603399724,12.251023850037772,58.36704723380881,2.3162014484405518,69.02550036366667,10.790270320113434,40.9151430074776,40.56976763292176,124.1968404863136,28.605995978758912,88.72818334646853,28.457893829272955,15.811057984972578,15.20143421909709,62.24117690419778,30.925412281615515,26.48848665958039,44.168673445378325,38.50955739298531,7.106748069430295,55.753079983534995,47.341759630731545,41.07184271898098,39.511298866547484,24.73736738623504,8.850000381469727,6.147530955520405,4.906640631499359,60.44058743433021,110.51372459077642,3.0637631578982565,152.1807540903022,469.63494773532886,3.4870210556541337,2.999993147064486,18.49235362099576,65.84991999703007,6.324445857064149,39.36756556259855,13.726458475238125,23.049999237060547,7.6385953947936835,36.45923940842084,13.225677078211074,7.58322891469355,5.356889788445905,296.4148766034903,7.147334783792657,20.549999237060547,20.74902774555768,17.700000762939453,14.680202992902652,120.6237752671618,110.30000305175781,152.83303499795306,47.39977132933136,85.934666152828,205.7085316339038,282.0,16.038149663995434,20.263370460513546,317.0747297714502,38.08291435804667,162.89999389648438,158.520063974139,25141.099609375
2021-11-05 00:00:00+08:00,41.68868797497491,137.56205242195648,441.63151111520926,4.447071145394196,82.11972118305118,3.621603331919513,48.72274892150771,22.43911935380632,12.160408576249809,58.59593482537194,2.316201306498871,68.7526749867275,10.844858446762142,41.13254902671243,40.393377292414286,122.38862145248402,27.951896527241484,88.98762171518447,28.415546417236325,15.972030378771164,15.001416346210346,62.37736892700195,30.041828183774594,26.12687148814819,43.66779067943646,40.04993509898995,6.872781561808329,53.78419540064613,46.58035253970351,41.3192669215921,39.744266244506605,24.978470970627072,8.960000038146973,6.241844028201252,4.915644066587021,59.6112954726836,106.79897412386808,3.0557214178679777,152.085012539297,466.472404933401,3.4609985929548097,3.0167532052348567,18.315814874542117,64.94787221293927,6.248431515055458,39.57260553532147,13.899968729809364,23.399999618530273,7.47549339627899,36.23194446655571,12.896601332683524,7.611314730285143,5.3664907256086405,312.1308277840771,6.644245691644044,20.549999237060547,20.115842315894728,17.020000457763672,15.31218932647387,121.0100896717191,101.19999694824219,151.0170125468907,47.15619596032402,89.33321651335685,209.0517946635559,279.3999938964844,15.825847629301366,19.766720028773918,312.89481726556517,38.179820996457416,162.0,159.3166525720102,24950.6796875
2021-11-08 00:00:00+08:00,42.15190111737239,138.03060103100415,443.15437577882926,4.3962476583910695,81.73776753447012,3.5960387608854916,48.49965598081682,22.213372684807357,12.16040888724737,57.95504475702137,2.2993563630620883,68.79814364767196,10.826662167313481,41.0021098716966,40.92254902436084,122.86447158987647,28.169926872548192,89.42322472383852,28.415543952686303,16.079341846779826,14.837763504964501,62.92215543163616,30.306902853682683,25.720050978735156,43.94099987091761,40.516722528664474,6.677808557274732,52.487614518463964,46.53556192048684,43.59553909301758,39.977233709305445,25.70178629966082,8.979999542236328,6.121808819712429,4.8886344620111135,59.80642271662408,102.15554445236289,3.007473534533737,154.57504484282126,454.8105920704673,3.443650245666504,2.9078148008597,17.69793008296496,65.04281992008097,6.202822309272654,39.777644537891135,13.514394075221043,23.0,7.357697639064615,35.91371595514414,12.755570750771003,7.349178232782501,5.251288113659751,306.3616573936061,6.262591502411373,20.399999618530273,20.554202141639962,17.700000762939453,14.878826753580226,120.14091106260275,98.0,150.92145553861045,47.44848687258846,91.5665377712539,218.2949177269797,274.6000061035156,15.806552638033862,21.30633898135708,303.73888394290947,39.342653618008015,156.10000610351562,157.92266447914344,24743.5390625
2021-11-09 00:00:00+08:00,42.33718301809338,139.06135453304847,446.9615315044219,4.4809539014705715,82.31069692870446,3.604560375213623,50.864406044516706,22.168224848335598,12.486619747718425,58.96216256681002,2.3246239911297835,68.98002909679572,10.790269470706125,41.17602978813259,41.18713097771185,127.62296131087915,29.30370207129865,89.78200444363652,28.75433283962538,16.007800779341302,15.165067672729492,63.83011745661414,30.4394417122312,26.262477129119986,43.940995236237846,42.01042304604741,6.9117758455491725,53.20793914794922,47.476129586494785,43.69450966661759,40.53635441727783,24.785589160552327,9.050000190734863,6.2589922677354695,4.915643726942137,61.41621967505934,103.08422458497158,3.0396389961242676,151.0315149586112,463.5075461288978,3.434976043268293,2.949714109271464,17.96274111389801,65.13777389261777,6.278837611226187,39.44957733154297,13.784295732073831,23.100000381469727,7.375820724657771,36.32285846697066,12.88093279634124,7.424074050747058,5.251287937164307,304.96912247910115,6.305961679817426,20.5,20.505495584479785,18.440000534057617,14.914940857591986,121.10666699371258,95.19999694824219,153.4065278398684,47.1074803999636,88.89625721025806,202.36529053986362,276.3999938964844,16.38554434029732,22.100980797985255,301.7484434935016,40.21478590767791,160.3000030517578,161.30812397003174,24952.8203125
2021-11-10 00:00:00+08:00,41.966617584228516,136.43756299498506,440.48933819391976,4.387776581613338,79.73251958365226,3.6045604328237038,49.97204748658885,22.123076401742974,12.28726894601657,57.45148277800117,2.316201306498871,69.16191941103342,10.917642276285708,41.52387356683601,41.23122635859013,125.05336609557551,29.303701863462997,89.24384453893613,28.542592481682345,15.828943451340233,15.16506699715966,63.55772530907446,30.21854832751807,26.217277121017073,43.986532858841436,41.40360867927335,6.541327949023234,53.30397806371243,47.4761293423607,43.99141124324345,40.30338302878447,25.07491357512901,9.15999984741211,6.164678104276236,4.762592107935842,61.0259699535681,104.47725730553773,3.039638791664097,156.20315761188144,463.50752889972335,3.4696727375544603,2.991613493277885,18.00687322184638,64.75796062406442,6.278837513544766,39.244539523037716,13.76501654767538,23.899999618530273,7.330514517102558,35.913714889030594,12.630208157743635,7.517693859998783,5.251287634566997,305.16803487250434,6.245243810225065,20.350000381469727,20.164551090332694,17.979999542236328,15.113564852828903,124.58340042829514,103.0999984741211,155.31812618338344,47.64334707674012,91.857843080972,193.71215333800384,270.3999938964844,16.694340569331647,20.66069112880658,300.75323127748374,38.85813747846534,157.60000610351562,157.42479015506166,24787.439453125
2021-11-11 00:00:00+08:00,41.68868797497491,134.75084308914066,438.5857788691429,4.379306382353269,79.25508336596943,3.6130818160219045,50.01666109080947,21.85218145243815,12.196654682597048,56.21547453815939,2.3162015186399705,68.57079344673971,10.735682487487793,40.78470713092467,40.702056884765625,123.14995952792255,28.867635859352422,89.6923098581614,28.8813726672603,15.739513541470451,15.928778927734124,64.69268781619044,31.941537354908878,28.29657588860021,43.394582113884006,41.21689288728345,7.1164968577669505,55.51297550601337,47.1626062674145,43.44708356753655,40.3499797565413,24.496262431537406,9.5,6.1989746452699706,4.8166101817146325,59.56251608683823,99.29209327312624,3.0476804267587334,158.4058995467513,472.40214550839846,3.4523242231759976,2.916194809502374,17.653795366199148,63.52357488304312,6.1724162761819485,38.99849319458008,13.186654798034132,23.75,7.248963327118845,35.77733324577912,12.551856861692125,7.8640886129278496,5.34729012035394,296.4148706812594,6.288613891601562,20.299999237060547,19.921017210937357,17.860000610351562,14.770486135637995,123.61765334937988,106.80000305175781,155.1269731168275,45.20759336063822,91.56654906619103,201.5786209812871,275.20001220703125,17.09963871990095,20.958684038625307,301.54942255658045,39.100396222273034,158.0,162.0051360922766,24856.109375
2021-11-12 00:00:00+08:00,42.1055813100482,137.09351125009073,445.24828846702576,4.464012554145224,79.20733243268378,3.655688948612958,53.36300542022879,22.348821561508693,12.649724812384418,60.38127700071443,2.341469147473477,68.88908243818823,10.735681595922605,41.21951327966468,40.74615959852487,127.4326062678185,29.65255850216449,90.49953909732365,29.38955332747967,15.811058342517944,17.328907426809927,65.60065337494537,35.696762238741584,31.46072796681363,43.75885713654039,41.123537381092824,7.574682140326511,59.834917983116526,47.341757095509344,44.33780140598158,39.88404491461389,25.171358718370744,9.829999923706055,6.4133230674841,4.82561413285739,60.48936787623405,103.47118294698184,3.0959285539076964,158.98053367939795,482.087349469966,3.513043936251436,2.983233854984351,19.330905589268642,65.09030224885264,6.180017851663788,39.08051317337485,14.054198540000401,22.649999618530273,7.430187213066743,36.18647986265578,12.91227258083266,7.976433844609787,5.472091546005567,305.3669701131185,6.713636744393139,21.299999237060547,19.8723088056851,18.219999313354492,15.059394836425781,130.37797314223965,107.80000305175781,158.66345464695266,46.66904946589994,93.1201619069384,217.11493464354038,289.79998779296875,17.350535885141426,20.859353816746108,327.4249306016768,41.47452028988569,164.8000030517578,175.1487609843922,25522.830078125
2021-11-15 00:00:00+08:00,41.68869387046521,135.12564629426745,442.5832811040173,4.438600540161133,81.11709448261462,3.638646306067862,52.559885880101376,21.94247917076679,12.631602085244081,59.511497497558594,2.316201351635388,68.66173475410285,10.60830889795659,41.48039534674461,40.92254493165213,126.38575354965329,29.26009414666063,89.87169073842533,29.0084181265982,15.453341107467688,16.710667367752624,64.919677734375,34.76899719238281,30.421082339829933,41.75532856411245,40.23664905331098,7.428452518664423,58.634378052850586,47.07303077411752,43.595534937049784,39.464698791503906,24.44804242169384,9.970000267028809,6.361879938196888,4.816610336303711,61.56256597694508,102.54250164179838,3.0235560111481306,156.87357515218568,486.23816668158,3.513043877841377,2.9832337808719216,19.375041961669922,62.906380393745245,6.263634098017298,38.91647352999638,14.0349192331579,22.75,7.30333065935947,35.50456992078161,12.755570487822279,7.686211025989685,5.366490364074707,299.19994334791005,6.67894133953909,21.299999237060547,20.846440366984577,18.299999237060547,15.05939446507922,130.37799387481755,106.5999984741211,164.97176129005183,45.49988740977293,94.96509721893604,222.2281356148098,291.0,17.794430745933273,20.31303761924937,333.19713977424436,42.97652032279487,163.3000030517578,173.35647236384477,25437.990234375
2021-11-16 00:00:00+08:00,42.19821718404838,136.06272967842358,441.06043007604126,4.430130206273287,81.54679543084201,3.6471677351425473,51.75676393491238,21.897330322934092,12.48661984352832,59.05371652749262,2.3330465068618222,68.93455580191241,10.571917256411279,41.30647167617712,40.87844765315863,126.3857562512186,28.9548502501642,90.32015373035897,29.0084181265982,15.632198653072576,16.83795503378983,65.14666953826394,34.901539227930115,30.330672902742855,42.48388671875,40.61007736502715,7.14574257809841,56.95362133629196,46.84908456232241,44.04089749243951,39.46470295941464,24.54448477772837,9.90999984741211,6.1989743161377815,4.8436198234558105,61.025965382929634,100.76250558167231,3.0476804267587334,161.18326727206036,491.57492411459305,3.4870212102803455,2.991613462471974,19.286774510301044,63.618526728923115,6.1420098765600075,38.75244755499353,13.899968337892115,22.350000381469727,7.366759084881778,35.413654442074325,12.661548936478315,7.761106652628597,5.366490351347584,292.4361253219971,6.557505962675933,21.350000381469727,20.602910157833296,18.479999542236328,15.258019484682817,128.6396019162544,108.0,164.4938433230391,45.54859934199042,93.12016418037868,227.34134983675003,289.6000061035156,17.504933441898203,20.06471140855402,330.41059071918914,43.89709858373119,162.0,177.23976898644142,25446.650390625
2021-11-17 00:00:00+08:00,42.337180786383335,136.2501431853061,441.82186352645545,4.430130138106609,81.9287417778761,3.647167740369681,51.0874896772076,21.987629339662256,12.450374102187538,58.96216000233057,2.3246239642699087,68.66172498028274,10.55372163640403,40.91514943877248,40.48157039330519,127.14711590855478,28.998455828074313,90.58923127696077,29.050767566170784,15.435455301087817,16.928871974181995,65.05587293434112,35.29914954613461,30.87310032139554,42.25621559338595,40.79679195845584,7.165239802562622,59.11459163918711,47.207396088056875,45.67387339448881,39.32492081374181,25.557123705369285,10.020000457763672,6.190400414859477,4.798604333205821,62.34307097488931,102.00076361206814,3.0476803615219006,159.9382441618829,498.0976480959909,3.495695409933993,2.9832338419138473,18.18341121982373,64.71048817659803,6.210423844676201,38.54740598554793,14.015640562927043,22.100000381469727,7.4120652313889925,35.550032359583206,12.692890167236328,7.929623050518278,5.568093877890909,301.38827318095105,6.418723227252485,21.799999237060547,20.749028137506784,19.520000457763672,15.962235557514946,131.44033991300802,113.80000305175781,159.0457688214511,47.01005107164383,93.21725892617113,222.22814328267694,295.0,18.006729125976562,20.760022040340118,333.1971550549422,47.33715818317817,164.89999389648438,173.25687760739422,25667.810546875
2021-11-18 00:00:00+08:00,42.61511029362732,134.93825432259982,438.01469381749604,4.413189067286637,81.02160935384288,3.6130818739083597,51.042874507878594,21.807031709100606,12.504742872753889,58.22970714344965,2.3246239642699087,68.6162580188898,10.590114329240704,40.65426356274894,40.61386534283671,131.52493878174485,29.303701400756836,89.6923172492552,28.966071626057175,15.238710480364222,16.69248586822751,64.05711210784044,35.12243130426576,30.511482094757085,41.93746721893843,39.396444870028745,7.009261797483532,56.617469787597656,46.804298400878906,44.8326388197513,38.905582251347816,25.557123425186315,9.829999923706055,6.27614010215009,4.753589528794801,62.635761389753064,102.77466190507259,3.0235561824764208,161.37483201464704,496.1210789856124,3.478347060137139,3.0335129547559965,17.353682855496007,65.09029882764425,6.134408636694421,38.46538901565202,14.420494078042704,22.450000762939453,7.20365735639111,35.004506239600786,12.614537823240003,7.91089947481739,5.606494168110212,296.4148754050281,6.418722812422516,21.549999237060547,20.943856160366987,19.079999923706055,15.546930086557017,134.04787518515172,112.4000015258789,156.27393297241844,46.32803910786435,92.34335618421461,214.95165928299937,285.0,18.006731388748744,20.362701710508368,322.44888693038894,46.61038412105212,158.1999969482422,175.6466194602886,25369.880859375
2021-11-19 00:00:00+08:00,42.70775042414612,134.75083177320204,439.537572323678,4.4216593363888315,80.0189902769548,3.587517784056134,51.310586174312846,21.98762802565047,12.32351449815071,59.05371654861773,2.341468882188835,69.20738875506657,10.644701471752855,41.04558936062941,40.65796026379191,134.38001661915106,29.17288309302487,89.42323632263556,29.00841924418574,15.024081153973714,16.38336519948877,64.42029145679584,35.03407519510198,30.692292027146255,41.61873267442017,38.9296636982196,6.7460491467972235,49.94246768855562,46.80429727490027,45.32748048899324,38.95217522890774,25.123135186711387,9.130000114440918,6.319009558579459,4.68156523066129,63.36748267346814,102.23293738755461,2.9753079914127394,162.7156162269536,480.9014046846367,3.469672679901123,2.941334469301859,17.230106867945974,64.5680556354878,6.142010343883511,38.670428396058156,13.957803579319656,22.200000762939453,7.2036573456396615,35.41365272227181,12.551857518075554,7.97643318802918,5.654494917732746,302.3829323057385,6.592201639674685,20.899999618530273,20.456788120499578,19.15999984741211,15.167735973514743,130.76427293116248,110.80000305175781,157.42091274917775,45.597312922241485,90.49843194413842,212.59169452117854,279.3999938964844,17.5435328738999,19.76671971350452,337.3770487544299,46.90109703780146,140.0,174.94962512419232,24934.400390625
2021-11-22 00:00:00+08:00,42.0592591145336,133.53262704090307,444.1061738122303,4.413188727787176,82.11972374104515,3.6216033029739565,51.176726155539306,22.168224334716797,12.450373341679589,59.099500174088945,2.349891592045649,69.11644529009715,10.608308792114258,41.00210952758789,41.01074282446879,143.99220701538562,29.216490148028118,90.14077758789062,29.09311550859374,14.916766661245328,16.85613827919732,64.87511928623215,35.65258221027996,31.912753042132994,41.70979366891811,39.06969497366557,7.11649684728093,52.05542054958995,46.66992440401962,45.97077691245219,39.09195327758789,25.07491621918462,8.90999984741211,6.284714108812958,4.654556439900026,65.07484517734102,105.25117733015682,2.975308000076095,164.43950475245947,492.1679233460648,3.4696726828212587,2.9245745390778177,17.83033474696897,64.42562206122429,6.142010102949696,38.95748594037343,14.26626403353261,22.200000762939453,7.18553470437411,34.77721030630777,12.833920382438501,7.8640885173755395,5.539293009930866,298.40423872794264,6.722310895835358,21.100000381469727,20.213255295179348,19.6200008392334,15.384419982655237,131.34376341432005,112.0,156.36952050370763,45.30502186650815,93.07161467529,215.54163087962436,278.0,16.887340006647285,19.587925485049904,362.25735459164645,44.866130137289716,139.0,184.50863799932566,25057.060546875
2021-11-23 00:00:00+08:00,42.05925731120342,133.72003718613027,436.1111172441754,4.396247386932373,81.35580518274877,3.638646312616669,50.73054993366483,22.21337417844895,12.468496570959813,58.4585999987594,2.349891424179077,68.93455614165734,10.626506058813879,41.00210961388846,41.18713032661162,138.94817742931477,29.783379277680726,88.88508052457739,29.050769652907526,14.86310976459545,16.92887049845829,64.73589493127483,34.85735881696649,31.641537753130294,42.11961047399281,38.88298481131658,6.999513026100995,49.462252575822816,47.02824265501183,47.35632881479707,38.95217133397454,25.653565768272635,8.699999809265137,6.224696709156964,4.672562497470272,63.02602485798666,105.25115762055302,2.9190185397449384,160.89597701376312,478.3318638134719,3.478347182907106,2.9329545497894287,17.742067654673935,61.67198366737897,6.0659955757535355,38.95748198344445,13.977083669161363,22.149999618530273,7.122106451248097,35.095431542651205,12.802580713691166,7.611315005148888,5.510492196946699,310.3404082770603,6.540158281650189,20.799999237060547,20.213256318115377,20.25,15.312188941832467,131.34375657301683,103.0999984741211,152.9286282282928,44.18457478410904,89.13901750845292,231.07793357750887,267.0,17.061037273077194,18.296632049451116,343.34833881325153,44.38161570256941,133.0,179.03210382260428,24688.990234375
2021-11-24 00:00:00+08:00,42.61510448050689,134.93822642994027,435.730394479463,4.4301299350299,82.5971700519783,3.6471678691978684,51.399818870348746,22.393967269311023,12.414128303527832,58.64171671224128,2.349891592045649,68.98002788876147,10.735682793921049,41.13254801295188,41.054838041724075,145.61008436196872,29.565345764160156,89.42323016292599,29.3895538628643,14.84522398356505,17.11070442199707,64.73589589149286,36.13855565119086,31.912750244140625,43.53118312519095,38.97634034364582,7.184736938162356,49.94246925315276,46.89386838564565,47.45529969771373,39.13854568540314,25.123136621671232,8.539999961853027,6.353305146078072,4.654556119976081,63.611398454685315,103.54856484820893,2.983349323272705,161.37482430183866,467.6583634556878,3.5130437568034107,3.0251328344590394,17.742067654673935,62.8114236925914,6.081198112468554,39.28555183861072,13.880689444647707,22.350000381469727,7.0949230068171225,36.41378346298464,12.943613662150717,7.536418220376658,5.385690234338724,311.93188040864374,6.8957899933065825,20.5,20.115841801775094,20.200000762939453,14.788540740092213,125.25944187183875,101.5999984741211,156.2739641189575,44.4281527931298,85.64335481109462,231.0779339051659,265.3999938964844,17.254038888487372,18.872748437817656,347.7272530254033,45.20529399675829,131.0,175.04919235736506,24672.099609375
2021-11-25 00:00:00+08:00,42.70774668678236,136.43756592307653,431.16181637570065,4.396247523630349,84.50693599155971,3.630125103935878,51.17672781303508,22.43912017490464,12.341636907066547,58.00081947284735,2.3414689786470277,69.9349368049742,10.84485912322998,41.69779327126255,41.89269204934438,147.98933924357095,29.565347655067495,89.64746170162974,28.99688622395738,14.737908363342285,17.092521893162843,65.8960353565778,35.47586491523341,31.64154052734375,43.48565471610643,39.02301653760874,7.019010163787315,47.349298511214045,46.98345021764611,48.49446591463956,39.697670070688815,24.39981925254425,7.909999847412109,6.233269803229338,4.654556806027127,63.90409742195521,104.47727151072903,2.9833492555486827,157.4481908041816,466.67007355271676,3.4783472407402765,3.0167531547582,17.653798624491962,62.00432810080859,6.050792150903623,38.87546777646429,13.30232856261135,21.75,7.230840579675144,36.14102400266207,13.319698781113907,7.630038104646485,5.404890860382665,311.3350623312606,6.713636871663414,19.260000228881836,20.45678899501851,21.200000762939453,13.759302634181173,126.41835548167018,104.69999694824219,152.45071752865354,43.98972066896907,85.20640300258485,229.30796955574073,273.3999938964844,16.597842140735676,18.395962517653295,350.513889130544,45.30219808188818,132.0,176.64234071759256,24699.689453125
2021-11-26 00:00:00+08:00,42.290860056824535,135.87531723342576,432.87500058745565,4.362365314677695,82.5494178200875,3.6130817172751803,50.55208155248628,22.168224885572272,12.251023289038365,57.131039380177434,2.324623920160827,70.02586220128006,10.826662325486858,41.741282517997384,42.33366577851842,142.7549963629316,29.478130465326593,88.6160039844048,28.642726541423958,14.630594092715077,16.91068763702278,65.47839415314286,34.503920563521106,31.234721819887366,42.75709551488868,39.30308668144157,7.087250746953132,47.25325917019214,46.66992600146535,48.19756490356088,39.651073781668956,24.303378781393263,7.699999809265137,6.198974426846935,4.645553527939588,64.58703098736675,104.94160192325555,2.927059950593822,158.50168606339835,467.06538482703553,3.4783471470517284,2.9329543550088912,17.547873158110697,62.858897263754535,5.997581436894786,38.58841483041364,13.398719758969188,21.850000381469727,7.121827907012557,35.91371975443416,13.147326219742347,7.639400246498953,5.491291893248226,300.3935852050781,6.6529198659816755,19.479999542236328,19.921015421343025,20.75,13.325939900647086,121.20324332160246,104.0999984741211,148.3407498539509,43.89228569556808,82.87597962043903,227.7346907200724,268.0,16.887339146280237,18.952212073774714,350.71289051309867,44.57542296280926,133.1999969482422,181.12312837332004,24502.6796875
2021-11-29 00:00:00+08:00,40.715953936430495,134.00118041737392,421.64387076731475,4.328482902894997,80.16221108708426,3.5960388998540385,49.83819086944858,21.89733076095581,11.997303049515313,56.53592293172531,2.316201306498871,70.02586911019209,10.826662429192915,41.48039643910544,41.45171790994624,142.65981382222535,28.91124532435396,86.23916072050683,28.155756973156596,14.344420548457038,17.27435814589029,63.900597649560474,35.29914724922383,31.912752966790023,41.93746860972391,38.60291269618471,7.019010268458945,45.23634959960777,46.222042809312555,42.16049488464705,39.60448492140997,23.628284760850345,7.300000190734863,6.241844399583479,4.600538307614185,63.56262392301125,106.79897448265841,2.8225219414030436,156.3947254290739,456.5894927000355,3.4436502746387614,2.8240159544942784,16.929992268943323,61.292181442000974,5.837949875812052,38.79344894038736,12.685406940043356,21.299999237060547,7.021133809966117,34.731751077688564,12.818251488051375,7.92962352040579,5.500892295636985,299.3989002765971,6.3319834121386895,19.059999465942383,19.67748260498047,18.219999313354492,13.181486015679752,123.61764206519078,103.69999694824219,149.20101362658897,44.37943844359043,85.4977207242534,226.1613871215053,240.39999389648438,16.404843862118778,17.74038320521909,348.3244056797512,45.73825957013026,133.0,176.84150499913514,23910.490234375
2021-11-30 00:00:00+08:00,40.48435471958055,131.47106202312517,421.64386511514357,4.29460061969172,80.1144735950049,3.5449103252765712,49.07969350865555,21.53613553118065,11.743584429840462,55.620362145727384,2.2993563193416144,69.57115828287098,10.7356820690818,41.69779594722647,41.09893726440809,142.75499845223342,28.86763528546819,86.23915750044807,27.845867333256674,14.398077509188523,16.637935729194904,63.297314476067776,33.66451357485494,30.556685392901997,41.254449106942346,37.575990073288544,6.8142891633777,46.628976956731314,45.23668729180225,43.10069631039661,39.13854999316839,23.29073658301631,7.360000133514404,6.0789388877327575,4.5555232665533785,63.12357933787688,112.21632520479626,2.8144806352030125,155.1496673887327,452.2410199702799,3.4349759482633235,2.8575359301836882,17.088877760255727,61.71946419649514,5.89116082709212,38.30136273465252,13.148097003104926,21.350000381469727,7.149289771346677,34.731749389328,13.006294171740898,7.704933942005507,5.472091912666161,303.7754609629443,6.4881145513167455,19.219999313354492,19.38524209576724,18.739999771118164,12.982859294054958,118.40251961746216,109.0999984741211,144.5175316115781,44.087145969785496,84.1382885439087,233.43788113106856,242.0,15.574952981094867,17.482125608430827,343.3483352651554,45.39909564996743,129.5,171.40814020789279,23782.859375
2021-12-01 00:00:00+08:00,40.11378087363294,129.31581442696708,410.79348551936954,4.336952893239445,79.25507861655747,3.553432097748488,48.678126172037864,21.400688985349344,11.779830229783263,55.620362398101065,2.290933847427368,69.70757664713227,10.590113639831543,40.82818884668101,39.46732811787006,141.3274443253227,27.9082882903343,84.80408377275425,27.049006081236215,13.593216400198067,16.419731901017805,62.554835366145134,33.399441744307346,29.471832275390625,40.480359968842656,36.87581880609366,6.726551915186256,46.821063027637294,44.0721792631416,41.96256440426433,38.812393422077875,22.61564553904843,7.190000057220459,6.070364556296263,4.39346938088866,62.782112250884374,115.38931935865267,2.7581907691190524,159.45939648161334,457.1824716128559,3.400279551284885,2.8240161011318885,17.10653025657585,61.10226742992735,5.822746979578753,38.30135726928711,13.977082815551364,21.549999237060547,7.286600653855651,34.36806325733645,12.614537957789578,7.714296644034959,5.481692148635651,307.5552784404116,6.488114877528047,19.399999618530273,19.054035840971892,17.81999969482422,12.784234418024923,122.16900230498902,107.0,141.55455106610265,43.0641300663059,86.03177072642107,235.60117869608607,238.0,15.439853723262187,17.124534330604686,331.6048391463682,43.31568403291653,125.0,167.92218500617366,23595.5703125
2021-12-02 00:00:00+08:00,40.43803551889869,131.18995250782632,411.17413330078125,4.336953229227206,79.20733351553585,3.561953214834226,48.410421119157085,21.400688672338358,11.725460657870423,55.98658697230615,2.2909337504324347,69.41640451724045,10.626506161295127,40.52382066209944,39.24683611390389,142.75499531686654,28.213535099001064,84.6246886575326,27.137545030116648,13.68264585665338,16.49246368229458,61.71952950776513,32.869291773033765,29.426630815669718,40.79909800356656,37.15588515544397,6.629065643474912,45.14030701402189,44.251334255363105,40.08216289581739,38.25326927380498,22.03699220915138,7.050000190734863,6.104660623104776,4.3304483078161,59.90398681082528,115.07976989547528,2.798397741778071,161.66214770749255,461.53093684001954,3.391604985382096,2.8323962358478267,16.418033057497013,61.339653219685744,5.8835589201374345,38.301360342430655,13.572229123416887,21.549999237060547,7.387293929415065,33.45885631341103,13.241347552578345,7.583228918743696,5.289689282889165,300.3935738412988,6.600875962440609,19.31999969482422,18.742316419665826,16.860000610351562,12.603665223663773,121.20323205126182,107.69999694824219,144.32638180945787,42.430831920289585,85.59481323671818,227.5380204790064,240.1999969482422,15.111755890097891,16.906009235682124,334.39142595257675,44.09090870021144,120.30000305175781,173.8980826386014,23524.05078125
2021-12-03 00:00:00+08:00,41.225480639113634,132.9703994895312,409.2705486272708,4.472483019634219,78.3001882292617,3.6642104781173397,49.48125076293945,21.62643522352488,11.779830180550466,58.000816672090224,2.3077789756954683,69.3247071012697,10.64470142168609,40.654264228658526,39.68781065545688,140.85160235969389,28.387962364650043,85.34223386409569,27.403168078310436,13.664759635925293,16.874321955902285,62.09077275257531,33.88541704173181,30.10466264357099,41.117843143412806,37.249245795352145,6.785043570867518,45.28437413995736,44.072178939679304,41.71514264988895,38.20668020143453,22.229875564575195,7.059999942779541,6.216122480876122,4.240417966619887,60.00154903632853,115.69889282629435,2.8868526849682374,163.09872235683972,463.3098378634618,3.3829310492686973,2.8910550774949946,17.336028048186073,62.71647708413117,5.929168564488977,38.17833238834994,13.591508561658078,22.149999618530273,7.341525043072262,34.00438479795352,13.44505934463198,7.536418700488997,5.2800890949346,300.7914493346509,6.678941070919087,19.31999969482422,18.917659657778973,17.1200008392334,13.0009160104223,122.36215031263049,101.69999694824219,145.47335611758282,42.62569684734371,86.46872712084874,225.37473491876483,243.1999969482422,15.246854066882294,16.985473217672578,330.01248931975624,44.52697315443146,120.5,167.92219664231874,23675.259765625
2021-12-06 00:00:00+08:00,41.225480639113634,134.00116508201202,426.59321491220527,4.523306639823102,75.43556169985366,3.698296462422792,48.499660253495996,21.89732989732596,11.852320671081543,58.458598186849564,2.3246240615844727,68.86620344423874,10.844859097012362,41.17603285567436,40.08469616613089,141.70810700644824,28.60599369869165,84.40046448830448,27.66878740822079,13.754189271992447,17.183442225563493,61.95156058892334,34.548097134711696,30.556683744948046,41.11784548573647,37.43595730616272,6.95077038528395,44.94822222690619,44.699224905302856,41.566686658931744,38.905582797888556,21.699444631512243,7.059999942779541,6.1989746452699706,4.303439365715027,60.538151394411656,117.32409586341737,2.94314263614102,165.68453783687093,443.5441056828035,3.348233812114277,2.949714109271464,17.583182028403463,62.194231197561614,5.860754918446854,38.178331188191855,13.302328024111704,21.75,7.46052643609345,34.95905041449534,14.338262786404876,7.854726780332148,5.568093768518939,291.24249686703456,6.479440298200707,19.299999237060547,19.28782884478679,17.020000457763672,12.621722686281947,122.36216140097238,102.9000015258789,147.3849696067086,43.59999652113381,85.78901281319033,237.37112041868195,236.1999969482422,16.211847841976898,18.097970875799533,308.31682964509315,45.156839207959955,109.9000015258789,159.6555651758446,23420.439453125
2021-12-07 00:00:00+08:00,41.503411596196855,134.2822913379474,449.245841173042,4.54024784655273,77.58403636517052,3.7749890260404997,49.74895751473526,22.30367079542847,11.924812170528236,59.60305156280539,2.333046604528975,68.72865992790422,10.626506540286924,41.08906725411135,40.52567046218613,128.1939736408654,28.169926711434375,86.41853403770645,27.535977921830362,13.73630306801079,17.110704818114375,62.1835920808027,33.26690898645468,30.51148223876953,41.75533050722688,38.0427784189868,7.2139832807746425,46.292828381794116,45.05753243792105,41.81410494379442,38.439647490719715,21.940550117082495,7.21999979019165,6.310435709658503,4.348453702141831,59.46495086947247,123.7475046699394,2.9431424812679268,158.5974578857422,452.4386744351147,3.330885916396611,2.9832336313837824,18.006874821519798,59.82040557933407,5.929168617692376,37.93228879865906,13.996361401428008,21.049999237060547,7.533757755132326,35.550033531059746,14.541975785216199,7.57386622462273,5.328089589291396,286.4680502276285,6.375353034699228,19.34000015258789,18.97610711674829,17.6200008392334,12.750433211485394,119.36828471667286,97.5999984741211,145.2821805423822,43.210274395172505,83.89554069795919,228.12801242509065,239.8000030517578,16.36624526977539,17.44239130148077,298.56378511807816,43.8486489627491,122.0,162.44432040036233,23704.509765625
2021-12-08 00:00:00+08:00,42.56878503488222,134.00118354391319,452.1012342909281,4.497895039393217,79.11184584228147,3.7409031695991497,51.39981999537469,22.66486348913001,12.160409076572858,59.55727523430117,2.3162014484405518,69.14129670765173,10.68109300353153,41.39343142938436,40.4374747459046,129.52638464457692,28.736817847544145,86.19431239924319,27.49170533865707,14.09401921244886,17.45619397639281,62.60123704362128,35.961834530176496,31.053912055733853,42.34728339942726,38.276164990222426,7.16523989002049,50.374663367025015,45.5054198873442,42.45740264523844,39.04536088893963,22.760308394149877,7.440000057220459,6.507637096086161,4.456489819353113,61.95282007800596,125.37271540997976,3.015514817299141,159.07631819703946,462.1239547896911,3.33955982202585,2.974853992462158,18.18341121982373,59.4880705806743,5.944371100445272,38.137330579547495,13.861410826455735,21.200000762939453,7.689377285876645,35.504576102703595,14.228572200324075,7.648762707027042,5.270488322770033,294.4254736238381,6.618224196225825,19.399999618530273,19.48265663518574,18.260000228881836,12.383514404296875,123.134765625,98.9000015258789,150.53911820897517,43.30770875578696,87.68249366458456,226.94804187358758,250.0,16.32764509046148,18.395963913339838,305.5302734375,44.57542229234967,122.69999694824219,168.22095924273418,24090.01953125
2021-12-09 00:00:00+08:00,42.1055813100482,135.12565402117863,449.05548804136,4.4978946277735465,80.01898554674612,3.681253543056404,52.247559593666914,22.57456488512897,12.16040887233672,60.060835142555135,2.3246240615844727,68.54525756835938,10.626506540286924,41.04558783617535,40.569768182437016,129.71669791396047,29.042060563305135,86.28399189701102,27.358895505730388,14.058248001247392,17.547110213321787,62.64764265173301,35.166611054664735,30.82789953432179,42.30175041165245,37.85606468381787,7.1457427709509265,50.18257747295482,44.78880580148831,42.655338287353516,38.57942927232998,22.856750170117575,7.329999923706055,6.473341358391139,4.402472136457299,62.78211472928353,130.63527250518922,3.0074734521218605,161.5663643972402,468.84430735055315,3.3395597650666757,2.999993324279785,17.830335221460373,60.29517048597336,5.891160421455061,38.21934053419257,14.150592040551484,20.950000762939453,7.80837887678668,34.913588543734605,14.228572075793354,7.6487627252312365,5.347290238064512,290.64570363262317,6.713636992097434,19.1200008392334,19.677483800286158,19.100000381469727,12.87885532303719,124.00394292015406,103.30000305175781,148.24520606172084,43.50256858351363,91.2266909648222,235.7978232251416,251.1999969482422,16.655742810160987,18.376096497666534,307.5206832640424,45.2537419302612,122.5999984741211,163.83869345220361,24168.41015625
2021-12-10 00:00:00+08:00,41.78133399880183,135.59418472845326,443.53507429094213,4.480953423343936,78.01373616065266,3.6471678386807627,52.0244718564331,22.574567720184564,12.124163480714826,60.289723329325746,2.3077789756954683,68.49941187884973,10.681093787555616,40.48034550760141,40.30517809720852,130.57323752285717,29.652556595254175,85.38708268793916,27.84586791488738,14.30864860267516,17.74713134765625,62.64763921276379,35.43168348957135,31.641538331834532,42.11960787441641,38.46287872084017,7.360212554119691,52.8237658746959,44.74401068006988,42.45740213248356,38.7192040405493,23.001413338813055,7.53000020980835,6.499062760573215,4.43848349261502,63.41627959360183,133.11177513319305,2.9753079076667728,162.1409891911736,465.4841164038175,3.33955982202585,2.9748538442349393,18.006872275827188,60.76993327831107,5.868355770015281,38.09631668924704,13.996361414848632,21.0,7.671069207190782,36.186476586922225,14.275581988798542,8.08877666195799,5.491292176638357,285.4733595642705,6.774355153153662,19.31999969482422,19.72618990081139,19.200000762939453,13.20908171354862,124.29367274597158,102.9000015258789,150.63468686285407,44.03843500778685,89.33320540364583,240.1243861762128,247.0,17.48563377683329,18.475427317162897,309.5110856417831,45.88361044063802,122.30000305175781,161.34873614957962,24070.560546875
2021-12-13 00:00:00+08:00,41.87397376234774,136.06272515072712,449.62655217831787,4.531777178431573,79.15960202626768,3.7238603987563534,52.11371022763408,22.303674110903508,12.142285537065355,61.25106614972187,2.333046533819015,68.95790124937369,10.790270498661696,41.219512096852235,41.01073851710034,132.85731472989912,29.347311226186715,86.73245908665936,27.713056792566437,14.219219425770245,17.983517541575953,63.018887945962426,36.712880885292925,31.686740487522854,42.8936998168116,38.27616747016552,7.321218129992423,52.871785696556834,44.78879879544249,41.71514045257581,38.57942945532516,23.628284426401745,7.519999980926514,6.619098107264472,4.438484611385627,64.73337823908422,134.42740916115014,2.9672666097111455,163.5775657223094,465.0888066107856,3.330885800301147,2.966474129939965,17.53022227678975,59.10825473647448,5.898762159517167,37.768254660073815,14.054197258287239,20.950000762939453,7.790071431179114,36.05009841918945,14.244242363391788,8.238569481612418,5.500892051878155,289.05425058736324,6.800377109870399,19.399999618530273,20.310670288302642,19.0,12.842163817308013,127.96356939769635,102.5,151.01701995658343,44.81787426942673,92.92595678099923,235.01118410134407,246.1999969482422,17.678629158304506,18.07810719944493,314.0891000687291,46.028965879445245,124.80000305175781,159.25717163085938,24242.259765625
2021-12-14 00:00:00+08:00,40.90123898282796,134.56341386077276,446.200101668395,4.480953693389893,76.05623734933157,3.664210557937622,50.641317083124534,22.213372181842935,11.870443840830228,59.557278187677184,2.3077787643257905,68.68280652396122,10.608309467791669,41.176034656979866,40.70205937088389,131.14424739462874,29.390916916284855,85.38707521352674,27.491706100631205,14.165562829646413,17.16525450225967,62.87967281972207,34.10631088368302,29.833451667198766,41.98300123413796,38.46287801810258,7.0677538325443825,49.03005812903645,44.34090992480833,40.181127374424904,38.34646243692906,22.663864694506746,7.46999979019165,6.507636583364138,4.402472598946977,64.19677286467159,126.92053230438017,2.9913906375686525,160.89597145570528,454.61292254203073,3.356908379577942,2.9413344119400175,17.697932170420927,58.491060005041106,5.860754882724818,38.055318765854175,14.536166266309413,20.950000762939453,7.515450641482896,36.05010279431065,14.369604543925055,7.892175209905807,5.404890712481335,282.48933760462086,6.73965899330024,19.020000457763672,19.628775168783548,18.100000381469727,12.84216367263549,120.0443290067262,96.19999694824219,146.90706218208518,44.28200976738753,87.34263327503527,230.29128836320888,243.0,16.69434148826363,17.641053605143966,303.53982158043965,46.02896571159363,121.0,158.46039874613913,23693.73046875
2021-12-15 00:00:00+08:00,41.410768285827366,133.90745949126577,434.20755280824835,4.480953559783533,76.39043240395067,3.6812535683940375,50.1505171152799,22.25852063227664,11.743583986857534,57.817709967409016,2.307778835296631,69.50810151752076,10.699289912879237,41.654316964305096,41.451715569035414,135.14138582126657,28.82403206610417,84.7592371125594,27.004736124709513,14.004590194272552,16.69248444077826,62.415612947383,34.28302764892578,29.38142994887956,42.392818450927734,37.34259932606701,6.8045406435622775,46.388870817245056,44.34090992480833,39.24093382690472,38.066898338255335,22.37454084307059,7.460000038146973,6.516210629889653,4.3844657957051965,65.85535916415128,125.37272202616607,2.943142431024023,156.77779402740873,454.21764409462253,3.33955982202585,2.9245747953724,17.1947975612508,59.53554509941905,5.8683562100370255,37.768253771261804,14.169870781985832,19.600000381469727,7.6069913802967015,36.59562238647834,14.009187829285915,7.864087954041832,5.356890412380115,276.72018491438286,6.635571986201752,18.440000534057617,19.87231011542279,17.100000381469727,12.658703961828925,120.7203525354002,98.1500015258789,152.25955906859582,44.52558452839405,89.43030390955106,237.17445231925927,243.39999389648438,17.601434207177917,17.025203704833984,301.15130588973193,46.99799746324617,122.19999694824219,158.55998761174877,23658.0390625
2021-12-16 00:00:00+08:00,41.54972456187922,136.34385896453313,431.35216547843453,4.430130138106609,76.86787447929382,3.621603430899136,49.97204584555344,22.48426678052467,11.707338391941681,57.54303672907323,2.3077787643257905,70.3333897748962,10.717485532624236,41.95868383734446,41.49581246591419,138.56752014160156,28.736817311765503,83.86231684463563,26.739116668701172,14.165562608216119,16.710666992981512,62.0443642337859,33.99225273971668,29.607440532524794,42.2106816906349,37.15588850172803,6.863032603343115,46.24480575804909,44.29612205446715,39.48835508777682,38.16008351773875,21.651225718014125,7.21999979019165,6.464766947232856,4.321445363053929,63.56261789503515,130.86744838809594,2.9351011162257166,155.62853987567357,446.70661165411406,3.3222116842037956,2.882675361083765,17.30072052687735,58.870873884896255,5.845551547200557,37.97329404816179,14.516888805883353,18.5,7.671069022364653,35.91371595514414,14.306922892481978,7.5645047721317376,5.030484212843534,267.56911310028244,6.566180517602743,17.81999969482422,20.115843023839446,17.059999465942383,12.713741505304268,114.63603798698882,80.0,148.1496098836263,44.28200584724595,85.78902100660137,231.4712698350094,238.8000030517578,17.00314122665881,16.886142611756803,289.00970458984375,46.51348339337759,119.4000015258789,158.26119820839324,23287.9296875
2021-12-17 00:00:00+08:00,42.89302834524403,134.84452250333592,434.9689724482185,4.421659129400074,76.43818993911279,3.6386461780192563,50.10590306176636,22.48426628112793,11.870444150150034,58.13815399223129,2.307778835296631,70.3333891788437,10.808467395573025,41.784757300311675,41.892690910864125,138.56752014160156,28.475177741479417,84.62469582553916,26.960466386036984,14.165562303841742,17.07433742651204,62.46202610665932,35.65150901680829,29.923854033046943,42.984766126042125,37.5293141298989,7.009262152937324,48.40578079223633,44.385698283922906,39.933709492875266,38.3930551568828,22.133436481262027,7.420000076293945,6.473341968490456,4.3034397793892145,64.0504381817045,135.43349405274952,2.9913906204536147,158.50168817434044,441.76517580633293,3.348233938217163,2.96647383263617,17.742066972215955,59.915355626172165,5.929168297735671,37.97329621462429,14.343379583086238,18.6200008392334,7.808379602641279,36.36832108880067,15.137446055948963,7.742383244215941,5.2800890425109595,271.34887751100683,6.8437464889332595,18.100000381469727,20.359374720247615,17.059999465942383,12.787124646511463,113.38055127961628,93.0,143.08383603987696,43.8435687433987,86.80857392383942,235.99450032164975,237.0,18.585728211892004,17.34306203851077,286.62119627594075,47.38561181773013,118.0,153.48048271185715,23463.779296875
2021-12-20 00:00:00+08:00,42.42982132206345,134.93824475881217,426.973892416186,4.455542220648394,75.43555337015346,3.6301249696536737,50.55208274143283,22.39396867797487,11.779829831773762,57.176815839149874,2.2993563630620883,70.60850429748268,10.808465957641602,42.132603527375984,41.7162971496582,137.8061553343765,28.344353602525377,83.90715763870323,26.606303211940617,13.950933439098268,16.983422197229945,61.44109390695865,33.85771844660194,29.6526397981585,42.757092580325825,36.87581835374229,6.9800161138314865,48.117647387999675,44.34090943455979,38.49867443310595,38.160083849830094,21.74766630753425,6.929999828338623,6.61909844264154,4.393468703061726,61.952818745846436,133.2665493967496,2.9511839044740107,149.78647820288776,432.27759637927727,3.339560031890869,2.9161947832447517,16.68283879385819,59.06077788207684,5.95197300997477,38.055311680588645,13.128817865433774,18.540000915527344,7.973151517437181,36.82292227174872,14.47929551354997,7.564504771859396,5.164886930878167,259.8106138708538,7.069268904357034,18.200000762939453,20.456790207231602,16.5,12.401861701851574,107.19967225624241,89.1500015258789,142.41476798221981,43.064131477506855,81.7592976173007,237.56779219048687,224.60000610351562,17.948830700684024,16.846409782877377,272.2901727433825,47.2887066991981,118.19999694824219,146.4090506148665,23079.830078125
2021-12-21 00:00:00+08:00,42.33717938360663,135.87532439713803,427.35465891118383,4.48942450310278,75.0536037574612,3.6897747770594918,50.86440773954789,22.348822558464104,11.779829773578616,57.72615133697986,2.3162013777287287,71.15869102428164,10.844858341464324,42.56740757972634,41.71629996046919,139.4240456203543,28.344356536865234,83.01022885081508,26.03079489432637,14.058247761955323,16.637933254889607,61.533910433259436,33.54380578469136,29.83345134456626,43.57671632527571,37.29592129431261,6.785043656321299,45.62052486611751,45.281475479276004,37.805893095136696,38.29986590104711,20.976130050040872,6.730000019073486,6.653394853111285,4.4384843542412185,61.66013172680024,133.11177874616578,2.9190186342845146,147.29642309805766,424.9642477700636,3.3222116842037956,2.8742952233879184,15.888417441082668,58.11124714765508,5.936769466764574,38.01430055552726,12.338391384661096,18.219999313354492,7.799225804145591,37.368450051470155,14.10321014339775,7.630037784576416,5.14568621589782,247.4765618638785,6.505462812166982,17.600000381469727,20.3106689453125,16.360000610351562,12.310130173740186,106.52365280402606,87.5,138.5915674639358,43.94099937969392,77.68106029239875,230.0946245797073,216.8000030517578,18.334828307993916,16.667617723176072,265.5226863108301,47.48251600990426,112.5999984741211,141.32953082410015,22795.5703125
2021-12-22 00:00:00+08:00,42.24454124469196,132.97037868130295,428.3064467566354,4.464012622833252,74.91037459636945,3.6471678445800735,50.8644038609096,22.258522623336763,11.707338333129883,57.35992883595651,2.30777890575132,71.5254973579256,10.753877950915054,42.08911837004049,41.49581275924815,141.42261879798653,28.34435483148235,83.50353981897746,26.163602648089565,13.861502863644622,17.092523110197863,61.44109029400354,32.915982076812114,29.83344927135201,42.93923668029156,36.875817910372895,6.872781180167608,46.725020317022164,44.25133450116027,38.79557520666707,38.20667623758526,21.458340263939238,6.920000076293945,6.499063272094364,4.501505374908447,62.58698817883866,135.3560907431376,2.9029354881856695,149.7864877981071,444.7300344772856,3.339560031890869,2.849156141281128,16.71814703501448,59.58302077065931,5.936770014232076,38.05531093526387,12.415505598799088,18.459999084472656,8.284388909211659,37.36844728959458,14.385273890948412,7.611314444804052,5.1744869557377475,260.4074025929396,6.8090506826234165,18.479999542236328,20.067136418209266,17.020000457763672,12.860510040644684,108.26200978592996,88.5,141.17222740712762,44.038431760934735,81.07959414467999,233.43787575896494,233.0,18.23832893522804,17.045070208902946,286.024097980148,47.48251533868129,119.9000015258789,151.48855182482862,23221.130859375
2021-12-23 00:00:00+08:00,42.89303227720344,134.46971915071006,428.306407422091,4.497894833407316,75.00585684862307,3.6642104781173397,49.70434132431654,22.258521218822235,11.707339035963807,56.94792638043142,2.3162014484405518,71.34209334606498,10.899446956371502,42.35000228881836,41.31942165254839,137.9964939061442,28.213534661363564,84.04169420497915,26.207876381834165,13.754189073392894,17.001606148664045,61.8587510630075,33.85771702431344,29.51703472553728,42.62048893561817,37.20256604909027,6.8922784221493325,46.62897780006903,44.07217757741426,39.587321882346195,38.579425883061326,21.60300312156957,6.949999809265137,6.507636886799726,4.501505053181226,63.416267865450074,133.730895727622,2.927059969805314,146.62602603181477,448.6832036082907,3.3395597650666757,2.8659156685666263,16.718146692263232,57.87386578057781,6.058393694309541,38.21934509277344,12.338389440917291,18.579999923706055,8.284388361879596,37.641212463378906,14.44795497407003,7.6394004780975875,5.260888556315912,264.38610004473327,6.999877005948002,18.459999084472656,20.359375364089438,17.399999618530273,12.732087507320102,112.51136739929879,89.0,141.65013023870705,42.966700297654,82.73032004510632,239.92773247006133,224.39999389648438,19.73406271762517,17.12453527633373,260.14857886114163,48.112387261533684,114.9000015258789,154.87485234877641,23141.7890625
2021-12-24 00:00:00+08:00,43.0319938659668,134.6571044921875,431.9232177734375,4.548718452453613,75.3878173828125,3.73238205909729,50.23975372314453,22.619714736938477,11.689215660095215,56.35280990600586,2.3246240615844727,71.70889282226562,10.917642593383789,42.26304244995117,42.73054885864258,140.9467724320162,28.91124153137207,84.08653259277344,26.252145767211914,14.040361404418945,16.783401489257812,62.972476959228516,33.229896545410156,30.10466384887695,43.713321685791016,37.34259796142578,6.843535423278809,45.52448272705078,44.609642028808594,40.626487731933594,38.67261505126953,21.12079429626465,6.519999980926514,6.661968231201172,4.438483715057373,62.73332977294922,139.30300903320312,2.967266798019409,148.25413513183594,455.403564453125,3.3655824661254883,2.9161946773529053,16.71814727783203,57.49405288696289,6.180017948150635,39.16252136230469,12.608292579650879,18.3799991607666,8.211156845092773,37.641212463378906,14.526307106018066,7.667486190795898,5.222487926483154,260.6063537597656,7.26876974105835,18.639999389648438,20.456789016723633,18.18000030517578,12.8421630859375,111.2558822631836,87.30000305175781,144.13522338867188,43.59999465942383,79.33177185058594,248.58087158203125,225.39999389648438,18.276927947998047,16.88614273071289,260.1485595703125,48.40309524536133,113.0,149.79534912109375,23375.990234375
2021-12-28 00:00:00+08:00,43.07831553277652,134.6571157027603,434.0171564545918,4.5402481196285995,74.86262448702182,3.732382033765167,49.972049143678596,22.619714411311953,11.6892145154048,56.26125525082636,2.3330466464540094,72.07568265749791,10.917643006445772,42.35000414863532,42.818738986113075,141.13708846956422,28.911244881351188,84.26592257313031,26.296414941821475,14.254990420674774,16.819769616596158,63.018890380859375,33.543809803127395,29.7882492522604,43.8954674375531,37.29592050661431,6.863032510564976,45.52448215523242,44.74401378533723,40.18112968937907,38.672614692956515,21.12079353748246,6.550000190734863,6.687690193026159,4.492502165636906,63.07480239868164,138.14216281895506,2.975307958185229,149.49917608233847,452.43869888804306,3.3829308122965602,2.9413344119400175,16.85937675461527,56.9718123642836,6.22562608746462,39.20352815478979,12.627572138104489,18.459999084472656,8.238617987292105,37.91397211946631,14.557647651046318,7.714295860790144,5.241688014074545,262.1978346007807,7.424901242521555,18.65999984741211,20.45678973803287,18.0,12.750432968139648,111.64218941602219,88.94999694824219,143.46617126464844,44.23329283025904,80.06002807617188,250.74414831392576,227.60000610351562,18.31552824978232,16.9656061989977,261.740901888088,48.451544492629694,113.30000305175781,153.28128086898036,23282.349609375
2021-12-29 00:00:00+08:00,43.35624112335695,135.87531378453156,434.01717474912647,4.591071876479973,75.96075077749707,3.7749888896942134,51.087493927881674,23.1615047454834,11.888566914519467,56.53592171669007,2.3583141079702457,72.85513305664062,11.08140813471107,42.87176869164613,43.48020489347494,140.47092139618522,29.042061311723856,85.38707689120018,26.916194741634833,14.612708456537545,16.98342070163521,63.52934513955163,34.08194258627797,30.827895622106123,44.76062774658203,38.46287757175316,6.911775965681837,46.10074154361264,46.22203948345218,39.48835493708776,39.13854590632174,20.156373472057286,6.400000095367432,6.927760921537107,4.573529022815927,63.07480539824295,144.56558227539062,3.0155147151684107,145.95562376059846,438.4050136593739,3.3655824661254883,2.949714109271464,17.265411764155072,57.49405094876155,6.248431545998131,38.7114372253418,12.4926200882286,18.280000686645508,8.202002712845854,38.73226661186416,14.338263373007939,7.7517439424504735,5.251288029693166,258.2191218993362,7.251421814488985,18.799999237060547,20.651615952676398,17.940000534057617,12.658704390925996,113.18740454713364,86.5999984741211,143.370579270997,44.33072472123746,80.49698811583694,239.92773531235056,222.8000030517578,18.508526674291513,17.204000179658433,258.75526426734166,48.83915957340414,112.30000305175781,150.492571905395,23253.98046875
2021-12-30 00:00:00+08:00,43.448883056640625,134.93824847264273,434.77859113866964,4.599542144793455,76.39043567938576,3.7920316612122256,50.864404991575476,23.161504339011607,11.779830083324525,54.93369110359633,2.3751590961827027,72.99267609333403,11.135995761941242,42.82828903198242,43.39201237313006,142.37432086488423,28.998456954956055,85.20769544674194,27.270355224609375,14.469621519161175,16.710667420717254,63.111701122577564,33.58864894448257,30.28547422813647,45.12489902710707,37.435954399875065,6.775294533825104,43.55559123787066,45.59500306297045,39.29042016715367,39.13854583198502,20.156372641793944,6.360000133514404,6.782003768681519,4.600537937038317,61.90403992159506,144.5655774008907,2.975308000076095,147.87105748042552,441.17220342481926,3.356908086231353,2.9413344283424996,17.088876111810695,57.44657990523462,6.187619414748092,38.71143812611062,12.569734953275306,18.459999084472656,8.220309071536727,37.41391162642478,14.291252765978127,7.676848814108017,5.107286017546645,260.8052807988974,7.060595319474452,18.559999465942383,20.261962216641404,17.799999237060547,12.401861119965872,111.25587924451462,86.55000305175781,142.6059360227859,43.69742519429132,80.6911952035949,243.46765842079392,215.60000610351562,18.682225228818176,16.230562694552233,256.1677092866659,49.22676985202501,110.0,149.19777292125758,23130.44921875
2021-12-31 00:00:00+08:00,43.49520311918404,135.1256382687437,436.87253248389834,4.574130535125732,76.2949439060617,3.74090331922665,50.50746200674665,23.116357214402072,11.779829522597431,55.7576968511327,2.375159192963592,72.71757545934192,11.099604020216068,42.828290247137446,43.65659677537081,141.2322755101299,29.17288274149071,85.83553675738557,27.358896077141875,14.57693543104786,16.947053577003317,63.85419184776033,32.96082908857321,29.83344885973695,45.17043741620658,37.482637042298386,6.697305613816774,45.28437566524375,45.729365281271235,39.63680492992578,39.32492456741273,20.54214096069336,6.699999809265137,6.593376419735239,4.402472019195557,61.22109170365161,143.79167556174806,2.9029355845321816,149.21185658344936,456.589493000665,3.3655824097348357,2.9161948417505417,17.371336375895996,56.78190744613936,6.111604147454907,38.54740922956237,12.646850127834247,18.5,8.128771375235656,36.59562293671441,14.259912815915037,7.779831102148444,5.212887565378848,270.5531545571065,6.9912040423986,19.100000381469727,20.359375342487674,17.920000076293945,12.768778836324238,114.4428935910933,92.8499984741211,142.60593410615365,43.30770809737028,83.41002911641543,243.86097300580442,228.8000030517578,18.334823608398438,16.965606575401665,273.6834449489621,50.38960611045539,119.5,161.44831882505605,23553.7890625
2022-01-03 00:00:00+08:00,43.54152491490009,133.72004089695113,436.3014291814686,4.6164830776538,75.43555450439453,3.792031842841043,50.685933808482105,23.071205322806442,11.816075575080783,55.8034741274284,2.3835816383361816,72.21323270409086,11.081408236466206,42.52392688354768,43.78889220421973,139.7095427132523,29.04206299175849,84.8489268285962,27.31462844862678,14.16556290796123,16.983420211529875,63.85419184776033,32.51238112356682,30.014260730868703,44.89722459505388,37.015851348830914,6.90202674396534,44.75613013026709,45.639787872390244,40.329584674253624,39.091956998966126,20.7350256560787,6.590000152587891,6.601950352059412,4.456489717640481,62.29429681570709,148.04815587369302,2.951184066733771,151.8934746773148,454.41523772748803,3.3829312031096457,2.9078148156279924,17.388991198827675,57.73143825471079,6.104002643305614,38.54740672659926,12.878193456115993,18.799999237060547,8.156231943757646,36.5047078548961,14.588987307539615,8.051329370369965,5.2416879451680725,266.57443101174977,7.138661118825277,19.079999923706055,19.921017210937357,18.260000228881836,12.860509453108534,115.4086516338545,92.55000305175781,136.67997968439036,43.64870769453941,83.02162170410156,246.4175831622947,229.0,18.373428144200105,17.482125001846494,274.8777197908629,49.75973845032202,117.0,157.46441767861975,23510.5390625
2022-01-04 00:00:00+08:00,43.63416234529335,134.93825081603168,434.7785746804512,4.6249541555607685,76.29495021188976,3.7749888316938014,49.927428141477115,23.974189353682583,11.779830124759728,55.52880748758796,2.3920043324917413,73.22193205441677,11.190584359250115,43.04569459734743,43.96527444750535,142.8501828138256,29.042059626621324,85.38707543663214,26.960466740996175,14.111905258126498,16.80158463176618,64.22542851995807,32.602071204473305,29.471832597665585,44.669559234782945,36.409033360584445,6.580322292385406,43.171424957486735,46.222041111068734,40.23061643933567,39.231731340764895,20.73502623614143,6.300000190734863,6.6362461759649305,4.438483786616864,59.025913997953324,154.54895906920956,2.9994320702411414,151.03150537298728,450.0667959699159,3.391605261014845,2.9413343532518916,17.318376920160965,58.775920512810266,6.180017952685353,38.62942205691131,12.955309155166939,18.899999618530273,8.284388760129556,37.0047673213911,14.63599871281619,8.023241851000993,5.452891667636916,274.53189814198504,7.4682705264522635,18.719999313354492,20.26196110493576,18.15999984741211,12.842163817308013,111.25588568849822,84.25,129.70259542282508,43.69742585563543,83.99264388381238,247.00757040769363,222.8000030517578,18.469923654777947,17.323196644397456,265.72174062426734,50.874123422723066,118.4000015258789,158.06200583844077,23400.619140625
2022-01-05 00:00:00+08:00,45.71859781563945,138.68652012663878,430.21001667027855,4.701189585503172,76.2949439060617,3.7920313900560054,51.310583421016524,24.38053040937944,11.83419845373714,55.66613887479931,2.4172720032169557,72.9009855315177,11.09960375554466,42.69784612938695,43.30381192684195,138.18682504740238,28.91124387431141,85.65615487703407,27.049004571492286,14.30864860267516,17.692577275918588,64.78230780819914,33.58865361612634,29.923854054692335,45.352572117648094,36.12896129631296,6.755797532357758,42.40307808750578,46.3564084410577,40.82442137205054,39.464702511567715,20.493920565833992,6.130000114440918,6.927761191629303,4.546520298220886,58.09906387046495,154.9359237020007,3.031597727558526,145.47676702872874,437.2190491548133,3.478347060137139,2.9161946625420527,16.982951763300367,57.30414897373145,6.324446270181552,41.62299582259873,12.415505556139303,18.700000762939453,8.229464620243863,36.59562728067427,14.573317180322139,8.098138791537762,5.510492191933828,266.9723005451616,7.320813751420462,18.440000534057617,19.580070651011262,18.3799991607666,12.842163490476404,107.87570148457257,82.4000015258789,133.4302212421115,42.86926769534007,75.35062313357659,240.911043851526,211.0,18.276929221125403,16.985474143482428,249.79835125807602,46.36812997863143,119.0,152.38492767333986,23323.76953125
2022-01-06 00:00:00+08:00,45.44067201973503,139.99840361837786,409.2705807740661,4.75201362021573,74.95812505165985,3.868724480017439,50.77517103015672,24.696575162152374,11.961057912890803,56.444367875991304,2.467807559867411,72.67172299339657,11.11779993372352,42.697845371710855,43.39201090281674,136.09308719985054,28.73681752353038,84.62468836256437,26.783384713928918,14.326534959141947,18.165349099584418,63.57575859743007,34.530389443421974,30.827896230673005,44.715084075927734,34.54190447407447,6.677808600099481,38.417281624656056,47.16260821557398,38.89454144315137,39.83744826738876,19.191953659057617,5.760000228881836,7.004926796836526,4.591535182788087,57.464901160525706,150.13770087560016,3.1039697618545645,143.6571084796346,416.06964027527,3.46099853515625,2.958094061324609,15.976686089044808,56.82938185708395,6.392859631684202,40.67981363754633,11.663634873848054,18.040000915527344,7.9914593248942385,37.27753337907193,14.792699466849855,7.817279280519307,5.596894045558269,246.68081064492344,7.2080525053162035,17.6200008392334,19.969722223497953,17.139999389648438,12.200055072762844,107.97228989112726,75.6500015258789,139.54736867472036,42.33340389001111,77.0498934790657,223.01479911031763,195.0,17.3505366903837,16.747081215671948,246.81270259074728,44.91458264756811,117.5,147.20583513177465,22843.19921875
2022-01-07 00:00:00+08:00,46.41340255737305,140.56067794112644,417.265638765238,4.6503655606141745,77.77501497262755,3.809074726380804,51.75676290900454,25.28351302175642,11.924811926606706,55.11680533864201,2.450962252602724,72.21324252482873,11.026819229125977,42.65436818019538,43.12742614746094,130.1925445927054,28.34435566287725,83.86230681760598,26.517766556561288,14.094018566566444,18.319911903973328,62.740453576620965,34.03709972077129,30.511486084838232,44.35081105268747,34.63525935059564,6.658311480250433,38.17717544110098,47.07302750175027,40.131645549213225,39.37151700188132,19.481280806091096,5.980000019073486,6.996352563663547,4.528514759766573,56.92830031841312,148.58988715381324,3.087886975943101,145.38098655529035,439.7885896497602,3.4696728625124726,2.9664739269410236,16.11791763875121,56.68695427218696,6.537288122422313,40.18772224736784,11.702191804823675,18.15999984741211,8.302696537578035,36.732005138492156,14.541976466606656,8.060690571110365,5.6064944471030405,250.46060818108222,7.225400026730083,18.219999313354492,19.774894831684367,17.18000030517578,11.466217041015625,107.58599032453016,79.5999984741211,134.76834531721047,42.38211846649503,76.07887696219635,226.16139765022876,208.0,16.520644700929115,16.60801784336112,263.33324805168013,45.30219458421402,126.5,151.48852699928833,23318.919921875
2022-01-10 00:00:00+08:00,47.06190040695255,142.43482493747945,427.735357242661,4.785895619112125,77.34531469345093,3.919853075493114,54.7015483019302,25.19321460521803,11.94293504938556,57.68037223900642,2.5014974107823007,71.66303263073841,11.026819697942594,42.30652245779617,43.21561848778055,129.9070206786231,28.69321394396353,84.40046284392194,26.473495473519492,14.290762292212731,20.001887843587056,63.018890380859375,36.23448899725802,31.95795663577391,44.851698807995724,35.75553895666024,6.902027167486435,38.7534314176234,47.700074487170234,39.93370784605085,39.6976661784765,18.671167419843037,6.260000228881836,7.047797272536214,4.537517360675771,58.34297039953971,148.58988408289997,3.1039698123931885,140.59242595694022,429.73714675480153,3.495695295741362,3.1089318539313124,16.329763663442513,57.54153112001568,6.514483482356596,40.63880714332902,11.605798936612077,18.299999237060547,8.229464441446895,36.41378015609202,14.432286001795632,8.425809252032801,5.664095482328084,242.50315085653097,7.3555089097739765,18.15999984741211,20.846441769249523,17.219999313354492,11.576292826996623,104.10923833622773,80.8499984741211,136.58438155970555,45.15887467622486,73.11729463762123,217.31159207267888,202.0,16.9259375275412,16.647749922798834,267.51311129037697,44.57542214997699,128.8000030517578,156.3688430956005,23523.900390625
2022-01-11 00:00:00+08:00,48.03463372034378,145.05862348696624,436.11110792713475,4.8621308499220435,75.67427020132186,3.919852966381902,55.14772079242221,25.915603993465346,11.924812214448393,57.54303683144024,2.5014974107823007,71.34210205078125,10.935839185316324,42.35000152382911,43.12742520920398,131.14425163286614,28.78042232560759,85.02831334292512,26.73911702289576,14.30864912208249,20.00188631350918,63.018887945962426,36.324179077148436,32.95240355859121,45.07936896929195,35.942250241777266,7.135994354720617,41.49066812200293,48.640638409764236,39.63680591906614,39.51129913330078,18.594013884278432,6.820000171661377,6.9449093264001025,4.699571110186743,57.41611762115876,142.32124723077524,3.079845796126503,133.9841980556478,439.329496048405,3.5043695580482184,3.092171981895166,16.912338067174467,56.449571867326526,6.446069854926651,41.08989607685188,12.06848857483893,18.299999237060547,8.183693813864156,38.27765755538609,14.635999229168753,8.725393444663888,5.9328991697296445,240.71273981746262,7.633075824059939,18.299999237060547,20.408083786671515,17.239999771118164,11.576292816012494,105.17157337424514,82.69999694824219,137.9225255321606,45.79217214432974,72.82599095159806,214.95165669943532,209.39999389648438,17.833030478366823,17.501992133683565,272.29014971776104,43.4125878308831,125.0,157.3648165256552,23678.689453125
2022-01-12 00:00:00+08:00,48.266240598317744,144.5900630726372,435.92076888438754,4.980719634320925,76.3904379131788,3.9454175911956155,54.34460241608499,25.4189620741878,12.051672684507643,58.870604353084744,2.5183424949645996,71.11285416539276,10.954034700655484,42.219566182199756,42.59825298933211,130.38289504023643,29.39091894547206,85.29738117335242,26.73911495392538,14.308648945607272,20.456477680772128,62.276397705078125,36.95200492987463,33.178413850917124,46.67308128797091,36.315679191517,7.18473701815549,43.5555940860223,48.371903840069876,40.824422828536015,39.511298866547484,18.439706360520724,7.21999979019165,7.073518646003569,4.591535068385456,54.830685235078654,147.04206884168514,3.176342215105843,135.8038556489967,452.56696110542885,3.513043822757277,3.2011101245880127,16.96529898888369,56.354614697532256,7.1834155126782315,41.54098351724871,11.952815055847168,18.459999084472656,8.119616297250186,38.64134699799294,14.824041830516258,8.678584110695455,5.865698248986893,245.48720019470963,7.945337916939163,18.239999771118164,20.16455078125,17.459999084472656,11.649676493032608,105.36796485242155,91.30000305175781,134.29045971005328,45.88960331390685,74.52526577821229,219.27821417193584,216.0,17.794431801439092,17.720516682442575,297.3695067916051,42.58890949843976,128.60000610351562,162.3447020225103,24069.51953125
2022-01-13 00:00:00+08:00,49.146331463662214,144.40266292007806,444.67725839835265,4.91295534170372,79.15959313772585,3.928374374954596,55.281578063964844,25.373813106467175,12.142285700169252,58.59593572103489,2.5183427060054493,70.83773691541717,10.917643006445772,42.13260756663928,42.81874248285,135.71242561530218,29.26009414666063,85.07314538967523,27.09327639910669,14.23710582749299,20.411019687997907,62.27640199607806,36.90716039834368,33.31402098541234,47.26503414235619,36.2223248132747,6.989764935950867,42.73923030183527,49.26768493652344,41.66565492651035,39.69766997668913,19.433058357848047,7.349999904632568,7.0992400537182565,4.501504938746734,55.80632177010875,151.22115726375952,3.1924249226370676,136.5700318468307,466.18809141368115,3.53906602217302,3.251389577889989,17.10653025657585,57.96881844182986,7.016182012110821,41.66400205957726,11.914258770105555,18.84000015258789,8.165385995866396,39.095945560697125,15.153116917834572,8.650496330767801,5.7888979144140755,259.6116765835125,8.023404314537354,18.84000015258789,20.213254882765103,17.600000381469727,12.255093008498196,110.40393281442032,94.6500015258789,139.54737833496168,46.13318065004782,78.02090103445873,221.24482859597967,228.0,18.27692834385061,18.177435696266325,296.7723883291429,43.218775150898445,135.0,167.32461526623072,24561.48046875
2022-01-14 00:00:00+08:00,50.35067355705784,145.71456000802422,431.161775047431,4.997661384717175,79.92349351736574,4.0135884284973145,55.326196481226155,25.780154833400402,12.287268738869725,58.138152863235284,2.5351877212524414,71.75474635598361,11.081408398948604,42.43696203936483,43.21561813354492,137.23512484824192,29.172882080078125,84.6695327758789,27.314626116572256,14.272878435336692,20.092805862426758,61.53391245103786,37.40044853160037,32.63598495354339,46.900754626477934,36.409035631818156,6.443841568442366,40.91440590723414,49.04373687461268,40.03268137146167,39.97723362463013,19.191952585441687,6.739999771118164,7.373606905745422,4.456490030740024,56.05023193533497,155.09068775898666,3.248714378199111,134.75035643601686,443.1664459257135,3.547740517147508,3.2513898680260533,16.54160824801522,59.82040662831002,7.016181975490643,41.8280374245837,11.856422425067285,18.68000030517578,8.15623176625106,38.32311633958328,15.325487646466142,8.772203996043872,5.7792972539868055,253.84251403777702,8.04942544500871,18.5,19.482654941944958,17.0,11.869827842014223,112.14715357740785,89.0,141.55456346410367,46.425472160706754,75.73901910704214,209.44510879801078,215.0,17.96813275063795,17.958909383404816,278.8585737647508,43.461035444469715,126.9000015258789,157.5639689186719,24185.859375
2022-01-17 00:00:00+08:00,50.72123888189142,147.40127594868298,430.01960203214554,4.989189896245442,81.2603269095531,3.9965456637145396,54.43383730105867,26.18649772845268,12.087917535333222,56.94792554873796,2.543610219172514,71.4337842902665,11.117800037841045,42.39348238453181,43.21561813354492,134.7607198118895,29.085666686568533,84.6695327758789,27.226084902693746,14.46962090710575,20.001889017102677,62.183583421195586,36.324178234040026,32.22916929567947,46.99182209388849,36.36235604433584,6.2001259989238315,41.34659968550175,49.267680296039764,46.02026062011719,39.8840446472168,19.095511046655872,6.800000190734863,7.279293537139893,4.402471629422134,56.733172717112325,164.68712369328077,3.25675630569458,133.1222627402042,452.75876557232687,3.5303921671883183,3.234629492158314,17.1065294527924,58.206204043703224,7.038987670289003,41.70501578865206,12.049209290866704,18.579999923706055,8.266080579408605,36.91384209490525,15.372499605987556,9.127959906566886,5.904099464416504,261.40207638891377,7.7371628710206535,18.520000457763672,19.58006840549681,21.049999237060547,12.12667137172477,110.30707616632695,92.1500015258789,140.9810738275515,46.13317937388009,74.23394890457617,214.95165669943532,219.0,17.562833369093628,17.89931276355452,283.43652726543286,43.07342480899489,129.3000030517578,159.35675897289468,24390.2890625
2022-01-18 00:00:00+08:00,50.999165017848554,145.43344195653592,429.06782385920144,4.938366616170138,80.20995610919805,3.988024363353877,54.43383521836431,26.27679383985656,12.196654467586002,57.86348802920655,2.509920049510772,71.5254898071289,11.06321191002479,42.6108877585733,43.21561813354492,128.86016497999597,29.172883551010514,84.75923588408743,27.09327658090493,14.576936013995487,19.865512834684964,62.09077891363298,36.05511102020682,33.17841534942543,46.99182391096597,36.08228974602366,5.849175319403495,37.889045238687395,49.67077799338464,44.585216709302635,39.79085532450444,18.690455273973452,6.599999904632568,7.313589281713037,4.357457535415218,55.46484514316254,157.10283829615665,3.24067364045738,131.3983518358117,448.7300119139839,3.5217176083868194,3.2681494178667148,17.01826307069759,57.2566729169062,7.0693937336032056,41.33594428008664,12.145604214290396,18.719999313354492,8.147078749881443,35.64095575565038,15.466519384739012,9.212218761641845,5.904099361954037,268.1659398263362,7.685119012223392,18.559999465942383,19.307311130985816,21.0,12.07163280512247,108.85439282455279,90.4000015258789,142.41478323534582,45.207593864199985,73.16583758336374,216.7216069122095,216.60000610351562,17.717231343606556,17.10466883549907,285.6260071894601,41.8136879283983,129.1999969482422,162.04593017980645,24274.75
2022-01-19 00:00:00+08:00,50.48963535609222,145.4334470272395,435.7303912515948,4.9722488973298145,80.20996785645491,3.988024363353877,54.92463458691759,26.276795333090085,12.269145615479625,58.96216111159158,2.509920023452537,71.47964538323014,11.045015123961694,42.2630393094755,43.1274243402479,127.05194563737393,29.34731078919369,84.75923201078137,27.04900550842285,14.398077733632897,20.592852262507094,62.13717762694465,36.862312300641946,33.5400273231238,47.35610382851077,36.12896927059546,6.102640122287651,38.80145729759174,50.163455405946515,43.7439931983673,39.6976661784765,18.439708976968834,6.579999923706055,7.407902763390388,4.411475191210607,54.83069032492467,162.67494590436198,3.3210868881984847,133.12226505960606,434.5333222636388,3.5043694972991943,3.3687078952789307,17.230105559425073,60.24769125457878,7.145407874529518,41.33594295803235,11.97209414627786,19.479999542236328,8.037229627852467,35.27727610552443,15.654563444032942,9.024979429378522,5.808097580730259,263.19252330283524,7.719815441297425,18.559999465942383,19.307311424770926,20.600000381469727,12.163363262788915,112.24399774658598,90.0,150.0611938205447,45.256307546174284,75.54483599892176,215.34496471799457,216.8000030517578,18.817321969318353,17.879446179268516,284.63081006602926,42.24974597696862,126.19999694824219,161.34872716658217,24229.779296875
2022-01-20 00:00:00+08:00,50.30435189070843,146.18308246624895,435.73037051531503,4.955307823618516,82.11971698815921,4.013588614361427,55.147720275368314,26.637989447940356,12.504742976604273,59.64882976014589,2.5267651081085205,71.47962946766539,11.081408398948604,42.480441014539494,43.43610562729532,121.53208380285339,29.652557582773298,85.16283518557744,27.31462593640957,14.576935215579724,21.456572160198156,62.833267920891046,39.32876968383789,34.80569227004156,48.63107398196823,36.7357830763089,6.629065849568119,43.65164011643319,50.52177170582641,44.43677029555029,39.97723388671875,18.246822864312378,6.489999771118164,7.570808042464104,4.393469311713993,55.51362781556329,161.74628128185444,3.3773764534104305,127.56749769661624,436.82372766258584,3.5217176083868194,3.2681492715177405,18.359949062314733,57.49405298084293,7.168212301172816,41.499975633739474,11.528684143023447,19.260000228881836,8.046384511548382,36.36831939674733,16.257866925155643,9.268389927312946,5.827298143875183,256.03080308170024,7.797881126403809,18.440000534057617,19.09300343361945,20.600000381469727,12.18170929282369,109.1449324998306,85.30000305175781,144.0396489533858,45.792173322801325,74.28250774237851,211.41173584396174,217.0,17.736532811665487,17.581455043078616,282.6403402496334,42.443551486007266,125.0,166.32861982021197,24263.150390625
2022-01-21 00:00:00+08:00,49.65586323392285,146.74536255488715,451.33980816633687,4.980719906054891,88.32645112711413,3.9965456637145396,58.62791606110802,26.999182335973657,12.921567003625741,62.12084441730368,2.5183426361259205,71.61719486647304,11.045015820543911,42.08912311293883,43.56840488831009,122.48378342281815,29.69616375576589,85.47677644230784,27.226086018315208,14.755792806143068,20.956524053001154,63.807782899562255,39.7772147737244,34.082457909272264,48.357865178290446,36.595747101467786,6.726551831069738,46.917103794449964,49.89472223036571,45.03057634508288,39.97723362463013,18.5361479987316,6.829999923706055,7.450772901385881,4.609540964843771,56.92829618546148,154.78113731491524,3.25675616706491,131.68569776746963,463.30985965282736,3.4956955303742414,3.2597692761102035,18.492351319532457,58.87087573289229,7.000979903180227,41.25392314582529,12.010652083469418,19.399999618530273,7.835842319763753,36.18647824929476,16.10116273160574,9.268390730505647,5.8080980976988625,258.0201727891144,7.797880752567223,18.799999237060547,19.92101706712531,21.100000381469727,12.365168253264368,116.2146591558689,92.0,145.28217967272695,45.353738914178734,78.65206650399358,211.805047910672,235.0,17.852331270197443,18.376096118882288,300.55416531038526,42.92806899005961,126.0999984741211,161.34874022856968,24897.58984375
2022-01-24 00:00:00+08:00,48.77576946139229,145.7145669566325,458.9541258671119,4.99766131495702,84.02947779590656,4.0050671619263305,58.404823303222656,26.81858534086811,12.667847778725823,62.761745071322984,2.5267650823948653,71.70888531950617,11.008623332210249,42.4369611843027,43.30381421545181,125.33886567398633,30.219442938529152,86.37369441595588,27.934408145184427,15.077739114450331,21.138360102367276,63.62216521918435,41.167399784333014,34.57968093852861,48.40340047662494,36.45570972001102,6.551076492326796,45.812613461387095,49.939518685224904,45.03057498486782,40.07041582076988,18.24682296863567,6.789999961853027,7.519365272896245,4.717577559649922,59.513732059818736,145.6490333732821,3.2969625977005395,129.48293692507707,464.4958344741141,3.49569559375967,3.259769661221807,19.28677440820549,59.820403070837465,7.038987768671089,41.992065500967676,11.914258116324199,19.399999618530273,7.790071514312636,36.59562238647834,16.41456856616421,9.240304624794332,5.856098225676895,251.8531554521708,7.936663429721165,18.68000030517578,20.84644199499004,21.5,12.787124827587993,119.12003483985254,87.0999984741211,149.00982995863416,46.86390686035156,78.6035153400484,205.3152081502712,233.1999969482422,18.064628849291967,18.9522115959541,288.61164863927695,44.91458176286666,122.0,151.78731337942216,24693.4296875
2022-01-25 00:00:00+08:00,48.1735969309867,145.05861146709628,446.00977262183477,4.938366549846691,82.692639167193,3.9624603065297292,57.15552623171822,26.77343508877835,12.50474243170705,61.34261972268139,2.5351876246371448,71.7547457468933,11.063211807797598,42.176086344273706,43.39200776727073,121.53208249566782,30.437479437604956,85.9700799532309,28.554188713082702,14.863108715874018,21.04744104958222,63.57575859743007,40.80864395246988,34.57968317142063,48.85874877474216,35.708860731145585,6.3463557604742995,45.04426755790391,50.56655722616143,44.78315542517842,39.744262844162925,17.841766276764535,6.610000133514404,7.45934720821744,4.708574925001112,59.07469617906938,140.07691657821417,3.25675630569458,127.37598189576833,454.019950071812,3.5477403346494785,3.234629943124272,18.93369957740053,59.155733436476126,7.046588698774959,42.48415875976331,11.760027615201201,19.299999237060547,7.625298976898193,35.91372196490948,16.336220191781187,8.800289456759906,5.61609457203327,245.68613299596134,7.797881675894578,17.920000076293945,20.651616342785392,21.200000762939453,12.73208811349808,114.27774665769466,86.80000305175781,145.6645214107108,46.571614614589855,74.76800798093082,200.79197313036707,226.8000030517578,17.292635823525607,18.793283647012665,278.65951921655744,44.47852047585653,116.4000015258789,149.3969779669601,24251.220703125
2022-01-26 00:00:00+08:00,49.424257034753424,146.46421605240477,446.0097439593262,5.040014133917428,82.16746920734681,4.039152750629275,55.772371628179336,27.04433009715063,12.667847118864875,61.93773922221778,2.5520328063789623,71.75473071317485,11.008624076843262,42.26303854605711,43.08332624401754,123.62581047094928,30.17583380455284,86.46339040797135,28.81980609696302,14.66636471559145,21.138360233606196,63.9934039948379,41.39162594891284,34.39887368079348,47.765913985625346,35.38211123941606,6.463338926849297,45.47645772290091,50.16345409121482,45.27799867192026,39.60448073366134,17.301692606111953,6.369999885559082,7.5622338081676785,4.591535256541695,58.684447107191986,142.39862700717902,3.2326317511549045,129.38717986510107,464.4958036719683,3.521717450575552,3.2932890202235403,18.580622260285548,59.39311360571641,7.076994870562186,42.97625589035427,11.972094655425915,19.139999389648438,7.680223563656596,35.41365374632653,16.14034225541554,8.5662395833162,5.376090446692081,241.70740328344777,7.650423216454253,17.760000228881836,20.943854796942702,21.200000762939453,12.548628759442774,118.34526021420743,84.69999694824219,145.28218487995426,46.47418782851038,77.34120908488514,201.97195841781615,224.1999969482422,16.520646134964334,17.978776027854458,281.2470740399879,45.44755319262414,116.30000305175781,155.67165667492264,24342.900390625
2022-01-27 00:00:00+08:00,50.3506736377245,147.68241509090487,430.40035843602504,4.989190168498721,81.59453841488676,3.9880243385010976,55.41542927025223,26.9991794388798,12.396006187916747,61.29683706759539,2.52676524880242,71.34208543423031,11.008624076843262,42.045637099585484,42.99513344678931,116.2977273476423,30.263051963584335,85.02831478006327,28.332836902854414,14.988310279926571,21.001983774321573,62.9724762873007,40.9880204875451,33.17841604268844,47.811451962119655,35.33543441694539,6.4730872931812735,45.14030839912228,49.93951041976056,45.42645434588295,39.13854918325815,16.935210845765717,6.099999904632568,7.347885160495859,4.537516710228171,58.538095430070385,141.93429207647716,3.2326317511549045,123.54511842528372,459.5543672302114,3.617133727920185,3.318428532025665,18.448217391967773,57.826389882527955,7.160610629766085,43.468351200220376,12.550456696654482,19.0,7.597836857307558,35.140895462483925,15.866110850690676,8.285380829075164,5.280088336281747,239.7180506164841,7.971359765897339,17.239999771118164,21.138682956057224,21.0,13.025622351403706,117.18310865069999,78.19999694824219,135.2462429831214,44.81787369431369,73.84555094977608,199.8086738532003,216.39999389648438,15.845150723235514,17.482125142502063,275.6738545857328,44.13935797089975,110.5,149.0981809715369,23952.009765625
2022-01-28 00:00:00+08:00,51.230765993857105,148.0572565772822,428.30640725792495,5.023072788435313,80.30544904480475,4.039152703717564,54.83539584282127,27.360374913539648,12.43225183453116,62.3955168995427,2.552032709121704,72.16738876371787,11.045015980542368,42.52392791830107,43.17152781201553,117.34460470150816,30.306657903334674,85.7458508360057,28.421376833436163,14.916767101972999,20.82014643175214,63.15811106142473,40.49473190307617,33.404424839753545,47.58377433378125,35.755539831903036,6.385350194900631,44.66009092588683,49.80514561264505,45.426450019477755,40.07041975957433,16.568732487090138,6.059999942779541,7.605104117538413,4.636550313876384,58.05027741596511,140.85082974550835,3.2808799404625866,125.17322750594526,457.5777818762738,3.5737627700761467,3.310048444430672,18.668892412043423,56.82938149047037,7.054189849807145,43.345324129153894,12.531177778559282,18.959999084472656,7.643607238942582,35.14089156329698,15.45085066377177,8.659859964984435,5.203287761227561,235.93825112994088,7.7371630961914235,16.5,21.13868435969379,21.5,12.640356992410583,113.6966758998637,78.5,135.43740948676964,45.451170569417975,71.8549777514314,200.59532766631156,203.1999969482422,15.497752290548908,16.766945441683458,261.7409245770677,44.76923112579718,110.0,149.49657900233026,23818.939453125
2022-01-31 00:00:00+08:00,51.04548263549805,144.02784729003906,418.78851318359375,5.065425872802734,77.34532165527344,4.0221099853515625,54.656925201416016,27.089479446411133,12.341636657714844,59.60305404663086,2.552032709121704,71.7547378540039,10.917642593383789,41.74127197265625,42.4218635559082,118.20112609863281,29.6961612701416,84.84892272949219,28.332836151123047,14.898880004882812,20.91106605529785,61.951560974121094,41.705535888671875,34.12765884399414,47.2194938659668,34.635257720947266,6.248868942260742,44.275917053222656,49.446834564208984,44.436767578125,39.324920654296875,16.028657913208008,5.829999923706055,7.485068321228027,4.699571132659912,56.684391021728516,148.5898895263672,3.2808802127838135,122.58740234375,465.6817626953125,3.5650887489318848,3.251389980316162,18.18341064453125,56.686954498291016,7.122603416442871,43.26331329345703,12.029930114746094,18.6200008392334,7.652760982513428,34.822669982910156,15.027753829956053,8.90327262878418,5.1744866371154785,220.62017822265625,7.5550103187561035,16.3799991607666,20.018428802490234,21.5,12.566974639892578,113.40613555908203,75.5999984741211,137.15785217285156,44.91530227661133,73.16583251953125,196.66207885742188,220.1999969482422,15.478455543518066,16.766944885253906,278.2614440917969,45.98051452636719,114.69999694824219,153.28128051757812,23624.140625
2022-02-04 00:00:00+08:00,53.08359874393749,148.43207235803285,425.8317431451025,5.1077790230050235,79.3028266786406,4.013588764665521,55.14772296000138,27.31522614009617,12.50474243170705,60.88484388322973,2.5604554626786804,71.29624821633864,11.099603549688606,41.65432270281842,42.24547685617958,121.43690891543784,30.263049197053935,84.98346273454867,28.06721815618461,14.898880405665567,21.638406327733662,62.27639332354635,41.97460472993268,34.80569225986035,47.811448362259696,35.33543014526367,6.268366108840488,45.956675544357196,49.76035690307617,45.030579608419664,39.93063753184529,16.453002487026925,5.960000038146973,7.527938294120261,4.681565702222296,57.416117541352534,152.53680266546522,3.337170061308787,128.23790932540837,477.3435672130863,3.565089226320356,3.310048728394919,18.933698109828615,56.82938132746291,7.221423149108887,43.22231084295714,12.396224905081937,18.84000015258789,8.037230597125225,34.64082536441362,15.27847788333893,8.98753167791059,5.2512881750199485,227.78188822943451,7.633076098860477,16.780000686645508,20.261961930866583,22.200000762939453,12.84216362104829,118.05472717946384,79.69999694824219,137.73135451212931,45.49988555570846,76.51584249915896,200.2019886160184,226.60000610351562,15.903048312691686,17.02520490320104,285.2279242588937,46.90109725337597,120.0,158.9583695229882,24392.859375
2022-02-07 00:00:00+08:00,53.268882520372394,148.9942978154628,422.02457620914385,5.167072841864439,81.92875348570807,4.0561959449627745,56.843204498291016,27.99246124928228,12.61347856411803,61.342615278081354,2.577300424771526,72.2590934536876,10.99042758808759,42.43696203936483,42.862836738676314,117.05909051853327,30.524693004326455,86.7324647719737,28.642728454036757,15.113510879637586,21.365653687678495,62.22999415677841,42.01944945353329,34.89609377751771,47.6748433617718,35.3354346523618,6.297612426020339,47.013151613526205,49.76035665954633,45.52541665289594,39.977234158798765,16.703751874268136,6.119999885559082,7.459346912027841,4.618544700709393,59.56251109082803,154.5489532755908,3.3130454612124907,133.6011182654677,476.35528602759706,3.6258080103827877,3.3603278772102754,18.84542919144842,57.351624848735966,7.297437834418711,44.45254233127084,12.415505976755647,18.860000610351562,7.936535894882465,35.50457533348454,15.709407942299627,8.959443317475584,5.22248798661758,239.51912169189157,7.884620964489024,16.520000457763672,21.041267765170787,22.5,12.93389314018431,123.9623125,82.0,138.0180863118871,45.30502188013166,79.33177010988764,201.38196817495447,229.60000610351562,16.211846231291936,17.998642999710878,286.62121211804725,47.33715857916534,117.4000015258789,158.06198809545592,24609.4296875
2022-02-08 00:00:00+08:00,54.195300727575656,149.83765653236253,423.5474272251485,5.234838012574273,83.0746086475461,4.141409873962402,57.557093067446935,28.895444869995117,12.75846090231806,62.53285399770457,2.6194131483544654,72.44247326534939,10.99042712081822,42.393483981566945,42.598256232095984,119.34317174791651,30.437479694887916,86.46338106138144,28.554187595671007,14.845223485405556,21.50202928934946,62.74045348958011,41.48131266748906,35.21251403992272,47.26503386699641,34.68194154171832,6.346355822658881,47.061171534680156,49.805147854544806,45.822321819626254,39.55789167014581,16.665174875766972,6.150000095367432,7.545086860656738,4.816610618909388,58.3429712371242,158.49586306700982,3.4095417775058836,134.84614146241998,469.041954417073,3.7298983264935326,3.43574669208059,18.757161237516673,57.39910308314646,7.495076651055056,46.17487261103156,12.723965658808396,18.940000534057617,7.762609015375481,36.141018542283305,16.022814769654648,8.847099448099291,5.251288433248958,239.5191275621555,7.763185806119577,16.34000015258789,21.138682219809503,22.600000381469727,12.750433539190166,121.63801780063052,62.25,134.7683444726482,45.11016342825098,78.65207060221321,197.05540205056002,225.60000610351562,16.578542166641313,17.958909615112955,286.62123123679214,44.914581283547186,112.5999984741211,156.46844712953228,24548.05078125
2022-02-09 00:00:00+08:00,54.658504179345066,152.6488890155193,422.2149649864185,5.260249888025143,82.59716216346646,4.166974067687988,58.44944763183594,29.25664028916284,13.084672418449486,62.12084709702306,2.6531033515930176,73.26778359895748,11.045016590938713,42.82829070450887,43.78888802752246,121.05622729041819,30.219447153201152,87.53969782192665,28.509918738578463,14.988308533835804,21.638406636948485,63.0188938012935,42.51274185117155,34.9413013956605,46.536474170083125,35.008682660608486,6.356104213020305,46.67699822731342,51.01444601639901,46.96045929137336,39.744266331562585,16.433715487612158,5.980000019073486,7.587956131125876,5.041685034261475,57.31855476458582,165.77058318418116,3.377376589013725,130.53641662415595,474.37870747813423,3.721224132886787,3.410607194026465,18.801292251663885,57.06676341500281,7.396256626258353,46.420918033895184,12.550457750246588,19.0,7.725993092968773,36.732007143896574,16.923852134228717,8.996891821160409,5.308889450661069,239.51912068166232,8.500471024188379,16.15999984741211,20.846441147215224,23.5,13.410887754356306,121.54116011375936,68.0,136.67994510661495,46.23061056195603,77.9723642873408,194.40045444306577,228.8000030517578,16.655745795381893,17.978775827895902,291.3982164391298,44.67232424126107,118.0,160.25313317153248,24727.33984375
2022-02-10 00:00:00+08:00,54.47322665045677,154.14818755375046,429.8293014909657,5.2517788745684015,83.79075722072436,4.166974067687988,58.44944450684712,29.346937017800258,13.030304408246439,62.990632475682915,2.661526105612803,73.45117995124174,11.135995864868164,43.21961296944337,43.96528025581868,118.96248893215625,30.393866841980437,88.34692405015004,29.262509304013463,15.077740729612204,21.41111198929709,63.57575859743007,42.28851725070742,35.30291609599482,47.35610478833042,34.7752943986299,6.44384195308911,48.93401519737337,52.31331958214772,46.366647223812926,40.21019743792212,16.819482446270406,6.059999942779541,7.510791518791602,5.095703713515063,57.7575899021749,164.5323404841312,3.369335174560547,132.73918931928426,482.2850499334743,3.799291722968063,3.452506358306378,19.198505968632922,56.544520636998826,7.548287154289361,48.06123128062995,13.418000113150223,19.739999771118164,7.9639979857255145,38.09581541768616,16.17951677967174,9.230941848623155,5.385690451792297,247.27763629364887,8.864777378108268,17.0,21.284800481900405,23.149999618530273,13.869536059426485,127.83613142511798,60.04999923706055,139.7385383092402,47.74077866463051,81.12814842536612,197.64537659481894,233.0,16.192548185176417,18.654222340475556,302.5446127978472,44.96303341138711,123.0,165.3326438140816,25050.58984375
2022-02-11 00:00:00+08:00,54.75114460551364,156.77198587922476,425.83175553227073,5.184014385948988,82.54942204546852,4.16697417154892,59.87721676087831,28.940593884240144,13.10279546344071,62.12084701123531,2.678371094091707,73.40532646036814,11.135995378950758,43.39353561401367,44.3180591358858,118.01078778293292,30.61190078627717,87.71908062657958,29.705210498593434,15.024080453700625,22.27483204778549,62.18358658048954,42.333360369295065,36.93019265051822,47.447167092588316,35.19540408488145,6.716802990705967,51.81531133123718,54.14966237582633,46.06974411010742,40.07041957827674,16.665176012628173,6.0,7.630826242741491,5.1767313148911365,57.611245852360156,156.4837149044105,3.3693352081660515,130.82373572424137,473.19275699731986,3.7559204701261595,3.43574672714591,19.63985086797358,56.06975888695232,7.472272030372737,46.7489812016317,13.013146884017793,20.200000762939453,7.945689587888547,37.27753074544014,16.806325852168317,9.118597794514018,5.299289206487174,236.73401096464153,8.812733450642208,16.700000762939453,21.577040497715718,22.850000381469727,13.851191247667845,125.22129914766005,55.70000076293945,139.16506512008354,48.520221709596186,80.69118687178059,192.33551531405672,228.1999969482422,16.732940138868486,19.13100653977375,299.5589752185211,45.54445147884562,120.4000015258789,159.55596578178165,24837.19921875
2022-02-14 00:00:00+08:00,55.075392091505464,158.36501242241783,419.7403000113796,5.209426196377162,83.79075875118706,4.201059843155455,61.349612675165574,29.301787664704598,13.3927597113517,64.27240997168364,2.6952162764367578,73.31361413275697,11.117800406408277,43.48049527764956,45.155912656168425,118.20112883291793,30.437477311900007,87.8984704765513,29.306776435769777,14.845223402778498,22.320288002954268,61.951560328777575,42.153984657981695,36.297367515795536,48.039123732661636,34.261838375507004,6.677808559951787,51.95937566592135,53.701773227996405,45.62438359401695,39.65107338286375,16.14438751512633,5.949999809265137,7.570808996013843,5.122712778931802,57.70880726087198,154.9359138027867,3.385418080559645,128.42947532681438,464.6935039577785,3.721224132886787,3.5614447593688965,19.94879291882886,54.26565095263569,7.723121459196895,45.92882361778847,13.302326951603074,20.149999618530273,7.808379022573988,37.23206654621655,17.43313583524987,8.594325570744031,5.212887329262551,228.7765724299214,9.09029945569763,16.34000015258789,22.356350253226797,22.75,14.034649464194466,123.47808420519796,55.5,140.5031603582974,45.889604687644855,80.30279062095329,181.71576180780946,222.8000030517578,16.096048127988233,20.015045991955894,286.6212158493713,45.932065832487766,119.0,152.78329126623993,24725.099609375
2022-02-15 00:00:00+08:00,54.102653706835675,156.39714365209537,414.02955046603523,5.167073257572474,83.59979362489317,4.132888777930116,58.27097811698104,28.353653860361447,12.95781326930546,62.3497391636412,2.669948448564101,73.35948181152344,11.045016288757324,43.43702042397111,45.15591134451202,116.39290189719847,30.3066592302871,87.58454057485395,28.90835148290865,14.755794007045573,21.865698461497374,61.71953201293945,40.89833530364078,34.76049075185107,47.8114489789279,33.514987223618604,6.268366099912182,48.45379775706231,53.52261679848135,45.27799572654291,39.790859044475226,15.700753916656735,5.849999904632568,7.579381823675122,5.17673132117493,58.68444624060964,152.92376101240322,3.361293584997356,127.75903735173664,466.472397045379,3.764594773517277,3.5614445543625193,19.066101799838105,55.0252784726765,7.58629488777883,45.10866577675692,13.0324249549269,20.149999618530273,7.899919426702599,37.27753063239109,16.76715002970217,8.70666944067572,5.184087629506536,233.94890118636297,9.142342847472918,16.100000381469727,22.258934020996094,22.100000381469727,14.621720510235408,122.99385000010197,56.20000076293945,137.92250924693684,47.35105644312621,80.06003245139873,187.81229196068702,218.0,16.26974731630827,19.915715698829324,289.00970458984375,45.30219375821347,118.0,151.88690906238867,24458.5
2022-02-16 00:00:00+08:00,54.14897336970003,154.61672250492205,417.83672533617755,5.048484529383131,83.83850066473161,4.047674597523412,57.69094353105158,27.72156888727397,12.740339690470115,61.75461800994245,2.619412982643168,73.4511802868674,11.045015820543911,43.74137852413073,45.023618104002395,122.1982651219525,30.39387054327813,88.61600538451492,29.306779333998044,14.73790816660636,21.911157938125303,61.85874771126057,40.13597640148184,35.212512843618605,48.35786154257591,34.35519117895604,6.326857815647743,49.7503781547709,53.56740491572668,46.51509997422715,40.023826601935255,16.395136707258242,6.119999885559082,7.545086246825893,5.194737319684094,61.46500367873682,150.91161105197622,3.2085078584858597,130.91950821401335,471.41381854102394,3.703875487821476,3.3351882897069727,19.110235490797315,55.832375037198524,7.297438227333847,45.026649828503494,13.957802954529411,20.799999237060547,7.854149039283371,37.23206654621655,16.963027616201625,8.921996029981454,5.308889808314499,243.49784738253257,9.07295198536569,16.5,22.405053246135573,22.649999618530273,14.58502830865242,123.76861723764738,62.20000076293945,139.06947562228584,48.52021844910052,78.16656547913497,188.79558214496737,219.0,16.327643931910927,20.412365790474098,294.58292391655925,46.75574521815523,122.4000015258789,155.57205495319897,24618.30078125
2022-02-17 00:00:00+08:00,53.59312247619402,156.8657191582031,414.60062867766084,5.099308150347497,85.79600045416133,4.081759929656982,59.56489295649928,28.8502939097746,12.72221573174101,62.71596186513917,2.644680906066258,73.17608590543678,11.099603549688606,43.26309372927684,44.538547348233934,119.91419959451021,29.914198390421177,88.48146598858528,29.173968291052958,14.755794124876845,22.638501408409248,61.76593684863286,41.257089007164325,36.07135829436762,47.72038293987777,34.30852042316591,6.4243443775603115,48.309731095940535,53.88092803955078,47.75220660716633,39.8840446472168,16.530154531584305,6.039999961853027,7.673695415428522,5.1137097170177075,62.440636171560136,151.68550389984398,3.288921594619751,129.291399173554,470.6232143557341,3.7125498678667896,3.4525063037872314,19.507444216369482,55.072754919281635,7.4722723960876465,45.88781847400615,13.784295735966612,20.799999237060547,7.890765745061393,37.368454358371004,17.198082521415042,9.034340692085621,5.280088961005268,248.67018092133964,9.315823027184452,16.65999984741211,22.746001468883797,23.600000381469727,14.566682378806782,125.70553147697728,61.29999923706055,139.06946942070797,48.42279305086898,78.65207354605374,189.38557920709252,216.0,16.77154136085575,20.164040149995078,291.199195839811,45.786708326024154,122.0,157.86281407035176,24722.880859375
2022-02-18 00:00:00+08:00,52.990954665244345,157.2405333287582,411.7451935134625,5.065425942005934,85.2708274851532,4.047674283982711,59.43103686975945,28.263355846735173,12.414128449552955,63.3110791365299,2.6278355246783196,73.35946659782218,11.00862360880025,43.56745902290307,44.406254723851724,116.86874811234114,29.826984941996457,87.9881534468326,29.04115964075923,14.755793542362541,22.047535560392774,60.60580032799194,39.687524437903946,34.850892329993094,48.26679813290521,33.93508578462737,6.395098546268982,47.685456490147104,53.701773227996405,47.85117479269821,39.8374518472449,16.356559249247383,6.010000228881836,7.665121078788832,5.14972156872277,61.46499983308802,152.53682043702042,3.264797274185612,130.34488834012683,473.3904198829164,3.7212237777069452,3.4357466342207488,19.286773860429392,57.20919859139728,7.4722724314961555,44.28851182322971,13.91924582938127,20.0,7.881610876609631,37.41391429205252,17.393960105569,9.081150050870573,5.2800891590254455,248.27231975407432,9.124995352533123,16.280000686645508,22.599881760982075,24.0,15.043676736176797,125.80235870995337,63.150001525878906,139.26063443437596,48.22792566360189,79.18612563309202,189.68056071726804,217.39999389648438,17.3698364366064,20.462033170580085,291.0001488741883,46.077417177404755,122.5999984741211,155.67165198489462,24633.66015625
2022-02-21 00:00:00+08:00,53.732091364313625,154.6167313908956,410.41272245939336,5.082367350606135,84.02948432975037,4.081760033693763,59.52027456210096,28.082759946937802,12.48661964244843,63.311081805475396,2.6531036601408498,73.3594888163139,11.026819229125977,43.48049621032848,44.89132675469681,114.96535730686097,29.826985057469205,88.07784513822254,29.17397043982976,14.684250369173977,22.729417685355685,60.97703869228043,40.67410703307783,36.4329737449757,48.31232803876113,34.495234171736165,6.560825261247028,50.71081122352615,53.11951421971412,47.80168898447205,39.884044731774615,15.932215344164259,5.820000171661377,7.759435767146886,5.158725097088195,61.3186546403843,160.04369331491893,3.2969629438879475,127.37597634685984,458.76374956164796,3.7298984586965123,3.4273667695943564,19.110234643450177,55.547518413530945,7.540686199962601,44.698591257587594,13.456557203317443,20.049999237060547,8.14707829205751,37.686673261737525,17.4723101254268,8.800290557911687,5.280088961005268,242.30423775733428,9.229083584583512,16.0,22.356348037719727,24.049999237060547,14.676758303633383,117.57050128839269,61.150001525878906,139.26062071633623,48.66636720717375,75.54482716297352,188.30394484060574,178.0,16.404842436345973,19.468729128047,279.654739219264,47.288708058195716,115.80000305175781,154.3768682024145,24109.58984375
2022-02-22 00:00:00+08:00,53.268881788243554,154.8041284830269,403.17913064806083,5.04848494005567,82.74039494529887,4.073239036925861,58.76176890657652,28.037609599605126,12.30539100378639,61.61729248667042,2.644680906066258,73.13022563446124,11.008623295391164,43.610941254552095,43.83298442265372,113.91847727267788,29.34730850272352,86.5530784506738,28.686999302020265,14.594821552416915,22.59304207493861,60.5129812306133,39.866904393288586,35.84534603328101,47.1739616394043,33.88841092742208,6.463338774813974,48.693909117682665,52.22374207177086,46.515102064256055,39.930641784084536,15.430717422220818,5.820000171661377,7.699417730688285,5.122713618143967,61.95282010354524,165.1514555864233,3.2808799404625866,126.13092979113544,427.1385249056773,3.781943557224502,3.486025684917694,19.24264113508177,53.885839066313636,7.69271570527551,45.31370618676993,13.437278019975375,19.899999618530273,8.128769852220989,38.00489803548229,17.43313509227404,8.697307438984593,5.270487955940087,236.73400555626822,9.367866092109104,15.800000190734863,21.62574860631044,23.299999237060547,14.951947487842107,119.12002980492154,60.400001525878906,138.7827133354128,47.74078114827474,76.71004040201345,182.8957266458651,176.8000030517578,16.018850504656122,19.349532334611045,278.6595154403192,45.835160363998,109.0,145.01466814046208,23692.5390625
2022-02-23 00:00:00+08:00,53.59312608409353,140.56068647025836,396.51656545716963,5.082367356788103,81.11710067369347,4.107324803993272,57.378617471432584,27.49582369535447,12.28726863861084,62.76174437546311,2.636258494148288,73.4053269630447,10.97223157217408,43.43701842759126,43.39200944019803,104.11597793144915,28.780423444016535,85.74584130000446,28.155757497392646,14.809450466938983,22.774875512969693,60.09533374492939,41.34677866691844,36.16175830951251,47.265032104218214,33.23491243143159,6.638814118433319,49.84642355551092,52.04458082910049,45.624387134433306,39.32492465657321,15.00637251139035,5.590000152587891,7.7594352628351215,5.131716088260232,62.14794610411384,156.32894010502605,3.26479747952005,126.03518101887447,437.21904730583134,3.773268759485218,3.5111655369523063,19.4191798067641,53.64845589229039,7.723122114595456,45.5187427397419,13.572229389317757,19.84000015258789,8.24777244818061,37.91397263097875,17.550660809088896,8.940720636875378,5.232088127484245,235.14252047604703,9.541346041966062,15.760000228881836,22.307639915974256,23.25,14.87856305623726,120.96009566074525,59.900001525878906,134.19486335987781,47.74077608480072,75.39917770857274,183.87903564768115,172.1999969482422,16.076746720012874,18.97207842825126,278.65952662417766,46.51348440630896,110.0,144.91507778870178,23617.970703125
2022-02-24 00:00:00+08:00,53.361526139249925,141.1229248046875,392.8997463057483,4.99766104761182,79.25508376011618,4.005067134570302,55.326196481226155,26.231642856552075,12.069794700879616,61.06795058456824,2.6109904066185092,73.0385354778191,10.86305406668381,43.21961501107207,42.77464294433594,104.68700003706861,28.91124258592799,84.75923298880464,28.4213760684807,14.648477901147725,22.365746675993677,59.63127470621898,39.82206285059788,34.98650233556469,46.17219738819157,33.28159533425793,6.531578881609493,47.541391112744364,51.148812330347255,46.51510399281447,38.57942581176758,15.083525529120488,5.260000228881836,7.802304893082755,4.987668086284014,60.44058969380432,156.63849522200806,3.2567562398878795,116.84111798503784,431.0916600062065,3.7385726550066534,3.444126569762494,18.8454271066433,52.79388099582518,7.601497287541008,44.69858430933069,13.74573748153298,20.0,8.000613990933932,38.18673756338657,17.080554409855207,8.837737781278324,5.24168822685722,235.7393294767543,9.038255655335522,15.5,22.746000542188412,22.200000762939453,14.713451762328345,116.21465746491032,61.0,132.47443661667796,47.25362777324783,73.6999044435319,185.94399264283683,172.89999389648438,16.443443643409047,18.475426915956103,271.0958786214778,46.90109743477211,107.5,139.73598013777902,23268.029296875
2022-02-25 00:00:00+08:00,50.21171703211459,140.09214924515297,379.00362029869393,4.9129548734781565,76.67689280402047,3.936895983003516,54.74616520744471,26.05104970407164,11.88856636652095,59.78616896580916,2.5351877915993914,73.31362907726407,10.735681745212197,43.002208977161935,42.818741597926916,105.63868960169685,28.431567159642814,83.72777326675138,27.934408011902374,14.773679449081762,21.774783787296737,58.9351921081543,38.028277886428775,34.35367137149461,45.62578197638581,32.4413811421791,6.229371760657094,46.34084563871808,50.208241958598734,45.82231953765214,38.57942579800451,14.678469152269644,5.119999885559082,7.7422873785689585,4.951655864715576,58.73322355950592,156.63850730986303,3.216549215385316,121.62968826293945,427.3361365403299,3.6605049387728177,3.569824615702188,18.492353758548102,51.986779834152365,7.6623093849864015,44.20649158366197,13.456556334941586,20.0,7.9090745679056065,38.18673543836276,17.041378932482914,8.547515643052048,5.0016842290975285,234.3467779578424,9.298474311828613,14.960000038146973,23.720134592913105,21.450000762939453,14.438260116519078,114.47143482147234,64.4000015258789,126.8351770917719,47.39977200537783,74.86511298901824,183.09238462997243,174.10000610351562,16.11534881591797,18.435693465483023,274.8777235824148,46.077418086531345,107.4000015258789,148.79938140007457,22908.099609375
2022-02-28 00:00:00+08:00,51.601342655284284,139.43618911048677,371.1989140720866,4.89601366781771,77.48855119129428,3.9198530692281133,53.8091882109888,25.37381362915039,11.707339035963807,59.64883351418823,2.5520327797901166,73.77211153064454,10.899446068355594,42.74132936594353,43.56840055090971,108.20828089565929,28.387962573844167,83.14476906711772,27.713056386260085,14.934652917770958,21.592948476236398,58.795970257356245,37.93858565459998,33.4496243125514,45.26150554383764,32.95484204330969,6.083142256524054,46.38887039869009,49.80514372960658,44.93161070569011,38.67261198305312,14.659180981499727,5.329999923706055,7.61367849337725,4.942652056796713,59.66007989137078,157.10283640081232,3.144176829717748,124.59860205436769,415.0813751342027,3.6171337311351937,3.4525062379152796,18.801293731475646,52.03425556459207,7.525482413176913,43.42734618232709,13.591508181527084,19.760000228881836,7.927380753361613,37.913978047897984,16.140340740212746,8.650497432567873,5.0400847937109585,236.13719177246094,9.523997743009614,14.819999694824219,24.255906675315607,20.950000762939453,14.98863980457578,116.89257612696748,64.25,126.26169341512018,48.71508217797491,75.25352408751608,183.3873863344833,172.0,16.404845487072635,18.45556161337434,281.6451685713555,46.65883898257585,103.30000305175781,153.18170926227373,22818.169921875
2022-03-01 00:00:00+08:00,50.07274828273027,134.93826219512195,356.7316173188626,4.98919010432253,77.58403705327001,3.988024363353877,54.16613006591797,25.328662377659246,11.797953355134611,61.113728048070996,2.5436103343963623,72.94681742066452,10.753877639770508,42.43696677366157,42.51005871031551,108.20827573120968,28.344357907772064,81.62000830624997,27.62451608897233,14.559051498448403,21.502030887114692,58.935189670363,37.75920615548641,34.35367297532398,44.94275723124019,32.86148607066227,5.907667102302493,44.61206871033605,49.53641269810036,42.9522474838736,37.4611777455162,14.022663745264284,5.440000057220459,7.810879486646377,4.897637906099236,60.87962448403104,171.34271410391008,3.1039698123931885,124.11975852509991,416.26735516832036,3.582437456367803,3.494405927159817,18.62475760909885,51.1322018335748,7.563490622170593,43.09927705436516,13.938525854746818,19.6200008392334,7.918226989501247,37.686676025390625,16.845502043050438,8.659859157469562,4.790480374673109,241.11060783879697,9.298473779415913,14.65999984741211,23.62272006906773,20.450000762939453,14.566682551759031,116.89257954819517,65.19999694824219,125.49706129426566,49.49452209472656,75.88468318292148,186.04232186583423,174.60000610351562,16.30834676889797,17.899311929280064,280.6499591225613,47.724771846424446,102.19999694824219,151.38892538069973,22739.83984375
2022-03-02 00:00:00+08:00,48.266244022083455,133.06409972927324,349.3076785181912,4.963778427561067,75.91299220142598,3.9624603630181294,53.675330631268245,24.561128951856084,11.72546054889472,59.51149729705662,2.526765205544816,70.8835904531353,10.644700897822894,42.13260484578119,42.245478522697326,108.68412587159278,27.90829086303711,80.3194554015519,26.960467145516546,14.344421678344423,21.320196266610377,57.72864486522589,36.77262200650247,33.85644470953993,45.53471225486449,32.67477370239726,5.995404969469318,45.908655420052945,48.73021943211585,44.04089723586425,37.27481089213023,13.887645237612771,5.400000095367432,7.6994177761284615,4.879631674901978,62.147946157521915,169.64012135135522,3.087887065480009,120.00157737783636,421.999374512171,3.5737626584346383,3.527925311247386,18.315814470092246,52.081729143217935,7.768730185831381,43.05827656431061,13.283048401431879,19.420000076293945,7.863303381335308,37.3684511850453,16.88467703142506,8.378999131134593,4.77128010735605,238.32550896202218,9.419909701126155,14.619999885559082,23.866254806518555,20.700000762939453,14.511644807612967,115.53674280692829,67.25,118.80642677388045,49.25094218603163,73.99119969739864,177.97918475260275,177.0,16.115350550851648,17.998643515584337,288.61165257504115,47.967028242639614,103.9000015258789,143.5206900089986,22568.359375
2022-03-03 00:00:00+08:00,48.72944586682019,132.9703963870424,349.87873581425646,4.929896011695671,76.72465184721851,3.9283746328470732,52.51526475662878,24.47083039569407,11.707338333129883,58.824825693852645,2.5267651081085205,70.97529595483411,10.699290658285701,41.78475377885553,41.495813591621314,105.82902654625278,27.908291553887796,80.81277079917125,26.871927830946504,14.720022043166201,21.59294702465258,57.68223887966992,36.18964001250089,33.63043378235,44.25973650247198,33.09487821040414,5.605459919042717,43.50757643698418,45.55020843060476,45.72335594285191,37.22821778951068,13.714049279805266,5.28000020980835,7.656548573453453,4.897637522258774,62.00160217285156,166.3897165356765,3.0959285431198573,129.00408590563558,417.84857221319294,3.6258079425251952,3.5949639025119207,17.088876717668334,51.22715571402983,7.981572395575131,42.689203809567864,11.952814811021794,19.0,7.918227121424185,37.64121143164386,17.19808141100169,8.210483478677983,4.598477640029878,239.32019749400786,9.801564166625097,14.960000038146973,24.012372689978825,21.450000762939453,14.291493561726714,113.21245118150613,65.30000305175781,99.88151472303603,47.83820406409004,73.16584902264822,161.85288935110967,175.60000610351562,15.845150341145462,18.197302401121775,280.64992927215684,44.13935727799861,103.5,145.4130479368166,22434.259765625
2022-03-04 00:00:00+08:00,47.15454795497845,130.25289565045438,337.88619147302126,4.887542928118561,76.48591824580228,3.919853023985821,52.15832471178506,24.56112721554687,11.507987229144227,58.64171760371411,2.50992009356266,71.11283879613237,10.662897854456672,42.30652356497163,42.33366735657649,98.21543151409695,27.690258026123047,80.7230808399174,26.960467323784734,14.863109413310356,22.002077102661133,55.965227179298935,36.5035553376562,33.76604045475255,43.53118575791044,32.58141605096408,5.5762138169444135,43.07537467629283,47.02823914300413,43.0512118790483,37.60096368230667,12.344573707986633,5.0,7.699417071101274,4.85262261085413,60.92840243535867,174.28354708419954,3.112011053614165,130.34488610392552,398.28044904132275,3.608459772130275,3.5111653760746653,16.559263032870764,51.08472357652176,7.9359632499376564,42.689205169677734,11.95281592447985,18.3799991607666,7.61614487899974,37.27753217580249,17.78571515177264,8.088778104483104,4.550476431659035,218.63083410937432,10.044434460541057,14.239999771118164,24.69426638016517,20.149999618530273,14.62171996541609,111.3723861962034,60.04999923706055,104.18261628279623,46.815188176298214,71.5151216150717,157.52632824132357,165.0,15.246856472965954,18.177435175535123,261.3427924292618,42.782716617847505,98.19999694824219,132.46530931996136,21879.130859375
2022-03-07 00:00:00+08:00,44.65321934675754,130.98919270833332,330.0814574976561,4.836719172296368,73.52579939243198,3.8857672974540165,50.864404452988694,24.15478474821213,11.4173737587512,56.81058965777725,2.5014975335961442,70.97528824766607,10.553722279566323,43.437017638712305,44.45035464143527,97.54924084474548,27.69025442765529,81.03699128091509,26.650576564786412,14.845223051004059,21.274736228208237,55.77960336102132,35.02368076852287,33.22361377380238,44.12313461738144,31.32110687461793,5.732192271363601,43.12340353194251,47.16260797128558,40.626486005299306,37.27481098295008,12.132401401226659,4.760000228881836,7.450772571234471,4.7625924713866565,59.02591289198764,175.05746536968215,3.176342185949824,119.905798021321,384.44440468070434,3.5737628311315697,3.7541815100283613,16.3297632187569,48.85333186478447,8.255225947711574,42.4431542815912,12.280552745427228,17.979999542236328,7.076057681316951,37.32298810048923,18.177470789675173,8.070053009800922,4.3200725464371645,201.92019225173397,10.14852117496918,13.399999618530273,24.012373100692503,19.299999237060547,14.328184494584935,107.20801755046912,59.650001525878906,103.22682399400314,45.061448447529855,69.28179046177458,147.79155039095755,157.0,15.208256363871676,16.886143235693183,244.82227711542413,40.69929964823823,96.25,129.5769749730781,21308.900390625
2022-03-08 00:00:00+08:00,44.79217759075376,129.85017259363275,324.3707317776473,4.7520134771376545,70.80439548678311,3.8942887295006523,49.52586576833553,24.10963869468521,11.236145006198267,55.162580402326384,2.4762299328561648,71.2045359497946,10.662897384505333,44.176186356881374,45.77328156278956,95.5506719538878,27.995500360470707,81.26123235393132,27.093276807678464,15.220824571248055,22.638500650665225,56.66131347586686,37.35560550102377,34.08245686671784,46.03559408889557,30.807644895883,6.42434428313855,42.931315053696096,47.07302396196871,39.58732137883304,37.228210226644585,11.630903894462055,4.889999866485596,7.725139990295229,4.798604620304048,57.51368036875509,171.80706035017403,3.071804269502934,121.72545637836606,384.4444361885585,3.539066067320391,3.7541816227191873,16.82406755296482,47.14417876744119,8.057588089838184,42.23811514881495,12.666129871844355,17.479999542236328,7.076057830816871,36.459242600594266,17.43313574256947,7.967071073915992,4.243271200498658,199.73187824782065,9.62808367465863,13.699999809265137,23.233069470252925,18.360000610351562,14.254801021825719,104.88373540122835,55.20000076293945,99.21245457555611,44.96401967295093,68.94194058742404,150.7414955601278,146.0,15.208258489039077,15.41605514054919,238.65197367934272,38.809684462894026,97.55000305175781,131.46933968860506,21082.390625
2022-03-09 00:00:00+08:00,45.20906986099541,129.6603221790692,323.77802942154256,4.701189446998554,68.65590009303901,3.834638776311154,48.455036736110664,24.335381958615145,11.145531448647073,54.47591012209436,2.4425396208886374,71.80058338110481,10.626506473390423,44.4805462951072,46.39064588848435,95.07482037978296,28.126322106966665,81.70969050635281,26.739116275046705,14.916766441204667,21.82024282178704,58.192701566832326,35.51696983073132,33.31402065132281,45.53471270839894,30.85432630699853,6.122137291008649,40.43418937903407,47.476127379908185,39.93370543164177,37.32139977407824,11.013674463816757,4.46999979019165,7.545086638370334,4.654556578638416,53.611142837372846,167.16361509811048,2.943142562513187,121.6296919719543,378.7123408963818,3.4696727375544603,3.603344149009471,16.40037810225433,46.52698197740095,7.859948311307046,41.66400891729555,13.418000416174223,17.8799991607666,6.911285539837125,36.09555812530675,16.96302655903822,8.313464685919088,4.2336711076543745,186.99997476956335,8.67395004585884,13.079999923706055,22.697292767534904,18.420000076293945,14.566682015413816,102.07521177450603,55.20000076293945,101.69754019974462,43.989715380885514,65.05788030856993,147.20156143599647,149.10000610351562,15.09245874475136,14.661145882150366,229.89410393897523,37.840655243368985,96.9000015258789,132.96331078871242,20820.01953125
2022-03-10 00:00:00+08:00,47.25853283523608,131.65363573288116,324.5488994275964,4.726601326822549,71.18635192645725,3.9113320796278965,49.168922942925526,24.606279287662044,10.946180094582614,55.16258239746094,2.4678075034241287,71.43379072865434,10.44454508224422,43.958778430076556,45.02362178544614,94.59897900773592,27.777469414840773,81.48234009073923,26.960467323784734,14.326535362363966,21.638406771291976,58.981593066415776,34.70977020263672,32.40997429757214,45.898989158539635,31.461140250962405,5.673700216961026,40.19408193880405,48.14796482432972,41.66565310013342,38.02030215430617,11.862363385774657,4.489999771118164,7.3393117489354305,4.672562342482596,54.6355579852457,175.05745202981694,2.8386044841523526,123.83242621727675,390.7694717289711,3.4870209157814083,3.4189870341143656,16.824069568735272,46.66941076410322,7.464670197074047,41.86904246833317,13.340884904614985,18.100000381469727,7.048595518330653,36.186480330886894,16.92385241212181,8.191759264005428,4.2048707629548225,201.32336527994136,8.708645963005255,13.800000190734863,22.21022758838911,19.81999969482422,14.695105194740753,96.65186122596414,53.5,102.65334961517118,43.5512809753418,60.73687063642895,144.64495850086857,155.6999969482422,14.976658916277916,15.177662058579466,243.62804038788767,38.61588140759365,99.69999694824219,138.22688752157492,21106.5703125
2022-03-11 00:00:00+08:00,46.257091627859836,131.93840408731072,315.8762639549484,4.726601326822549,73.52579861242795,3.8857675112371948,48.90121408296092,25.102915403971558,10.837443555810017,54.15546407256949,2.4846525893880393,72.50265784722299,10.517330737148388,44.82838830334136,45.90557198495517,97.07339529956059,27.47222114411177,82.34627838755503,26.91619589380544,14.451734572594392,21.274736441179595,58.79597350308047,34.70976885279796,33.04280541750832,46.30880061059344,31.741213352560138,5.3812415165129,36.20829152922347,49.26768196123694,40.428550370351346,37.83393077546356,11.03296184539795,4.190000057220459,7.399328302978903,4.654556317007484,52.63550445070137,167.9375208689333,2.8225219414030436,123.44934108434245,364.6786346245915,3.469672747960877,3.3519478888216154,16.877031585446968,46.62193298339844,7.586294538651439,42.320132469404896,13.861410342237512,17.799999237060547,7.085211448936591,35.5045704388842,16.767148458373377,7.873450671254996,4.233671168455204,190.77976074692216,8.743342545216963,12.979999542236328,20.74902769949031,18.700000762939453,14.034650578947645,96.79712171786157,50.099998474121094,95.10249098952936,43.210275704594586,56.318763371697244,137.6634662710216,135.0,15.632852204054197,14.085030170983849,207.0042114113925,35.902596185747385,90.55000305175781,128.16133756699517,20460.029296875
2022-03-14 00:00:00+08:00,46.59090138742029,134.50123090353253,333.0288202790607,4.743542265321095,74.00323267911072,3.936896034594664,47.16111969629711,25.19321442097939,10.873688990808114,53.972348393239535,2.4930750619701927,71.99043977009387,10.426348219551599,44.87186595304592,45.94967015431861,97.35890814205004,27.51582808217313,83.02831818646374,26.739115693647282,14.38019199390735,20.274638764344058,59.72408611236973,34.1716310720905,31.73194261759756,47.49270728807178,32.39470915155825,5.059536571201137,34.67159857633464,48.237536557954726,39.537836785881574,38.113494598474134,10.801501816916145,4.119999885559082,7.339311357473466,4.519511032449698,47.806111261069454,174.128751593631,2.8225217900794908,121.24660516050471,348.8660148585108,3.4349758508097747,3.2430096908367765,17.0888747685753,46.147168025116386,7.297438450943686,41.910055203795196,14.131312907233774,17.719999313354492,7.121828199070163,35.59549508204191,16.610447876711447,7.9202612951813665,4.291272018142063,186.8010450659018,8.621905983336509,13.4399995803833,21.236094142007495,16.899999618530273,13.667730329151217,94.76337277181374,51.349998474121094,91.85274388972604,42.91798252461515,53.79412829342887,133.23855164562642,128.0,12.815079006764265,12.932799272005688,189.88655851810472,36.38711209707167,86.1500015258789,127.56339827267932,20203.83984375
2022-03-15 00:00:00+08:00,47.49696813100047,136.68440267632508,313.37086666128505,4.768954200187511,71.90250209538944,3.9198530937855005,45.822580070842584,25.554410016567456,10.656215979406284,49.57765539486051,2.450962393067872,72.54921679887288,10.444545408130887,45.17623631569582,46.037868540686695,89.93563874994534,27.210581928485677,82.3008089417196,26.606304979663143,13.861504225895322,18.319911175357518,59.49205581230085,29.866546643920106,29.743048896807466,47.26503715617868,33.00152001491415,3.9774391921367376,26.171774452807856,48.99894386319875,37.41001598874811,38.20667706756825,9.644198007598469,3.5799999237060547,7.545086246019095,4.312441706375497,43.659668872759575,168.7114278069693,2.726025643693842,115.1172356033973,301.62582493765944,3.3135373408805084,3.075412466117736,15.88841876564048,42.7288599103774,6.970573131791893,40.59779900652013,12.916752044580262,16.600000381469727,6.828899303523993,36.2319389793421,15.513530496947332,7.742383355118175,3.9264661475264675,166.11166590692704,7.737163168837118,11.859999656677246,20.115842604227094,15.5,12.677049672462926,80.38180146773685,41.79999923706055,82.48588101119967,40.5309422731329,47.19123847613301,115.24397743888517,104.0999984741211,13.31687463840228,10.469408515621094,169.1861363104718,31.687311017988623,73.80000305175781,109.92377184782302,18931.1796875
2022-03-16 00:00:00+08:00,47.40159414683897,136.1148586923817,318.95989537991466,4.658836434651668,70.70890192631167,3.8090746151792034,42.96703570770147,25.19321482510242,10.239391027046187,48.52476165372769,2.434117137926866,71.15225992328718,10.280780970549264,43.82834357541256,44.62674148402548,89.93564384596607,27.16697468658801,81.16404936530373,26.180449844973264,13.05664160342811,18.18353342455487,58.88878519417332,27.355244248001664,28.9294057856094,44.62402059429975,32.48806135936385,3.8019639683149893,26.603969922050798,47.02823801628222,35.62858831739557,37.6009639529804,10.55075172561608,3.5199999809265137,7.159258329615617,4.060358156796897,44.68407960997476,162.52018101070334,2.701901039934339,113.1060353701504,311.5086996119713,3.2354696762349624,2.9748539073205533,15.676572305673584,41.96923870352987,6.76533254704729,40.351748049613036,12.839637594875812,15.619999885559082,6.810591437968595,35.277271846459236,14.730018470848321,7.452160685151647,3.936066170757556,177.5505170292272,7.5810319401845945,12.020000457763672,20.2132561106162,14.140000343322754,12.603665722467287,87.83891316360653,42.099998474121094,90.80137421252073,42.62569682616305,47.87094563612927,125.56873853157889,114.30000305175781,12.660679363990337,10.628336626764161,180.9296518640485,35.36962823376383,74.5,116.89988405670178,18956.01953125
2022-03-17 00:00:00+08:00,48.1646007572919,138.58277000258656,372.15200896935863,4.650365557986662,76.39044117583829,3.783510567704552,48.00885613579725,25.689857382127094,10.76495250757546,54.933689103172206,2.4593848643225833,70.64002809295799,10.207995940219137,43.3500506308445,44.97952398219947,95.55067812277883,27.47222237837942,81.70969134033804,26.2707279054741,13.324928693625665,20.911063720058035,59.16721910910092,34.79945676779787,33.630438444521694,44.760621329616825,33.51498527936262,4.8450665899750405,32.84677690548336,50.11867290521358,41.56668843374897,37.833926830953146,12.055247625638776,4.800000190734863,7.0135011666490845,4.168393690878966,47.70855450436837,181.8678219762042,2.758190916236687,124.5028398621757,396.3038877047025,3.3742569931826707,3.083792307929099,16.771108080375367,50.325100086870215,7.145407067182117,42.32013172814476,13.95780351927247,17.280000686645508,7.0943659245967865,35.55003014359072,15.94446288628954,7.9764339940676345,4.128069719179014,217.83507154823252,7.581032269753149,14.5,20.261962081556984,17.899999618530273,13.576001151523087,103.62473673113226,52.75,107.33677506104893,44.03843500778685,60.29991407008173,157.3296556405142,160.3000030517578,14.050268234570243,13.906235498679713,251.1916427614602,37.64684934250835,104.0,145.0037184048979,21430.7109375
2022-03-18 00:00:00+08:00,48.83222812041826,137.91834384620935,367.7193051701892,4.726601589349124,76.24721307876887,3.885767320213334,48.27656285677328,25.68985939025879,10.855566215937897,55.4830250022838,2.501497507095337,70.68659835999759,10.462742135541967,43.65441995624961,45.332306271437105,97.07340333614658,28.998454530148972,83.9377282172443,27.624888328649376,13.485900604160086,20.638311330726665,60.6521967500376,34.48554468963844,33.223615472575865,47.31056896528057,34.72861714850332,5.351995184497981,36.592458197565584,49.357259231499185,42.06153119547983,38.532829299497294,11.187270045357742,4.659999847412109,7.287867374514727,4.285432982456724,50.09885601324269,181.40347693564618,2.902935414778101,126.60979109398218,375.54979699803147,3.3308855111654427,3.2094902088980306,17.51256690714872,47.66641756436706,7.3430464702246425,42.238119129314484,13.475834698084725,16.979999542236328,7.286600105109298,35.45911562251102,15.905286949511872,8.28537949753722,4.473675191049086,212.06592399452893,8.118816820581984,13.819999694824219,21.089975357055664,17.600000381469727,13.300812284802557,101.10676171146574,54.5,96.53618714681399,44.817872948409445,63.115854562082184,138.25344939625128,150.0,14.918759932419398,13.508914873890959,239.8462295238538,37.25923626101654,97.1500015258789,130.95180446172,21232.880859375
2022-03-21 00:00:00+08:00,49.16603617469301,138.96246532888364,368.87565277722183,4.870601792262918,77.82276374239918,3.936895924349356,51.71214861895736,25.73500533486763,11.381128100121586,56.39858713317804,2.543610390261728,70.50033659317094,10.553721913389712,44.132703828574414,44.93542414367714,105.16283913960174,29.957805342962974,87.12063242212372,27.98599624633789,14.147675948711317,21.91115931933717,61.30187797091716,35.33759210766755,34.03725412811548,47.17396525309744,36.45571562374762,5.605459690418906,36.496421165435066,51.5966971472781,45.03057958252194,38.998771464224426,11.746634041126905,4.880000114440918,7.510791048696238,4.321445348205994,49.95251160430483,192.70250029178973,2.959225333879606,129.9618001019299,387.6069265574078,3.4089535703481655,3.2597695227461583,18.095142235100134,47.5239887500468,7.586294712901796,43.63238233649682,14.131313509223679,17.280000686645508,7.387294569235947,36.59562653147419,16.25786641790328,8.322828148314231,4.540876042187652,217.03933882213659,8.743341730698011,13.880000114440918,21.43092114931556,19.100000381469727,13.649385476184332,100.62253873955704,56.75,96.44061300644937,44.476870190999556,59.620208917699365,137.95844756473755,157.6999969482422,14.89945812504365,14.104895258940942,249.20122167724088,37.88910510631341,104.80000305175781,141.01735169951874,21823.0703125
2022-03-22 00:00:00+08:00,48.97529213064594,139.34215231248984,362.7084646738551,4.794365747407578,77.82275791866788,3.945417404174805,48.767365023739494,25.64470772010393,11.091162623795165,55.16258253759267,2.5099199528734504,70.64003669369279,9.443760682928373,43.91530244745254,45.68508768318585,106.59038863656166,29.478130013637525,85.93840964009442,28.30196927220534,14.147676687007309,20.77468914526824,62.369208726808836,33.902562733221004,32.319569289988685,48.08465461057658,36.642426885868275,5.069285238091543,32.654689816409494,51.596698518951946,43.84295771000212,39.27833176669503,11.071538524175601,4.619999885559082,7.39075440282955,4.258423916807837,48.09880580036216,179.70088386322584,2.9592252445786467,123.44934505084154,365.6669144777908,3.365582825891076,3.2430095442773665,17.24776098368072,47.47651205991798,7.707918267443818,43.427342254091585,13.398719971579462,17.3799991607666,7.314062063911203,35.140896081980436,16.4145702903769,8.360275661079651,4.54087593403897,211.86699791888637,8.795385834621596,13.5,21.13868435969379,18.34000015258789,13.465926534493896,97.32978444644436,55.45000076293945,96.05829785630074,44.671725673561866,60.88252530008716,136.68014698666366,145.0,15.439854267016187,12.634807936811654,241.83666181948612,37.01698018950911,102.30000305175781,136.13407644206043,21319.189453125
2022-03-23 00:00:00+08:00,50.69205093383789,138.86754857296864,364.2502827340498,4.760483605333546,78.20471015437674,3.919852966381902,49.97204748658885,25.735003134113022,11.036794226211637,56.078140363351615,2.5183425657805287,70.59346953586993,9.034348966830136,44.00225803241567,45.1559154031214,110.96821480051909,28.998453594871574,86.57497974785893,28.16655246946266,14.076133508915541,21.001983202620217,62.92607924108098,34.12678772486299,33.44962855747768,48.67660918242951,36.362358070894985,5.556716622049196,35.151812565778314,51.82064007565549,44.78315968107639,38.95217141764232,11.418729809914497,5.079999923706055,7.313589345901613,4.357457150956016,49.31834714211472,183.57040702213467,2.9431425143136485,125.65209046433208,394.32728635498677,3.4089535437912657,3.3268083939836424,17.45960595288739,52.22416429811961,7.814340046516132,44.37052973054917,13.283048846856085,17.520000457763672,7.515450943784139,33.640699212331135,17.354782375618456,8.126225493033854,4.560076242031003,219.82444121112036,9.24643087079798,15.039999961853027,20.895150261337957,18.520000457763672,13.686077139177259,99.75091180614886,61.0,105.61633088462483,44.81787109375,65.98034201674817,140.8100426574155,158.5,15.439855444029613,12.793736657250383,257.7600517272949,39.48801130334305,114.5999984741211,148.59144254386035,22088.7890625
2022-03-24 00:00:00+08:00,50.215172350491464,141.0507093020344,366.5629569366453,4.735071862074181,79.25508299177666,3.911331682997218,50.15052199594834,26.096198546001784,11.163654271832987,55.94080474501767,2.50992009356266,70.26750315642819,8.652232219861167,43.91530493028008,45.420496382803286,112.0150765024892,28.693212255089012,85.84746528052247,28.97904753484241,14.380191281754264,21.411111701153015,60.698606182845865,35.5169684018503,32.90720251258893,47.67484087969194,35.47547300302299,5.624956961969416,33.95127153082149,51.46233067355514,45.475934109639006,38.998767847749626,11.53446103948351,5.050000190734863,7.1849797054220526,4.303439358595247,49.36713071422508,179.0817703086725,2.9994318657775985,126.32248141348828,368.6317986660316,3.3916050816051717,3.343568160776968,17.194797951473856,54.69294068327992,7.8751512533363375,45.92882537841797,13.456557925043464,18.100000381469727,7.487989366164017,32.0950392788289,17.158904390144897,8.519428772709086,4.742479940476628,221.81379595109516,9.124995725629791,14.819999694824219,20.651615952676398,18.0,13.300812000071355,94.86021238023702,65.4000015258789,106.47656482680205,44.817871762741724,65.1549809211302,137.17179722837173,156.1999969482422,15.497754386583948,13.151325472198884,247.80792620809373,38.9065929859502,116.4000015258789,150.38526027944698,22002.869140625
2022-03-25 00:00:00+08:00,50.596673018837535,142.18973221590693,366.17750921510765,4.811307160215183,77.39305981279655,3.9709813543563293,50.15051924917197,25.735005826234477,11.05491723642103,55.39146782953368,2.5267650823948653,70.82630058618693,8.852389613939472,44.089220128017594,46.74342927357099,115.06052616378777,28.605994858248764,86.39310632611068,28.888772011948877,14.308649264144764,21.229277392198178,61.441091251143796,33.18505380095832,32.77159430470957,47.902518596475,36.50239024793489,5.381241312532697,31.790299537644582,51.955007266588986,45.82136078282556,38.67261083600838,11.553748697704927,4.980000019073486,7.2278497605554834,4.303439343809177,46.7816979288672,179.54610969160245,2.983349323272705,124.50283261815119,354.4004441699342,3.400279370165684,3.2932891333697056,17.106529865704314,53.790887020517744,7.799137115478516,46.09285591593271,13.205933455114385,17.860000610351562,7.634453773498535,31.86773853786948,17.629012039561317,8.53815460731437,4.876881825624547,224.0020898991515,9.367865850305858,14.4399995803833,20.359374754653984,18.0,12.732087523185823,97.62031826253994,68.55000305175781,108.38816022176542,45.01273663029301,65.64048751461533,124.09376616771802,145.60000610351562,15.632853678553259,14.581681118466324,231.0883522328065,38.95504056774323,111.4000015258789,143.50880984042553,21735.609375
2022-03-28 00:00:00+08:00,50.73973708417034,143.0440057322505,356.9267232314744,4.811307362880165,75.48330259081273,3.996545791625977,49.07968950568548,25.689856978873287,10.855565967734202,55.29991612471337,2.552032709121704,71.24538243669232,8.843291553485658,44.78490734565549,46.8316204359683,112.68127895592289,29.04206085205078,87.12063397385594,29.249881983979474,14.111903656051398,21.41111286065517,62.554829660082085,34.75461279040806,32.90720123710306,48.31232891239861,36.17564573001656,5.322749549360297,31.118000968780798,51.95500775295562,45.82136036528838,39.27833157604029,11.16798132681237,4.550000190734863,7.459346476490472,4.249420488137654,45.36702727217074,149.36379203253793,3.1280940994764315,117.41574484601733,353.8074783892815,3.374257029022026,3.418986820724867,16.788761177092127,51.89182668849379,7.890354512332222,45.067659539088176,12.897474557179134,16.799999237060547,7.597837599732561,32.64057264032905,18.80428093463524,8.388362637815735,4.646478454344818,211.0712603619305,9.246430538530772,14.279999732971191,19.7748955828607,17.600000381469727,12.768779399150105,92.97172892482935,63.599998474121094,105.04285283092594,42.43083124391719,63.358608224357475,118.980555856055,143.0,14.918758392333984,13.210923453036353,221.932399764249,36.04794922916795,107.4000015258789,142.01394033053862,21422.19921875
2022-03-29 00:00:00+08:00,50.83511202766399,145.03733324575026,361.55211767277893,4.828248434627312,76.77239697767725,3.9965459533801946,49.74895747661735,25.825306455471345,10.728706917131783,54.84213235553289,2.560455155065458,71.19880813916268,8.688623830146632,44.78491219499164,47.00801267942513,113.44262890093454,29.042063887191723,86.98421862222484,29.2047419219095,14.022476551777695,21.502029416675214,62.1371793857839,33.274739027671394,32.183962735150956,48.44893589135777,36.3156787560125,5.361744270388686,30.73382662773319,52.4028988487152,45.671941419782186,39.371513283218015,11.360865493060631,4.820000171661377,7.347885089404341,4.285433354136564,44.73286247390102,151.84027116971234,3.1039699084894696,120.38464744567355,366.6552194199233,3.3916053771972656,3.4106073053204558,17.053568286356874,51.27463316649609,8.13360152132301,45.23169168042697,13.013145835096164,16.959999084472656,7.680223259772153,33.095175710529375,19.000157962811254,8.510066767513743,4.694478597162449,212.4638159533195,9.22908306873581,14.479999542236328,19.87231012554045,17.979999542236328,12.493590503500622,91.61589452940801,67.94999694824219,100.35941530653015,42.28468704223633,62.72744806211842,123.20879524622035,153.10000610351562,15.188956414308286,14.383020203037479,226.90846249646853,39.29420175459921,112.69999694824219,146.7975542868337,21771.2890625
2022-03-30 00:00:00+08:00,51.31198680454091,143.32876528337957,362.32301030183197,4.929896014041352,77.34532054554333,4.047674597523412,49.07968841499468,25.735006341774806,10.764952061369092,55.34569545175022,2.60256812230225,71.47821770456888,8.76140840669127,44.828395761509626,47.00801086425781,114.10882426397987,28.780423444016535,86.43858305348347,29.295021565347994,14.040361270802617,21.547488136868225,62.87966750614439,34.08194513455738,32.22916782433354,49.632835388183594,36.782464616237796,5.624957203308734,30.157567338118113,52.31332225073872,46.31941994114926,39.65107744647869,11.958805300393713,5.260000228881836,7.296441555023193,4.339450927940502,46.63534985252076,156.94806244769194,3.128093991884729,122.5874004584942,378.5146792675557,3.3916049285554335,3.4273669178474386,16.894684103867636,53.41107528796881,8.300835787163324,45.51874455654562,13.109540111953967,17.299999237060547,7.698531140502613,32.731491125511376,19.901196668344912,8.594326334517193,4.771279811859131,215.84572587210832,9.159691717934464,14.300000190734863,19.969722611563547,18.739999771118164,12.878854975815102,96.0223746202731,68.94999694824219,104.1826230857117,42.28468837128557,63.795567411262724,122.91380390259638,161.6999969482422,15.227555218853695,15.137930022322044,242.83185558158812,39.051945028737165,115.0,146.29928216839494,22101.630859375
2022-03-31 00:00:00+08:00,51.45505427242207,145.0373216367837,362.3230316100159,4.91295534170372,80.20995650365887,4.05619618641552,50.32898983829718,26.999179932347765,10.89181263125547,55.803474400317,2.6278355246783196,71.15225845782484,8.697721946244869,44.697950663703836,46.96391467355101,114.20399507563164,28.99845465260861,86.07482335823862,29.56585136047254,14.147675672901247,21.729324661631544,62.786861133486305,35.24790500429038,33.49482785582651,49.22302321212307,37.567259827504635,5.927164154582583,33.1349057531314,52.6268423314343,46.81747817993164,39.55788793787635,12.28670860975384,5.199999809265137,7.296442173153433,4.510508480777029,47.90367312468305,160.97236876603029,3.1441767553836595,124.02397547723847,377.9217005774241,3.400279370165684,3.4022271633148193,17.03591493220646,53.2211696914464,8.224820062565778,44.534555113159016,13.630066069604291,17.600000381469727,7.762608887479825,32.77695129056719,19.431089017292404,8.931358328426587,4.780880591272159,226.3893504857275,9.090298785887203,14.119999885559082,20.45678849150681,19.360000610351562,13.300811980770822,97.03924370383751,69.19999694824219,103.22682058241689,42.917980591227,66.36874753575657,125.8637288475639,160.10000610351562,14.822259096170805,15.296858872226034,236.86059583354202,40.69929659723522,114.9000015258789,145.1033571694923,22262.16015625
2022-04-01 00:00:00+08:00,51.216613471511494,142.37957063268442,353.65039262615267,4.997661110021818,78.87312534524592,4.1243672370910645,49.30277689368324,26.86373428697782,10.855565429355625,56.58169937133789,2.6531033515930176,71.47820642164835,8.624937717308418,44.48055078719887,46.126058566720616,111.82474486033121,28.12632215777819,85.11994548271369,28.753355729392496,14.129790748198566,21.22927752676845,62.32280101821925,36.727779388427734,33.26881469129257,49.22302252342785,36.85575632852307,5.810180806476097,31.358110745866803,51.462333089358,46.26961483354736,39.697666325231324,11.611614147875391,4.960000038146973,7.425050055338039,4.411475200611401,46.53778894687841,161.43671481198064,3.1602593672653256,120.19311534625359,362.7020629496771,3.3569082952291653,3.310048639105775,16.400377175709462,52.31911523114993,8.027181858207172,44.04246386884762,13.321605107917438,16.979999542236328,7.780917524318972,32.95879575262295,19.74449432152704,8.407084760879304,4.5984772962352105,220.0233676567725,8.847429080563971,13.640000343322754,19.969721268272334,18.600000381469727,12.933893766259608,90.59901249466517,63.0,96.72735279977216,40.48223183840428,63.6013582839329,119.27555182086112,148.39999389648438,12.660679606494792,14.959136421227884,225.31611259084187,40.11788308266566,106.80000305175781,142.31290404511824,21693.099609375
2022-04-04 00:00:00+08:00,51.78886892424152,144.75257756248064,354.6139955856503,5.0146021812697885,79.4937976842833,4.124367051696423,50.81978507219413,27.45067360676055,11.01867120171152,56.94792476649886,2.6531033515930176,71.47821632946274,8.59764414516497,44.828387945379646,47.581283305085094,113.9184799194336,28.693212255089012,86.62046105796539,29.02419011566697,14.57693525019643,21.320194996557202,63.111694677041285,36.99684766068588,33.67563731635839,50.08818538573591,36.76089373163589,5.907667126894985,32.558646814444565,51.95500670419817,46.81747779996149,39.46470295941464,12.074536775510973,5.079999923706055,7.587956543156179,4.555522892298708,47.513423919677734,171.8070494453862,3.2326319217681885,119.33117287921047,384.2467498800359,3.382931173916607,3.3435680943300357,17.14183811695624,52.98378523699863,8.437662981711343,44.69858521289971,13.630065807400133,17.1200008392334,7.918227120483385,33.95892043943343,20.09707395172796,8.781565818836583,4.35847282409668,227.38401891950062,8.916819551155552,13.779999732971191,20.505494892278485,19.100000381469727,13.007277632237958,94.23072438174387,67.5,105.90307803374269,42.33340309401539,66.0288967145885,122.52047421759585,160.10000610351562,12.930876676046115,14.919404479503346,233.87494680152648,42.44355516061629,110.5999984741211,151.18256037073144,22227.109375
2022-04-06 00:00:00+08:00,51.407365383750054,143.23384036320502,356.5412769409806,5.023072857152864,79.73252179694899,4.141410306648414,52.24755963268055,27.22492641142993,11.181777103135206,56.99370565721763,2.653103448408761,71.38509383512275,8.606742155834203,44.91535092239076,47.581277798519984,113.25228943418495,28.736817200726804,84.57430074855556,29.29502061317429,14.737907010383491,21.911158625704388,63.20450525095813,36.95200500789484,34.48927735578931,50.133718606054856,36.666026532036234,6.024650776116407,35.82411706078426,51.23839026897127,46.867279728015596,39.60448492140997,12.151690574895362,5.170000076293945,7.665121807525096,4.672562320138583,46.83047976482141,158.6506640217078,3.2487146854400635,117.99037798418577,378.514663816437,3.4002795219421387,3.351948070241229,17.388989647251453,51.46454020859808,8.452865292746617,44.78060324195598,13.957803396740422,17.299999237060547,8.128769953247556,33.27700910245767,19.8228448563058,8.547515453952066,4.30087224231941,242.70209810266013,9.21173520107108,13.920000076293945,19.823602834325897,19.399999618530273,13.337503426322634,93.9401789319631,68.0,104.6605322431205,41.26167046514182,63.11585763876346,121.93048696985504,160.0,13.008076854124385,14.939269523713538,233.0787697325169,42.249747210579805,109.0999984741211,148.7907573247266,22220.2109375
2022-04-07 00:00:00+08:00,50.83511529801806,143.3287817176038,341.3160135197405,4.989190445302512,78.77763546439094,4.10732436707916,51.667527415913,26.818584844085503,11.000549169618473,56.71903682531954,2.6362584342996906,71.15225883665254,8.379291254113062,44.958835855731536,47.05210840287531,100.78502414142517,29.129278838634374,85.71105388884848,29.114464316801204,15.006196380844615,23.82043057159865,62.647645333234,38.790634213931256,35.257716737291055,49.76944453684062,37.47239451829961,6.287863407980724,37.26476248504901,50.52176723724835,46.02058561277575,38.858989632749186,11.573036940567675,5.199999809265137,7.510790939405862,4.6005386210817765,43.70844732460354,153.23331854855203,3.240673326271473,107.64706599221842,371.2013702916982,3.3742568492889404,3.477646271997902,16.859377089852945,50.420056980602446,8.756925201536683,45.39572069311289,13.398719683239984,17.020000457763672,7.542912850239891,32.82240786507178,19.43108906407217,8.219844818115234,4.2240711635251555,233.74997198885356,9.038254880782594,13.5,19.580071126261863,18.6200008392334,12.897202128347384,89.58213269482665,68.8499984741211,100.74173284476261,41.45653085073006,61.56223572589877,115.04731512688971,158.1999969482422,13.12387491161173,15.157797241070524,229.09792709331293,40.50549227006222,106.4000015258789,145.80098178070142,21910.400390625
2022-04-08 00:00:00+08:00,51.0258612076688,143.42369331246877,339.581445544501,4.989190578460693,78.77763700661254,4.073238849639893,51.13211109809074,27.405523210091527,10.909935092244927,55.43724740915061,2.644680976867676,71.52478470090571,8.442975997924805,45.13275926207672,47.36079225660385,103.73528911314929,28.998453594871574,85.48370531922042,28.8436336517334,14.290762783656373,23.456757980190485,62.78685978935763,38.387028319976565,34.17286269744523,49.72390803762339,37.28265730067151,6.336606608200534,36.30433169805548,50.073882931365894,45.47272034349554,38.76579642815006,11.438018992241723,4.949999809265137,7.4679205579781165,4.555523349290614,43.464538880155345,149.36379774816564,3.1683009338527386,108.22168738323708,365.6669159981382,3.3829310229145215,3.418986910135119,16.61222371857063,48.94828357553341,8.604895065048543,45.14967315058234,13.070983011343696,16.81999969482422,7.735146892078238,33.3679385080436,19.901197041038106,8.182397832386588,4.1376694078722895,233.74997327791695,8.98621215206892,13.359999656677246,19.190417374902975,18.200000762939453,12.511936121292289,89.29159073240757,62.849998474121094,99.40361116837448,40.43351497322458,60.88252984406124,112.88403182932727,154.10000610351562,12.757179642661876,14.065163696369474,221.53432077283205,40.69929592626778,102.80000305175781,145.50198312506222,21667.529296875
2022-04-11 00:00:00+08:00,51.121240042692705,143.23384036320502,338.42512580821784,4.98071970278129,80.20996094534271,4.090281673013576,52.55988765422896,27.270077175197745,11.073039899240559,55.66613834735967,2.644680976867676,71.71104652238634,8.388388527169433,45.39364242553711,47.49308632609288,105.06767077328811,28.998456954956055,85.80199824946979,28.617940290870447,14.237106163183212,24.275021508227947,63.575760281505616,38.3421835899353,35.438527051092244,49.814977760635614,37.23522157041113,6.356103999499859,37.69696066487294,50.70092259367939,45.0742739988177,38.85898945063012,11.380154016576247,4.909999847412109,7.43362504284017,4.609541094531246,43.1230670198108,152.3046275421809,3.2004663776893785,108.03015312615854,361.71376152014824,3.3742566644772265,3.427367132111119,16.241491955833755,49.94528785083915,8.66570737568747,45.19068028125354,13.321605285263876,17.059999465942383,7.7076852473798505,33.186096710412684,19.901196928055178,8.107501020607064,4.185670383683707,234.14783278204268,8.899473486826349,13.100000381469727,19.482657632668552,17.6200008392334,12.401861588100013,84.64301773135433,64.94999694824219,96.82294375702719,40.9206663895783,58.60064834868434,111.11407463539375,150.10000610351562,12.699279906387046,14.005566062484816,219.94197069604022,40.55394010817732,102.80000305175781,146.00028165539865,21688.029296875
2022-04-12 00:00:00+08:00,51.83655166851224,143.6135259685239,330.71613662415484,4.938366413116455,77.39306787451434,4.090281920088704,49.61510241774062,27.08947804348528,10.909934292241132,53.83501636331643,2.653103579666677,71.61790825789801,8.342898454053408,45.39364167662285,46.96391115737847,105.16283824718863,28.86763451210063,84.93806224612204,28.6630771727789,14.362306156945513,23.865889463605225,62.97247730633993,38.790633310100986,34.85089402281717,49.951578968825444,36.0968233633911,6.03439939831901,35.103794202781636,51.05923473928371,44.327184400532104,39.13854623445019,10.87865510917264,4.809999942779541,7.47649511783748,4.627547583844331,41.12301553158728,146.26816802414865,3.1843838366564188,105.92317766918258,359.53954279073093,3.33955982202585,3.3519478888216154,15.888417953204156,48.09370839267278,8.498474968794094,44.94463507243578,13.109539484466142,16.5,7.414757386269458,33.36793415862331,19.901195477017797,7.957708990022664,4.012867410253352,220.22230429789812,8.673950149017653,12.380000114440918,18.85921161663316,17.079999923706055,11.833135287743962,83.96508975002818,60.849998474121094,93.90773036043434,40.87195205387621,55.202095466742584,106.19752122233903,147.0,12.622080284375377,12.654673786101577,219.14579779781167,40.796200813117196,98.5,148.29244354492118,21279.1796875
2022-04-13 00:00:00+08:00,50.26285851566921,143.61352154035507,328.0179677190024,4.946837288795858,76.19946182199337,4.047674655914307,49.392010251743315,27.270077175197745,10.837443555810017,53.69768142700195,2.6278356205720024,71.57134788631043,8.315605148928642,45.39364242553711,47.272596902770076,103.64012602482498,29.04206085205078,84.98352680167379,28.527661404532584,14.50539155504967,23.18400606427874,62.41561619374626,37.44528960376596,33.811245965052606,49.0864204107839,36.04938920962265,5.868672834509337,34.19138094936097,50.745712523624064,45.1738842195514,38.67261124398693,10.801502405549208,4.71999979019165,7.330737563563398,4.654556250394759,43.36697550893499,146.96467210620176,3.184383461156358,105.34854503098424,361.71375982519373,3.3395597650666757,3.3519478086967283,15.50003372293411,49.04323801654037,8.559286304655659,44.78059860040499,12.897474847922089,16.479999542236328,7.103520074512215,33.18609612072552,19.979548262522073,7.901536288241235,3.945666551589966,222.41062091096146,8.56118842422895,12.260000228881836,19.463173891519816,17.65999984741211,12.08997931926995,86.1925307973785,60.599998474121094,92.71298035833685,40.57966169473377,59.23180250688033,104.03423949465804,150.10000610351562,12.622080112057429,13.906235236888017,222.33048245277658,41.232263550318336,98.4000015258789,143.40916071683642,21192.619140625
2022-04-14 00:00:00+08:00,50.73973899859112,144.75257637220537,328.59614662437895,4.997660909774006,75.72202160327201,4.0561962712823805,49.838190868623606,26.863733795994246,10.946179847175753,54.384354523976846,2.636258494148288,71.47821807861328,8.233722598982753,45.48059920476775,47.05210840287531,104.40147952255751,29.042063084801317,84.84712545754216,28.43738503216812,14.773680972277498,24.047724236139093,62.83325789756012,38.0282731168583,35.34811621520256,49.223024113905694,36.47629472853876,5.849175246181717,35.58400958447649,50.611348794945535,45.22369202080351,39.13854998742749,11.110116373518805,4.730000019073486,7.416476028533046,4.573528959594754,43.22062796885167,153.38808231682225,3.2165489196777344,107.64706800727181,374.36387713070496,3.356908086231353,3.4273670978937183,15.729532924379939,50.23014977078909,8.787332534790039,45.72378572358985,13.128819637413933,16.399999618530273,7.112673619561065,33.0951730435141,20.68470904510644,7.817279032975213,4.003267566134085,234.14784021580573,9.142343371345156,12.479999542236328,19.580069634538134,18.399999618530273,12.145017070611686,86.48308144163953,62.25,95.96272066103828,41.700105090290606,59.765857587823,106.78750312163706,156.5,12.54488159098921,14.780342241978119,228.8988876045925,40.8931038837678,97.6500015258789,149.7873490340358,21463.349609375
2022-04-19 00:00:00+08:00,50.35823803698921,143.51860873015616,320.69441327476295,4.9129548734781565,74.00324100775784,4.03063160023066,49.570485760070994,26.321944361601165,10.928058081510423,49.16565315090674,2.619413207820639,71.4782108924406,8.279212550441105,45.65452501078827,47.62537818979994,102.02223043923448,29.52173262972253,86.43857380653374,28.8436351224756,15.202940281260382,24.365933186125897,62.786861524871135,38.25250113835334,35.393323290539385,50.08818314032511,36.52372476625356,5.75168944702609,35.77609344307277,51.14881134033203,45.074274084070225,39.18513871125028,11.341576722137713,4.619999885559082,7.459347137571891,4.744586569562619,44.73286364673324,154.78113837293333,3.2326316489384226,105.34854526284902,361.5160906869345,3.3742568755755413,3.4273669178474386,15.976688120459562,49.56547801224162,8.75692569223185,45.06766547607816,13.379441627741047,16.540000915527344,7.085211764800771,33.27701658225958,19.979547673938796,7.7423834800720215,4.003267445854455,238.72337341308594,9.17703896198348,12.300000190734863,19.326795476441045,18.5,12.20005507407441,88.66210803382425,61.5,95.10248519962562,41.70010624199953,60.20281774257535,106.68917936431477,146.5,12.853678315150418,15.396189104071313,220.937175746436,41.13536191007313,92.55000305175781,148.29246678813809,21106.0
2022-04-20 00:00:00+08:00,50.978174214570835,143.51860181087625,318.1890342668618,4.811307631398159,75.24458388250058,3.970981170465304,48.63350889988848,26.59284017636637,10.819319725036621,47.56341985192364,2.627835690922451,71.0591188029325,8.170035171808406,45.437122178568785,47.184401298500276,98.12026245325114,28.86763810681772,86.34763195890389,28.708214921818662,14.79156658847265,24.093182549487896,63.62216212347509,37.31075653607745,33.99205387769975,50.13372014116945,36.33398860029143,5.868672621444552,34.86368549491844,51.14881245886976,45.32330334440191,39.32492455729751,11.399441636797661,4.510000228881836,7.347884876851641,4.744586594380359,43.56210322456622,161.12715955021434,3.2165490909870313,106.30625929916543,360.3301775644312,3.356908111367651,3.3603280846995176,15.376459431616809,49.75538483642922,8.66570737568747,45.3957231976965,12.878194396935198,16.31999969482422,7.021133617983073,33.5497748628404,20.097073671684743,7.667486429369321,3.888065597454336,238.72337274227803,9.471952598074141,12.020000457763672,19.30731142532099,18.459999084472656,11.851481654374421,84.78828359647324,60.20000076293945,94.52899995128395,40.33608756818961,58.60064332850837,103.3459243774414,147.39999389648438,12.409782762075759,15.67431348883532,218.94676209951814,39.827168349616294,91.0999984741211,143.4091561745107,20972.83984375
2022-04-21 00:00:00+08:00,52.17036777782778,143.80336820924438,311.2509032844214,4.853660854377812,75.76977029612189,4.013589065251471,47.20573913543697,26.954033302424694,10.819320371641188,45.32029546632985,2.636258363723755,71.33850860212776,8.17003498179636,45.65452361066782,47.49308621546225,99.26231608657177,28.954848784871363,86.21122703423066,28.347107289867303,14.809450466938983,22.547583368779875,62.83326515369631,36.59324638603721,30.78269684537796,49.72390803762339,36.33399126406591,5.371493146406858,31.262064501212354,51.46233284827734,46.81747611624296,39.697670158674015,11.592326266402592,4.289999961853027,7.416476726531982,4.906640631499359,44.92798606276896,160.19847086973962,3.2004663608697976,109.37095282374419,347.8777164152299,3.348234111341905,3.3519480552487244,15.111649895835214,50.08772178939626,8.528881633304039,45.43673182878062,12.145602704859087,16.299999237060547,7.23167670370239,33.77708448278824,19.54861679116985,7.836003143135673,3.9360660884703207,232.75527799342697,9.281126022338867,11.960000038146973,19.774895079561826,18.700000762939453,11.979904487006133,85.85358170665326,58.5,98.16105702584221,41.50524651353481,58.55209460943265,104.23090362548828,139.0,12.544881511947462,16.031902032930788,209.9898490607047,40.893105790168285,88.75,139.2234907908214,20780.859375
2022-04-22 00:00:00+08:00,51.50274073486495,144.46779509165,307.3963961432548,4.794365953464469,75.05360521370108,4.0135887768054275,46.84878808556688,26.908883159107557,10.692460578374256,45.36607211639516,2.6194131483544654,71.94386248954183,8.179134074746816,45.87192552353744,47.62538146972656,96.78788057145681,28.78042388501475,85.98388269434953,28.16655305374535,14.684251482005333,22.002077543558602,63.01888713268115,35.6515075024447,31.05391060852874,49.76944312874451,36.333989343938285,5.147274736474679,29.4852665778119,51.14881134033203,45.124077479290364,39.69766649337811,11.090827815587675,4.010000228881836,7.356459361108961,4.897637522258774,43.51331472405763,154.00722645778282,3.160259819985144,108.22168361794536,330.8791423248521,3.3308855919161884,3.259769350558951,14.5290749170369,49.32809479128159,8.072791522338362,43.837422435005855,11.33589649467151,15.420000076293945,6.9845174600322935,33.95892005870486,19.03933355449074,7.704934597015381,3.7824636321861247,221.81379712056906,9.246430781079189,11.300000190734863,19.482656492160192,17.5,11.851482226599607,85.32093359697232,53.04999923706055,99.49917993026938,41.115529382305944,58.64919643285975,103.05093114899894,130.10000610351562,12.313283505888663,14.780341621086627,195.0616679145584,41.13536126830007,83.5,133.24396847572712,20261.609375
2022-04-25 00:00:00+08:00,50.16748506473548,145.3220741598259,317.9962529622293,4.777425230962454,73.86000311551848,4.013588801817521,46.80417699793739,25.91560361328635,10.674338038497766,45.228738172718266,2.6278355373756166,71.61790686786765,8.097251789905338,46.08932671985927,47.36079668999257,98.31060094982618,28.824030605014556,85.48371152883998,27.80544212613163,14.88099322934991,22.27482942234924,62.647645333234,35.6515105023809,31.46072810211944,49.177490422117806,35.71735891984391,5.079034242002462,29.101092387823396,50.61134281991992,43.33106838630626,39.1385534341247,10.840078609272997,3.9200000762939453,7.347884897841669,4.870628291281991,43.659662037656204,158.0315168363802,3.13613546459709,105.25278088793455,328.3096009501573,3.330885793378696,3.184350763783203,14.476112975294015,47.998751273785246,8.209618305938317,43.878427164554445,11.220224549203598,15.399999618530273,6.9570549714564045,34.09530595098926,19.039333592815247,7.686211021279699,3.820864158571655,226.19040213147468,9.211734700346781,11.460000038146973,19.482655746099905,17.299999237060547,11.86982804998787,87.16099548339844,55.599998474121094,99.69034270590276,41.31038851156706,58.30934252752872,103.24759428018882,138.3000030517578,12.37118291992959,14.46248488601349,202.82432174704445,41.03845679658968,84.80000305175781,132.6460122488952,20284.599609375
2022-04-26 00:00:00+08:00,48.49841301778632,144.56271696174517,313.56359967660575,4.718130791159638,70.75664086114611,4.0135887554933465,45.153312153313124,26.231645600626678,10.420618962081583,41.88694088763993,2.602568177365646,72.64235733964475,8.142741546868997,46.61109228141681,47.228498196931746,97.35890250726402,28.736815125639666,84.66524907337457,27.715165384240272,14.809451444447014,22.00207869004709,63.48294700062867,34.97883755553002,31.641542601854614,49.31409753497918,35.717358178779115,5.118028647406935,29.293178096384842,48.73021551685282,43.181649881876716,38.99876388923552,10.608618440093627,3.990000009536743,7.0306484478471125,4.924646854400635,41.220575909066014,151.68550380721987,3.0878869979173955,99.41072624822392,328.309585205114,3.296188974344659,3.134071456805137,14.334884346359159,47.09669718881429,7.69271534584209,43.30431727334301,10.892484795651809,15.140000343322754,6.8655150559332,33.95891566712743,18.80428103183178,7.6113146468834545,3.811264006570648,221.21698742885616,8.691297578377242,11.020000457763672,19.482655549257185,16.8799991607666,11.539601496525538,84.25562355795219,54.79999923706055,101.21963613308372,41.21295612942912,56.90137262981927,103.34591552349507,141.89999389648438,12.332582530881792,13.05199547855591,209.1936722162673,40.40858769676957,84.5,136.53271080048808,19989.0390625
2022-04-27 00:00:00+08:00,45.06489763842474,136.68437615516436,307.7818562130361,4.650365695977353,71.80700009221704,3.919852966381902,42.83318270669561,25.64470772010393,9.967548268376659,39.64381255865428,2.5520327797901166,72.45608786701025,8.006271430227349,46.524132612798354,47.360790606576714,95.169990353468,28.431567807196757,84.6652435396274,27.128359716375357,14.398078741192743,22.365747571394152,62.74045217858493,34.30616621307478,30.737493063553188,48.63107497518941,35.66992349014993,5.176520333967515,29.917458574686137,48.6854239833912,43.480486826939654,39.32492465657321,10.60861774048364,3.940000057220459,6.773429799306252,5.095703880766752,42.0498604545613,149.51857220455364,3.0637631578982565,103.05003739956024,328.11195321075377,3.2181217082528244,3.1256916522979736,14.599692257798663,47.09669655073327,7.55588794796247,41.99206965985813,10.526189537905882,14.680000305175781,6.462738064539956,33.45885198650198,18.412525375684105,7.461522291955505,3.763263214969722,216.84040246691023,8.760690414273375,10.739999771118164,19.268347926498063,16.479999542236328,11.282758272778779,82.80294354507355,54.75,101.3152180265328,41.45653217705549,55.78470539660102,102.85426154465985,144.60000610351562,12.04308671427911,13.111593212004019,211.38314429357115,39.24575112505657,84.3499984741211,139.5224628682919,19723.4609375
2022-04-28 00:00:00+08:00,45.63714976928603,132.98249438355654,309.70906111798115,4.641895423456668,74.48067946465744,3.9709817429335854,43.770156816920725,25.46410905320128,10.05816264578538,41.4291594682369,2.5688779512654714,71.66446685791016,7.851604775052069,46.69805709634485,47.184401298500276,96.31202819537441,27.951894325402506,83.2102143681312,27.21864024001296,14.415964350129078,21.95661765818335,62.55482886649182,33.2298928528008,30.873100078436224,48.175729690964495,35.24302673339844,5.079033947985012,30.30163238956984,49.08852200672492,44.27737970635467,38.9521711672359,11.052251131344136,4.03000020980835,6.824873600734669,4.870628337416162,43.2694043436753,165.15146058644555,3.0878871614536765,104.39083864295543,336.6112364473045,3.244143934257045,3.167590782199801,14.81153767853477,48.47351831764341,7.98157257549423,42.36114308314583,11.200945866124249,14.880000114440918,6.67328122015184,34.09530265667297,19.352739459020558,7.339816429647126,3.801663744979641,225.59358886376293,8.405057462574801,11.199999809265137,19.385241677970196,17.040000915527344,11.704714948398674,86.38622353568653,55.900001525878906,100.64615391289401,41.4078171889455,58.98904808064735,109.63910608857734,152.10000610351562,11.714988981972404,14.939269504594993,227.30654150115888,38.95504602764225,88.0,140.51904435591263,20118.7890625
2022-04-29 00:00:00+08:00,46.209405060508786,133.36219147712953,316.06899899991237,4.692718915267509,75.91299948738319,4.047674714551582,44.43942791020644,26.00589993548427,10.094408100895675,42.52783142678746,2.610990524291992,71.6644641952863,7.9607813764626805,47.132860632667885,47.05210930790105,98.7864580996764,28.03911084629661,83.21020299642697,27.218639986638394,14.628558437249396,21.911157938125303,63.11170363711506,34.35101011268741,31.0087063083369,49.04088646686673,35.195590426064115,5.147274593644427,29.77339750589785,49.849934436877355,45.074273329426056,39.185142610456815,11.457307579502125,3.940000057220459,6.902039240602729,5.041685282448769,43.65966604089225,167.1636313482198,3.1361355616891924,101.99654203434217,335.0299643161042,3.252818230302536,3.226250041253298,15.30584306614658,49.94528541965275,8.787331141869188,42.40215017117742,10.834648213461746,15.5600004196167,6.700742857106704,34.18622142358386,20.332129260729605,7.573866839911604,3.8208641506321284,225.39465580127995,8.630579807931028,11.199999809265137,19.268346786499023,16.8799991607666,12.016596351569726,85.22408449963672,54.79999923706055,99.78592631163819,41.40781653884445,58.21224084208115,105.7058632322647,150.39999389648438,12.139584837814247,14.959136652167798,225.91324999445607,38.228270738679775,88.25,143.40916053574932,20271.400390625
2022-05-03 00:00:00+08:00,46.30478178059232,132.4129944261112,328.59614662437895,4.718130789830291,74.62391227387472,3.9795028415245537,45.86720380245127,26.231645241687026,10.311881727844833,42.48205572786093,2.5773003550715923,71.05912417036915,7.742428038740598,45.3936378631816,45.949670700323345,98.2154264330072,27.428614907443013,82.75550613713689,26.902667831847552,13.737478420543207,22.18391131408376,62.183582972416644,34.261324351937716,31.867550865237995,47.72038098440497,34.76869187944116,5.157023068412784,31.55019321636768,48.5958508100909,45.422911912925024,39.511295142091356,11.746633709640834,4.429999828338623,6.86774342696412,4.924646635623692,45.85484260289778,172.42617059479986,3.103969705631248,102.47541051150117,374.5615461650648,3.2875149250030518,3.201110346725647,15.447072479661182,49.42304672698092,8.498475004373342,42.48416502074906,11.374453166263297,15.9399995803833,6.9570554293793165,33.277017220823964,19.744494645724277,7.545780662497288,3.936066261356744,225.79252784647736,8.491796013931546,11.579999923706055,19.268346594958533,17.639999389648438,12.218400955200195,88.71052284233058,58.79999923706055,102.17543121343937,41.359099668465284,60.73687346903804,111.11407138432227,173.89999389648438,12.390483999728076,15.694180134352738,249.7983474694997,38.37362152018181,100.0,149.488349605494,20927.619140625
2022-05-04 00:00:00+08:00,48.45072501943747,134.7859739325985,329.55977580622243,4.777424676372259,72.71415201068253,4.0050671619263305,46.357995754724655,27.540969344210033,10.49311009948478,43.71806418869412,2.610990524291992,71.52477487057678,7.815212941546658,46.17628730372711,45.86147741756529,101.73672267962326,27.60304313631943,83.16473183766715,27.03808583721353,13.663222532961854,23.13854906575831,62.786859285804645,35.24790484644365,33.40442601580371,48.85874863172433,35.29045811551194,5.381241224444368,33.13490734453662,49.088527577756295,46.02058328424843,39.69766601302664,11.997381536083457,4.349999904632568,7.013500555869086,4.906640686026091,45.90362384328251,171.9618362415678,3.168300850175297,102.76271981432964,370.01539686254335,3.2875147149605275,3.2346298742998845,16.259147928273524,48.66342257815342,8.422459360066808,42.361138134528815,11.374454195178197,16.399999618530273,6.902131586294535,33.95891505511748,19.979547321054525,7.489608326078696,3.8208641156893135,238.32550330054076,8.353013512140256,11.65999984741211,19.40472586724291,18.280000686645508,12.145017306304432,88.95263124934722,59.70000076293945,102.27102865462084,40.8719539203874,59.76586062871367,111.99904978582944,169.3000030517578,13.008077797176867,15.63458112284127,242.83185566357707,39.778717403150544,98.5,152.47814025878907,21025.69921875
2022-05-05 00:00:00+08:00,49.30910590706298,135.92503356933594,330.1379720439754,4.819778308968951,74.05098655564161,4.0476742650567985,45.82257781652551,27.31522519534218,10.547479178262403,43.44339260147599,2.6194131642803105,71.71104392908734,7.906193332874554,46.95893784657252,47.096208666775496,106.49522480322632,28.082716660524145,85.25635698432163,27.39919462627695,13.96024862114442,23.593136382355468,62.6940529164537,35.60666518719033,33.26881674876387,49.49623165118932,36.14425499056551,5.410487709381088,32.55865114092296,50.16345483036311,45.57233079433727,40.070419486860104,12.248131389935095,4.199999809265137,7.176405824288923,4.951655864715576,44.58651836565903,173.50962478174796,3.2004665841944053,100.7515241513164,371.39901134009233,3.2875149831705155,3.3603280846995176,16.153223650114718,49.32809544225317,8.51367755187744,42.6481960259595,11.567240902224059,16.260000228881836,7.103519793091032,33.822540780119496,19.862020772724875,7.658125005424768,3.76326319363505,240.51380532744096,8.45710125245209,11.579999923706055,19.7261894089835,18.020000457763672,11.924866285090001,87.6452201095261,58.25,102.1754497124502,40.62837721461247,58.21223732263428,110.81908128037188,170.39999389648438,12.544882428490924,14.899537925209728,245.0213280167988,40.69929498131444,99.5,151.68085277499156,21163.150390625
2022-05-06 00:00:00+08:00,46.733970642089844,135.26058057021473,322.81438251696795,4.701189584171516,71.23409022437095,3.9539388069256236,44.75175256245606,27.17977714485952,10.311882123362013,41.93271507241071,2.5773004072166423,71.24539556001362,7.787919905503417,46.828495859485365,46.74342946418654,104.21115136733624,27.64664984962204,85.52918465345476,26.58669870245891,13.83029898920675,22.9112548608595,61.99796630784612,35.38243841036488,32.093558934004065,49.45069677320969,35.90708837881122,5.157022793794076,29.389222677184485,49.894725265394754,44.72563379940926,39.97723006175787,11.534460965000877,3.9600000381469727,6.996352482423224,4.861625335067299,43.90357070573762,168.71142670580548,3.152218086416949,93.66443713641418,348.4707112729681,3.244144230674308,3.3016687184392906,15.817802579064594,47.096697131926476,8.270429515177845,41.91004854429445,11.143110357991132,15.65999984741211,6.929593558588856,33.50431760862603,19.352738263155448,7.4708848420781155,3.6192610166172763,228.77656487688506,8.058099805254143,11.100000381469727,20.115842209013046,16.8799991607666,11.814790144038852,82.80295430257648,52.04999923706055,97.300831523903,39.459214362078825,55.34774988347834,104.52589589342283,155.0,12.409781775079063,13.906235133951915,229.89409633022765,40.117883260823696,92.05000305175781,143.708156739011,20287.060546875
2022-05-10 00:00:00+08:00,45.35101978454873,132.98251592530764,309.1308993282171,4.616483145320672,70.51792435632072,3.8687243461608887,41.9854425218394,26.59283860112808,10.09440809423932,38.545140498466736,2.5351877915993914,70.73316192626953,7.7697218552608245,46.611090506192966,46.30244776887714,100.49950472193852,27.428615789145006,80.75482688581576,25.548506909433726,13.626093871037227,20.683770704914934,61.2554737170237,32.60206443274577,30.149863583060164,46.99181998623325,33.96232052156839,4.581853737722488,25.163319991269873,48.685425929644,41.63767087382421,39.837452202832615,10.49288785332959,3.5199999809265137,6.850595176306106,4.636550545381729,38.24489383283937,163.75844230285597,3.095928396864835,90.98284489249178,328.111952640155,3.20944732621315,3.10893182211366,14.617343456272534,45.482499547747594,7.768731022978591,41.3769549848974,10.757534217856902,14.760000228881836,6.929593702193731,32.82241301301168,18.53005022887981,7.058956107188806,3.5136593077212805,206.69465564612602,7.251421741025765,10.640000343322754,18.333178881427745,15.399999618530273,11.282758712768555,75.53953313741198,47.79999923706055,88.26849748856455,34.733852039151735,50.78398731015675,98.13437763331395,146.0,12.062386879509942,12.893066359965504,198.34586523502367,37.98601221577679,83.5,133.4432772650765,19300.6796875
2022-05-11 00:00:00+08:00,45.97096104613675,132.69775796093288,313.75633541395445,4.658836364746094,69.18109496264515,3.851681470870972,42.476238769996485,26.683135484447952,10.148776054382324,38.636695861816406,2.560455251363984,70.73316107977142,7.651448441437692,47.30678101081921,46.875722609258865,96.97823333740234,27.34140160542105,82.39174254733157,25.774201227348343,13.143425314586683,21.001982468443252,61.48750369710134,32.96083001571063,30.195069695005007,48.72214021579283,34.43665449983649,4.338138265175215,24.394976027947973,48.685424072187594,41.33883634041253,39.651077000652585,10.820790274285972,3.619999885559082,6.884891289698725,4.744586323912152,41.318144310073464,165.30624389648438,3.055721403976071,94.90946004807752,335.62293898211243,3.20944732621315,3.1256916522979736,15.005727590262499,46.289599188442885,7.905557491627207,41.499969927211644,10.776813176611785,15.239999771118164,7.460526544303162,34.095304839465086,18.255821943146827,7.040231721320698,3.638461163889127,213.85634818306227,7.563684330158227,10.720000267028809,18.683866969019373,15.520000457763672,11.099299153956833,78.6870058388709,48.95000076293945,89.94114678544614,37.90033395939339,53.40572316134748,96.36441557716371,149.39999389648438,12.10098526053555,13.369852425207645,203.02335745399552,39.730266236137105,83.69999694824219,138.1272402906529,19511.80078125
2022-05-12 00:00:00+08:00,45.58945786439593,132.88855324003876,309.3236389160156,4.650366043609741,68.41718371248109,3.8516816626061217,41.76235254087805,26.502541929446167,10.058162440673645,37.72113406712504,2.5520328335031532,70.45377571024186,7.61505507364728,47.263300005695626,47.360795433758824,95.9313544326046,27.428615339302702,82.57362725866511,25.277674757402686,13.18055370268952,20.82014776643346,61.71952931166242,32.333002052002755,29.833451860721294,48.40340183112682,34.76869315131603,4.289395280032444,24.77914673864387,48.81979515894608,41.63766923422452,40.07041549682617,11.303000146723843,3.7799999713897705,6.902039306090478,4.825613708541492,42.09865075952476,163.60365192557677,3.1280940485450177,93.6165493724121,338.7854387298351,3.218121586761794,3.159210951553953,15.18226654334194,47.28660361802532,8.118399953854526,41.62299149922844,11.335896112368442,15.619999885559082,7.469680485190135,33.095172453397886,18.72592757129135,7.115127848606702,3.638460917884292,226.1904028678705,7.563684755708862,10.800000190734863,19.248864563316992,15.699999809265137,11.374486582160202,80.23854674141377,50.900001525878906,91.13591112915434,37.851611383306015,53.4542784856689,99.41267587099614,156.89999389648438,12.660679871159353,13.52878004333204,198.04729843139648,39.924075405776655,81.8499984741211,138.72519244935643,19556.890625
2022-05-13 00:00:00+08:00,44.58802030473479,130.9806022541722,313.17816052190074,4.5571893916823365,70.66115239374467,3.8175963417901397,41.53925921650881,26.547688623371037,10.076284864749555,37.99580199714632,2.50992009356266,70.9659859379386,7.642349546844022,47.17633532602853,47.36079151389486,97.07339081046841,27.47222092822493,83.61942857835798,25.683923373968018,13.254810924963028,20.229180797077678,62.554837710139985,31.43610985039268,28.92940609112364,48.357862184552594,34.76868835948699,4.123668778813123,24.971234264289144,48.64064208749499,40.54194382082181,40.07041940190715,11.862363749105885,3.9000000953674316,6.94490961467245,4.870628303198567,42.87915804229749,160.0436915237222,3.0878868621672,91.65322907864359,345.9011378561866,3.1920990076565157,3.134071424210742,15.041036768453028,47.38156100147393,8.118399486932404,41.3359378955336,11.41301098591157,16.18000030517578,7.304908801313857,33.27701237635619,18.5692266642056,7.321092204804368,3.744062911128911,225.19570816476423,7.476944739084064,10.460000038146973,19.67748205089943,15.760000228881836,11.374487706068459,84.484751192346,51.70000076293945,92.52181541514875,37.413183248068314,55.97890754614791,94.98778473372221,161.8000030517578,13.008076236018487,13.429450975529477,195.26069276972814,40.21478429271949,82.19999694824219,139.82143608119387,19615.990234375
2022-05-16 00:00:00+08:00,45.398708109892034,133.55633696601123,317.9962974750868,4.616483075342653,70.2791998767572,3.8942890748842736,41.94082646421482,26.818585264945053,10.148776498466448,38.957139074119006,2.5436101212380477,71.24538381564498,7.769722444932801,47.3502625268887,48.59552247333579,103.54495482743461,27.733864066290476,86.3931087880428,25.999893188476562,13.347631025512735,21.956617653750577,63.854195022844046,33.40927731363397,31.370324953583967,49.086419695537,36.476293377331004,4.630597218007012,28.332746950017135,48.68542704842501,42.88281422473863,40.11701228693078,12.363861676002474,4.170000076293945,6.9792053520550885,4.879631901746912,44.14748360152774,172.58096651823624,3.128094179810816,96.25026891727258,355.7840122767857,3.226795491642215,3.184350537400204,15.782494551718568,48.52099222142715,8.270429426156674,42.23811812769453,11.682913206848117,16.18000030517578,7.314062177980147,33.86799902091158,19.313562899627463,7.339816249833787,3.734462800908117,237.5297496458707,7.849925624733852,11.180000305175781,19.40251215867704,16.81999969482422,11.502909440344467,83.65502694194262,52.75,99.21244943755529,38.48491155184232,55.97891044025015,97.44605827866414,172.3000030517578,12.564182000960846,13.727441029085197,204.01857376098633,39.63336515306136,86.0,147.79415976295746,20131.529296875
2022-05-17 00:00:00+08:00,45.780215346731666,133.27013349219672,314.33449378994237,4.675777363938583,71.90249866550944,3.945417539349936,41.985438781357516,26.908883566964388,10.130654038706124,40.10159067636483,2.5351877212524414,70.91943212708152,7.687839871308484,47.65462112426758,48.94830557266803,106.3048782702429,27.864684356852763,86.30216552316541,25.99989312358469,13.329066440780725,21.91115846419204,63.90059494167736,34.08194723574343,31.32512829576488,48.54000108081618,35.57505712534415,4.835318463716236,28.860983364115093,49.53641241423167,41.88669855700279,40.07041949313954,12.15168945161941,4.21999979019165,7.142109722280129,4.933650134663711,43.51331767782797,179.39133831580625,3.1441770087635406,96.72911850517832,350.24961679338844,3.2181214997917555,3.1592108166336526,15.88841803950425,48.42604258367918,8.240024567574794,41.99207055898303,11.64435673181103,15.640000343322754,7.405602996697795,33.640697014059825,19.5486183612913,7.470884400040517,3.8304641989220074,238.32549939851285,7.737163225595333,11.34000015258789,19.284202665577464,15.720000267028809,11.796443429285954,85.41207747025923,52.349998474121094,101.88870157129493,38.387481708133826,55.9789078860079,100.297660087753,168.3000030517578,12.67998049254146,14.065163881082624,204.21762053719792,39.77871620184113,87.5,147.9934626885765,20193.599609375
2022-05-18 00:00:00+08:00,46.35246372285035,132.88855246587565,331.48702900108566,4.624953745232864,76.62915874054617,3.8857676397328764,43.68092068488197,26.683137893676758,10.239390432409184,43.855395152259376,2.526765178689181,71.47821000944836,7.61505568302383,47.480699576127336,48.06635267916941,104.40147817360767,27.9955001582561,86.34763141512349,26.22558664626131,13.459016656668224,21.592945557844374,64.03981165787017,34.48554780068926,31.09911288791727,48.13018862723545,36.144257332692455,4.679340372842773,28.957027874935577,49.80514233800335,42.18553237153284,39.837451937946874,13.308993013787058,4.480000019073486,7.039222210639227,5.0867014526085965,44.48895562378367,188.36861353194686,3.1602595355767127,98.84939956864152,370.80603100517277,3.2267955592623982,3.1927304110858685,16.2767999894388,48.71090026146301,8.407256983545523,42.156098943685215,12.434784156888622,15.920000076293945,7.423909912223338,33.50431492468543,19.6269669367991,7.321092091019319,3.8400643939521695,252.64888578005247,8.110143335791516,11.479999542236328,19.540536880493164,15.880000114440918,12.218400779250288,85.7537366138193,54.25,101.50636181517896,37.997761433361674,56.70717254052744,110.32742543149317,174.0,12.60278166950815,14.204226122922243,212.17930598681718,39.58491081501185,90.55000305175781,148.09315159451216,20674.23046875
2022-05-19 00:00:00+08:00,45.78021486974634,131.55298118626092,318.95989990234375,4.633424146395376,73.43030337754514,3.8942892551422124,42.38700156516217,26.051047376711765,10.148776259616557,42.11583038496841,2.52676524880242,71.75760650634766,7.733330222619858,46.958934696131266,48.066356027597614,106.30488456068507,28.1263222300447,86.12028168314251,26.09017164537228,13.644657633011205,21.411112427000205,63.85419139222957,35.24790330642019,31.099115497765265,48.722142016689354,35.85965245279579,4.591602760217775,28.620876694326597,49.4916278586645,41.2392268727941,39.69766997668913,12.884648019571856,4.199999809265137,7.030648637327523,5.086700492701259,43.26941113412362,186.51126250472709,3.1441767553836595,100.10677126735261,337.99481951146515,3.2456219811183833,3.1592111247755112,16.06495772897528,48.900807292345284,8.224820137023926,42.6481979127999,12.627572509262464,15.380000114440918,7.368986552626815,33.64069366455078,19.470266342163086,7.283644396081167,3.888065616939411,252.05208371881093,7.823903053783153,11.15999984741211,19.087023730239356,15.399999618530273,11.79644396926147,85.21685985140684,51.349998474121094,104.08704554571138,37.46189749336804,57.28977376276655,106.78750640532076,165.0,13.239674802118142,13.409584398451306,198.53664777896375,39.730271067341064,85.0,147.49516931806988,20146.9609375
2022-05-20 00:00:00+08:00,46.114022556571484,131.55298447367994,320.8871400015695,4.701189585503172,75.57879345727436,3.9283746328470732,42.20853147558843,26.41224247169182,10.311882363864733,43.39761550970704,2.5604554626786804,71.99043532856764,7.7060371710526185,46.95893680890923,47.625377785956175,106.11454546454962,27.951896527241484,86.34764299490229,26.270727667676013,13.384758919955097,22.229369910038105,64.3182550998699,36.324177676639636,32.36477442715396,48.858747883561854,35.52762327991321,5.010793508071174,30.733827633890613,50.52176739564055,41.83689304740129,40.25679354086931,13.25112772638031,4.329999923706055,7.167832002788783,5.14071904762864,44.39139066480123,186.82082573074152,3.2004664904767695,97.4952987473307,345.54208522912876,3.2724454255834075,3.2262497044547733,16.382723537883944,48.046228373478684,8.31603853580774,42.93524768535111,13.398719758969188,16.280000686645508,7.323216527877888,33.9134575379081,19.58779265740561,7.349178232782501,3.9840670659697723,263.59040775505497,8.170861518719809,11.399999618530273,19.08702429491683,15.4399995803833,11.888173645730207,83.80145957591455,52.650001525878906,100.55057220120155,37.997760261893525,57.38687653546668,112.88403775213197,171.10000610351562,13.316874066873078,13.548646349588056,206.42223570694227,40.21478028528108,86.30000305175781,152.47812828650842,20470.94921875
2022-05-23 00:00:00+08:00,46.06633556549835,131.4575958251953,322.2362120751569,4.752013206481934,76.43818370437232,3.9454175139976164,42.87779938890509,26.72828564841054,10.474987983703613,44.999846069779586,2.5773003808893367,72.92174349790375,7.924388866095634,47.42650361984141,47.853464540186316,110.15736862447116,28.16992885443472,86.52952539375377,26.72211473508658,13.366194499258878,21.865699634046955,65.2927614284738,35.382439484868335,31.822350092271265,49.49623165118932,35.33788714090983,4.8353185590512835,29.533285632996332,50.790502608289316,41.886699186135,40.629535840392705,13.000378038569604,4.309999942779541,7.313589423527793,5.203740130403004,44.63529779172728,194.86944591592444,3.2004663944244385,94.8354559234227,347.13079732984477,3.2992687225341797,3.2932890202235403,16.64753029955487,50.230152778897825,8.498475178491267,42.68920177556685,13.18665434690451,16.479999542236328,7.268292377614744,34.549908243082875,20.253776931408495,7.339816377980984,4.060868344319225,268.5638036911598,8.937723177407698,11.579999923706055,19.639127931288346,15.119999885559082,12.145016913042062,81.99559986548198,56.5,99.78592731847134,39.215639715774316,57.62963388966056,113.37568983454709,172.5,13.258975839594886,13.707574737276097,210.2152920430011,40.55394015322163,86.19999694824219,152.57778671702215,20608.650390625
2022-05-24 00:00:00+08:00,46.877036071142236,132.0299778991421,319.3453128364684,4.752013206481934,74.74114089809112,3.9539387226104736,42.520856615945455,26.63798572159482,10.511233434946442,44.3589550807961,2.58572309149086,73.52709070540392,7.869801508113171,47.65234270876888,47.26042805383564,109.47859024117486,28.693211486551444,86.84780541439119,26.8123924081505,13.644657433217128,21.54748898555464,65.10713823538256,35.561822536334354,32.2743741436226,49.9074660191066,35.76479309576736,4.757329455557944,29.389222170103253,50.34576557243907,40.940388689780676,40.67613601940496,14.46629764243197,4.010000228881836,7.3564590979973925,5.239752449161245,44.732861919790466,200.2867652817795,3.2004663944244385,93.81988058542994,340.3787868301048,3.2992683213541056,3.301668882369995,17.124182759123606,49.375575340194544,8.680909919369508,43.058276782310884,13.032425965837247,16.6200008392334,6.975363398499154,34.69259544789675,20.13625094264072,7.3959877689419224,4.147270105476456,265.57975840211014,9.122578298668632,11.359999656677246,19.520818449141814,14.899999618530273,11.649677339686633,79.21360201763213,55.45000076293945,96.15387038171153,39.26435204498876,53.40572156404194,111.11407937997008,167.5,13.644970250944102,13.608244237408357,208.21894804675352,40.60239745487182,84.80000305175781,150.08631005636818,20420.140625
2022-05-25 00:00:00+08:00,48.593788146972656,131.74379738308443,313.756319132494,4.777424676372259,74.3054724958602,3.953938536724364,41.896206526608815,26.86373519897461,10.474987129068666,43.53495126842019,2.5857229232788086,73.48053519595257,7.824310893379149,47.65234202582524,47.80784823569829,107.8300945812987,28.64960188796639,86.6204625196403,26.406143443518182,13.514709672728399,21.502029109025575,64.73590087890625,35.023684475925286,31.641542601854614,49.38955826672089,35.57505755096633,4.776826771824597,27.756487357398267,50.29944999082172,38.84854507446289,40.58294321123376,13.656184326015637,3.869999885559082,7.407903237186765,5.230749293607606,42.488899480202235,186.493260339713,3.2245906736347494,91.30511695640399,332.43529817899747,3.2992684589830787,3.3351884455414975,17.035912382123712,49.233141521087,8.574488885631165,43.498093508792856,12.936031610361075,16.540000915527344,6.746513069640985,33.66949233104588,20.21460057821317,7.321092091019319,4.0512674517455745,253.04676101698288,8.87302461479676,11.15999984741211,19.303921417917262,14.0,11.264412344021146,77.01729469654623,53.099998474121094,94.0511112996452,37.85161535162256,49.812976271426585,106.39418506853795,159.3000030517578,12.892277628950863,12.89306617821318,196.83976144908993,39.97252344371316,82.0,150.48492920059442,20115.560546875
2022-05-26 00:00:00+08:00,49.309106849478525,131.74380742504513,314.33450518342283,4.811306953430176,75.46725304691867,4.005067134570302,41.80697087785089,27.08947804348528,10.366250183679965,43.80961806274597,2.5941455364227295,73.43397117182731,7.887997431356514,47.065157451935924,47.306045848414016,111.03009347239097,28.34435630468685,87.30250940772251,26.541558963010825,13.459016207194972,21.22927752676845,65.19996087685578,35.38244015454295,31.46072739301118,49.34247722990186,36.00195554250191,4.8255695292517125,28.092638553272593,51.22577398491999,38.948155256957875,40.582946690486835,14.234836357128595,3.940000057220459,7.373607677664944,5.311775994207714,41.757176590723255,191.234612996815,3.2889217700571582,91.35347649623841,332.63390659868185,3.352915061266845,3.385467529296875,16.912336134851703,49.23313981933507,8.741722312739066,43.541075781742414,12.878193977869362,17.139999389648438,6.58174093434482,33.94851861743675,20.33212861974814,7.4521603727191765,4.0896688648891155,262.5957073172086,8.873023893102618,11.300000190734863,19.303922416891634,14.220000267028809,11.246066850076748,76.4804083936554,53.0,92.99972178889284,38.04647888668323,49.0361659233206,109.73743454891259,161.6999969482422,12.467682241293943,13.330120002807753,199.1355681611056,40.60239498872271,82.0,155.0692453219217,20272.220703125
2022-05-27 00:00:00+08:00,49.118356139397186,132.12537430173737,319.92351268776656,4.853660513677307,76.09654670545233,3.9880240494530805,42.297766595394606,27.40552427643034,10.583724080747253,43.48917006618857,2.610990594903036,73.71335644587514,7.897095409708871,47.24582914336986,47.89908466864073,116.36341497574006,28.78042175110517,87.75720983676953,26.722113786319667,13.588965579464572,21.456570076969886,65.7104179484471,35.29275102770098,32.27436919792368,49.1070655005417,36.09682230694276,4.757329688071053,26.98814300205098,51.64261896656546,40.093691689463135,40.6963340370817,14.311989740351375,3.8399999141693115,7.390755746670318,5.329782009124756,42.92793843087003,197.87249268295244,3.3050041541295054,95.75430963619982,343.15904314774747,3.3350328646605627,3.418986967712718,17.212453416395878,49.09071448083043,8.939361784397079,43.19721403075852,13.302326309025082,17.280000686645508,6.77397511629124,35.250655575391576,20.528006157530278,7.133851962268084,4.0416680196849875,269.35954416004734,8.799082427899581,11.680000305175781,19.225048919069778,14.460000038146973,11.502908322572882,78.57912012425865,53.150001525878906,94.62458695578057,37.559326815977286,51.07529052562994,112.73102846692166,166.5,12.622080377018415,13.647976680903133,206.82149749614828,41.42607116699219,91.0,162.2447052001953,20646.060546875
2022-05-30 00:00:00+08:00,50.167485968197425,132.79315213545055,321.65802432791764,4.9468372184474685,78.32329999211223,4.005067057753673,43.8147778390681,27.902163574087332,10.783074775548174,44.404732759792886,2.619413066597092,74.08588090492863,7.978977584966924,47.516833559996286,48.12717806999802,119.56341273522872,29.04206278307786,88.80302056635503,26.992946451555316,13.718914333776468,21.27473492109454,65.89603982008754,34.66492303377017,31.912749766731793,48.96581351669993,36.049386488550894,4.6988375719033595,27.036161885154,51.82788318358794,40.59174888770128,41.03029864327341,14.273412803506071,3.7699999809265137,7.7079912288844215,5.329782492996202,43.513318273846984,197.91068606906467,3.353252616364888,101.65431947637755,343.3576065315306,3.3171505171468714,3.4860257514291786,17.2124525505117,48.61594933260106,9.258624898703074,43.369142983150006,12.993866332169205,17.31999969482422,6.911286152872915,35.80871372751478,20.841410911007994,7.16193847475898,4.118469357135506,272.34357190886004,8.743626026982056,11.760000228881836,19.698280762356877,14.199999809265137,11.57629225513729,81.01946519041466,54.900001525878906,96.72735201692137,38.5823397023334,52.24050569172119,112.53238801006765,168.8000030517578,12.872978866198597,13.608244292354426,213.60907763703273,41.426071850550656,91.69999694824219,164.43719601202866,20933.5
2022-05-31 00:00:00+08:00,49.833669785737015,132.12539847029254,325.5125346858846,4.938366619546829,78.08125821960293,4.0050668143577415,44.305574224889675,27.495821817700765,10.746829380014534,44.67940164523199,2.619412982643168,73.62022803554062,7.960781218200788,47.15549294518892,47.71661126906302,113.35736987639031,29.04206085205078,88.34832216508643,27.26377990173637,13.737479083665077,20.82014507847607,66.17447214116532,34.21647953493913,31.05391053808853,49.01289823936531,36.09682687747961,4.64034591843249,27.660443279605882,51.688933116902774,41.38863911217045,40.93488139164745,14.041952837954886,3.9000000953674316,7.682269972320328,5.392802982568128,46.8792591150108,203.56529090216546,3.373814808753992,100.49366089256678,346.5350128162883,3.3171506680542806,3.4525065294181205,17.071221561883835,49.7553832024659,9.349842182121387,43.45510627465981,12.820359412108688,17.3799991607666,6.902131051438477,35.855213006966586,20.488831070423196,7.442323932256419,4.195270577948164,273.53721618652344,8.826810781854777,12.119999885559082,20.063065023316124,14.640000343322754,11.8147906807639,85.3144685434413,56.400001525878906,101.41079626542577,38.923350624059964,57.04702332693582,120.1802174488316,174.6999969482422,13.08527719135418,14.601546804738494,221.794096744677,41.76523153536938,94.5999984741211,165.43376013416258,21106.41015625
2022-06-01 00:00:00+08:00,49.78597981875618,131.64837814356608,325.1270985716526,4.9553077570010675,79.38827044842898,4.0306314370968765,44.51853588114596,27.450671742972574,10.909934997558594,45.68651941689519,2.653103579666677,73.46667438976432,8.079056168868728,46.65864701809924,47.44290542602539,120.14522954158092,29.042063084801317,87.43892250652186,26.902668340415147,13.718913636335934,20.86560704017148,66.73134090218575,35.875730711809815,31.867548981673835,48.02416458127424,35.95452467525864,4.825569458233449,30.017192557990754,51.36472465820589,41.43844680459497,40.6963339925682,14.6591809652391,4.0,7.622252721599363,5.482833374774217,48.68418608536358,196.94133458741047,3.3473880158754765,99.7198899576395,359.4431974632136,3.3260916909042653,3.4944057822149626,17.583184045389327,54.360605625083274,9.304232559448627,43.1542329244156,13.66862467176045,17.280000686645508,7.094365712846543,36.13424735293573,20.645533162430954,7.944799487267642,4.243271024947918,278.5105953551729,8.993179519801933,12.15999984741211,20.556015204440268,15.020000457763672,12.401860577864579,87.36435726278442,58.5,106.8588772653728,39.60536128719914,59.620209424688994,122.96125154968705,184.6999969482422,13.83797079550291,15.475653463222836,222.7922625580219,42.73426177161283,96.0,162.9422957085988,21407.7890625
2022-06-02 00:00:00+08:00,49.54755027331778,130.6944123782106,328.4034220534731,4.887543132623767,77.8876373547755,3.9795031027735455,44.10204578157604,27.360373638975375,10.81932012203562,44.450512024182046,2.610990594903036,72.76252310665815,8.042663383614977,46.38763461008701,46.986722455705916,115.00584611859458,28.824029834323394,88.66661085538216,26.812391972349268,13.310502708687231,21.229277967259865,66.77774456276823,34.26132514716592,32.22916798254997,48.87165078147715,35.717354413106555,4.737832214164878,28.80290426360932,51.87420247589307,41.18941535506712,40.266944885253906,14.570631219578983,3.930000066757202,7.502216042127827,5.536851083662518,47.2207360218979,207.28116802361643,3.32977037195426,98.3657911169904,352.49263795305427,3.317150845323579,3.469266050684122,17.69793008296496,56.40209448522626,9.152202606201172,43.240195677418804,12.936031272708966,16.760000228881836,6.847207456630454,36.73880940856573,20.763060469854445,7.2527108044674975,4.1088691894406075,279.1074021092793,8.919237529205057,11.920000076293945,21.196848875587257,14.800000190734863,12.291784480874792,86.38822120843932,56.400001525878906,101.31521606445312,38.5823408964504,58.26079177856445,120.87547294683708,178.5,13.143174974089538,15.157796822641435,219.79773961784733,41.038459879470466,91.75,157.56074189709236,21057.0390625
2022-06-06 00:00:00+08:00,49.88135558302597,133.46093103658166,329.36704207128713,4.853660717033275,78.71056678025812,3.9624602034652865,43.778101246412746,27.360372142045478,10.855565575677902,44.450511113186046,2.6109906650614447,73.13805608640155,8.0699572853283,47.01998693700383,47.57975619616464,116.07250484664412,28.34617688543277,87.39345157292051,27.173500931553832,12.864962700841476,20.865607317774764,65.84962839765973,33.723183927345644,31.189515318639057,50.14287788134782,35.290453794339555,4.572105729347838,28.51147650174576,51.54998986898095,41.587863245214876,40.553202760838,14.961789210542737,3.940000057220459,7.510791193687032,5.653890866176156,47.17194764729419,217.45942022256398,3.3385791215227614,93.9649662110954,359.4432086227598,3.290327298503025,3.561444791532829,17.742064772946627,55.40508371384575,9.365044480103695,43.541071395817895,13.379442336077483,17.280000686645508,6.838053032120896,34.878616136591525,20.723885481834266,7.1105010663638435,3.95526682481482,286.46805415722804,9.039393812760123,11.960000038146973,21.689800007388286,14.859999656677246,12.346822544757742,85.90014979251355,58.599998474121094,102.92003730164281,38.72848710214609,60.008613634641435,123.35853013644572,192.0,12.130565812028738,14.998868731443078,228.78129992141453,41.32917003453591,92.8499984741211,161.14843825168757,21282.509765625
2022-06-07 00:00:00+08:00,49.404479444468144,132.8885464415646,334.57063804918903,4.853660854377812,80.88890475690377,3.9454175911956155,45.07386253597922,27.72156797738969,11.054917085789977,44.54206825942747,2.610990524291992,72.43391042418507,8.10634966699011,46.387630462646484,47.07795596845977,116.36342350393792,28.164469984908884,87.75721173967634,27.44433299162054,13.310503474821656,19.7291347036211,66.22087841224167,32.377847142191605,30.285472001645058,50.237043081138374,34.816123962402344,4.539999961853027,29.094334507079985,50.80892562866211,41.587864737989584,40.17152258594412,14.863999631195174,4.0,7.510790123998288,5.563860384508751,50.2939837585744,219.72126855698713,3.382623588695061,97.88217383910147,369.3725790267035,3.3171505171468714,3.5195451021018873,16.859375519249895,56.06975997181329,9.258624001168045,43.49808847485801,13.820994012494152,17.780000686645508,6.911286054832191,35.34366358039264,20.449655072434272,6.9019261273652965,3.9360658678549996,297.2105862039691,9.067121396799319,12.100000381469727,21.837684154489295,15.4399995803833,12.823816558262267,90.29277538793474,62.45000076293945,106.57173818248015,39.06949047492178,62.873099194761956,123.75582031287496,197.60000610351562,11.877846097359821,15.515385726350543,241.55792080982508,41.52297311593952,96.94999694824219,159.61614449367062,21577.48046875
2022-06-08 00:00:00+08:00,49.59523300543064,131.6483819604978,343.05050895579365,4.845189849479461,79.00100298811147,3.945417539349936,44.657370548031714,27.54096984758037,11.218022846893312,44.86251069230451,2.6278355373756166,72.57473865877593,8.17961320329822,46.43280408809525,47.85346572888822,116.65432647245409,27.937339120486676,88.03003916161421,27.489472212994976,13.83029934124958,20.865607317774764,65.75682647922085,32.646917947619514,30.601887581451138,50.66078558750804,35.10072221135517,4.71999979019165,29.628621265174935,51.31840827230676,42.43456325133833,40.31465380673786,14.570630615892858,4.460000038146973,7.459346367923926,5.527014040907762,49.2207823087776,227.7992387942645,3.356196880340576,97.78546241331962,372.3513973643697,3.3171506680542806,3.611724284995544,16.73067758075335,56.97181008078835,9.273826748768297,43.240192948199564,14.286870491631374,18.100000381469727,7.149290374722321,34.599582742506755,20.606357383408596,7.063096731241795,3.9168662115852717,298.8020899408892,9.242732737991346,12.279999732971191,21.73909400301963,15.800000190734863,12.933893543665054,90.19516459050051,66.0,107.2444016928615,39.31306518684199,62.48469494700957,119.28631054466138,204.39999389648438,12.538806857780132,15.813375732788737,242.55608934639378,41.71678037721281,103.4000015258789,162.5073943609477,21788.890625
2022-06-09 00:00:00+08:00,48.06922744718417,130.50361587103544,347.09773822056485,4.726601191366848,79.48508012159388,3.851681990761508,45.67546319324667,26.637988537767335,11.05491702819439,45.27451515081485,2.5857229938035355,71.54198563675175,7.9088278318318315,46.02629264111678,46.57615796929248,115.29676026812261,27.57392692565918,86.89327421596921,27.083223176584227,13.830299821848191,19.86551240244052,64.55028105643328,31.839709556266055,29.923852447986352,49.24830870826236,34.91098679299112,4.559999942779541,30.308621878100784,49.83628586360179,44.22757640592847,39.74214008017248,14.668421008160792,4.949999809265137,7.425050260580533,5.296721574959958,51.22083579977628,215.19757795690586,3.329770270132059,96.81824616623442,401.14656863525664,3.3260918414060043,3.6452435187907506,16.381355731099426,57.921343731530484,9.782027065224437,43.154232025146484,13.95687588757789,17.760000228881836,7.057749797690236,34.08803730373442,21.233167350721487,7.224268050060897,4.022467459868475,309.7435590534626,9.224247931251833,12.699999809265137,21.936274063792716,16.420000076293945,12.915546590163576,93.26999620373073,71.8499984741211,106.37952339661449,38.143908146951226,64.13542816411663,121.47141172558675,209.39999389648438,13.083125830423668,16.468956035801007,258.526867847366,40.650848388671875,116.19999694824219,168.19016301393202,22121.529296875
2022-06-10 00:00:00+08:00,47.640037536621094,128.97725793814033,335.14875372711884,4.7435425377107014,78.75895991128975,3.8772459030151367,45.25897017481473,26.502541986730403,10.873689495160919,44.908290073768626,2.59414546566828,71.16643800115268,7.98352518812308,45.439107381613894,46.07435739451441,116.65432605118328,27.573924584537618,87.07515521844228,26.947808179934565,13.923120535091952,20.274640165989183,64.64308686596107,32.108779582517904,30.6018872981976,49.059977906003716,34.57895544280059,4.710000038146973,29.72576424157432,49.78997163265466,43.13184512134886,40.02839657463699,14.023010832043859,4.739999771118164,7.467920857779818,5.250662895677875,47.952461979850355,189.18646670925185,3.3033435217109997,95.8026705320682,381.68497575722944,3.3260916909042653,3.5782044520140883,16.54682425417956,56.21218975031297,9.513103940834593,43.111251841958726,13.607468441622293,17.280000686645508,6.975363230388535,34.134541205466576,21.27234123585925,7.082058569692047,4.041668433467013,293.8286678328644,8.78059649217819,11.920000076293945,21.246143108116293,15.720000267028809,12.677050193411235,87.0715127510674,69.1500015258789,99.94102310107655,37.75053544185357,59.86296907394127,113.72425450240677,195.3000030517578,12.169446395489945,15.296858636979502,238.76304194369888,40.45703854550884,107.5999984741211,164.50136400305706,21522.5
2022-06-13 00:00:00+08:00,46.30478082687995,129.3588565415762,329.5597839355469,4.6673075778762,75.51567194374502,3.834638776311154,43.77810526526045,26.18649623323177,10.764952161231976,43.07716650315123,2.568877696990967,70.79088481647983,7.95551505741209,45.48427304594574,46.11997731827556,116.36341857910156,27.11965973476686,85.89293140738111,26.81239274928596,13.737479393518603,19.683674585257272,63.66856393833341,29.41809876297031,29.336227416992188,48.212496149806626,34.9109863018933,4.510000228881836,27.880046930541038,49.14154201278241,42.33495321618505,39.5990104675293,14.453284027385344,4.869999885559082,7.287867397137095,5.130911264720254,46.87926021799961,187.24774289616178,3.241681269005473,94.83545077735275,380.89064002949846,3.3082095953632304,3.5279252802732586,16.36296974210223,54.8353719427717,9.395451779413145,42.89634383094812,13.238649111286003,18.3799991607666,6.828899185768205,34.55308456803302,21.154815165506456,6.892445156569934,3.9552663197637816,306.68048095703125,8.503314539200634,11.760000228881836,20.60531022755759,15.5,12.677049679947617,86.38822689749031,64.44999694824219,96.28932879342231,35.483534346114745,60.4941202234397,111.93644453163867,195.39999389648438,12.927607697391101,15.018734042159144,237.36559459123166,38.76123754025701,106.19999694824219,163.40468653667628,21162.529296875
2022-06-14 00:00:00+08:00,46.40015288840427,127.64169894463559,327.43980406306,4.684248580789415,75.08000496188487,3.860203085130081,42.66745091359701,26.59283918150252,10.83744310338875,42.25316624696162,2.5604554626786804,70.97865893868405,8.01153836759483,45.98112590639416,46.53053912260029,116.65432696418408,26.75624684804651,85.0289996302238,26.857528931930517,13.607529452611438,19.410921980370617,63.854195022844046,28.655740381095583,29.51703614771756,48.777482713712715,33.53542241715012,4.199999809265137,26.32575764736067,48.77101015329102,41.289029662897384,39.83755872335779,14.355494733883612,4.5,7.356459024872485,5.140122530606845,47.80611285160189,182.56251787732532,3.1888272489396314,90.1928186684414,364.8050651656726,3.2635041035014165,3.5782043279367786,16.454898574004854,53.45854879352752,9.36183636743608,42.25160779402689,12.869830628793666,18.6200008392334,6.783128940640456,33.80900467026868,20.802233763110106,6.835561415210932,4.012867389915305,299.11794980736465,8.651197998125307,11.619999885559082,19.717999435758138,14.880000114440918,11.998249659192663,83.60623021225011,63.0,96.09714078130757,36.22277436585856,60.00861296574947,112.83035142278703,186.39999389648438,12.480486504328232,14.541949368224056,233.5725398223085,39.14885019379702,98.25,161.0119458257811,20783.5390625
2022-06-15 00:00:00+08:00,47.0200951351473,130.0266310827907,329.1743072637989,4.658836635509026,76.09655729800566,3.826117161768426,43.03767204152866,27.089479446411133,10.801198342771334,42.80250098357437,2.5773003808893367,70.69700579503858,7.936839775920516,46.16179060664191,46.80424204656736,115.10281608227322,26.529114481803116,83.66490570724362,26.13531129468187,13.291938319390464,19.274546055559533,63.39014156868736,28.745428953803295,28.567787879664532,48.49499058738862,32.82391958525309,4.150000095367432,26.860043394932404,48.35416542072114,40.84077723040196,39.31275027083036,14.414168012512008,4.78000020980835,7.219276058083711,5.149334264808684,47.757333191947374,192.74078062166552,3.171209686518405,89.951022115986,373.3443136622172,3.28138612556134,3.603344396693666,16.01364925531525,55.02527618408203,9.395451813445142,42.208620853260015,12.345720144875099,18.5,6.819745387315891,34.134537695628936,20.841411083337455,6.712312422378336,3.877804678542248,304.0933153365923,8.512557352062577,11.539999961853027,19.915180430012636,14.960000038146973,12.218400955200195,83.26457993643749,64.8499984741211,93.79081234708823,35.532814025878906,60.97962748162343,112.3337363714901,200.1999969482422,12.441606010634278,14.720742951383677,249.3436711299751,40.21478082966747,105.0,162.60711631452125,21111.3203125
2022-06-16 00:00:00+08:00,48.021539209780855,132.60235020734262,346.9050397577212,4.718130791159638,76.48381158451566,3.868724616275001,47.295157802551834,27.27007615982901,11.507987418941218,45.182956695010226,2.5857229496921508,69.8050668049729,7.927500955051942,44.897087418025855,45.43570197348188,113.64827561217918,26.84709942200806,83.66490994541958,25.864479353657874,13.40332317352295,20.274641044872748,63.22211013615083,29.91138840628153,30.375877397059224,49.90746370964915,32.017550252975546,4.480000019073486,29.288618887554364,49.373121501234365,41.438446757962176,39.69443213776685,14.961789614842626,4.989999771118164,7.333769933941385,5.278297837073875,48.732968460587436,197.58758008664088,3.1535917874908344,87.04937247006298,377.31607534985835,3.317150769736109,3.5195452546488952,16.08718942506332,54.45555678505244,9.210568081846239,42.89633759900604,12.30689736778713,18.579999923706055,6.645818732923436,33.76249738570071,21.076464480827294,6.826080373493819,4.032916693608976,298.5208943623704,8.595742097836776,12.100000381469727,20.161654947350694,15.539999961853027,12.071632931541707,86.29061172654418,69.3499984741211,92.73373911280923,35.43425028771748,65.05788476126534,117.29986222069718,202.60000610351562,13.036199367863166,15.098198328980748,258.726511253865,41.22166047272859,108.80000305175781,160.613140622804,21515.640625
2022-06-17 00:00:00+08:00,47.830785750132605,131.17139672472769,335.1487696769626,4.65883657103731,74.54751247600731,3.7920315733109016,45.768019437537696,27.134627382456596,11.236144875582664,44.26739703793407,2.5520326131399496,69.0070343856871,7.7314151212573385,44.89708531666739,45.20761336456332,111.12705966532428,25.938567887872612,82.2553309876178,25.367953558901608,13.366194725036621,20.092805547159013,61.23160834202793,29.149031464496378,29.652642733638597,48.49498825527745,31.400914394285156,4.329999923706055,27.63718894754259,48.21521498783462,40.541941842537184,38.97878197615917,14.238147224282539,4.710000038146973,6.926337793873981,5.140122804379917,45.90362338049155,179.33132361759723,3.0478849542685436,77.86082493854636,359.2445967638669,3.2813864501997574,3.3519478737915085,15.71948507472175,52.98378760329703,8.908030638718824,42.380548386327554,12.171016120285266,17.940000534057617,6.43527666641925,33.66948994962882,19.587793350219727,6.655428718469055,4.071694628733331,286.18204965544135,8.59574265625128,11.279999732971191,20.06306601092446,15.020000457763672,11.741407169125027,81.01945907638051,64.44999694824219,89.17814714290485,34.448597237226636,61.89314229651364,112.43305680286258,189.0,12.42941099928122,14.482350996478653,244.75208234881975,39.258721420408925,100.0999984741211,147.55271896260436,20716.740234375
2022-06-20 00:00:00+08:00,46.590900857255114,130.2174337228713,343.0505259215921,4.650365559296915,77.0163001238344,3.8005531359342113,46.55472983156651,27.31522566530762,11.381128513743796,44.26739901784652,2.552032919741287,68.30288369017445,7.684726853951699,44.219570160750635,43.793450733722594,107.24828377061574,25.666011021140424,82.20986520252674,25.09711960048295,13.440451392628072,19.820051994241926,59.90461259577128,28.431518340173106,30.14962107521099,48.02416614421363,30.87914845979436,4.269999980926514,27.880046593328572,47.75205643262197,39.69524350729634,38.93107223510742,14.609747155471549,4.96999979019165,6.844851598787852,5.195392810794145,48.68418372181335,185.7937058870373,3.021458342611388,80.23050801564173,367.386692788222,3.299268662017245,3.2688706422714704,15.701097646182294,54.40808201398187,8.588686118613156,42.59546571343975,12.248662373471419,18.100000381469727,6.554278243304902,33.39046215336654,19.35273911683403,6.769196397437226,4.168640225823145,293.7445783261168,8.28148923937644,11.779999732971191,19.964474895883647,14.100000381469727,12.255092802882148,81.55633994076618,66.0999984741211,87.44839988995227,34.39931680068853,61.35451564274049,112.43305952900293,200.0,13.388531160500602,14.8995377283912,257.52870205882095,40.63278021958757,102.0,144.36240209644686,20948.80078125
2022-06-21 00:00:00+08:00,48.73685049332109,132.1253910406112,346.3268524185679,4.6673073704279435,77.83923049702808,3.8261174744827806,47.8967632383971,27.992460759992564,11.489865546521903,44.6794024533997,2.577300424771526,66.56596377260001,7.73141444135844,44.264734450211094,44.705811876278496,112.5816038358779,26.07484813466178,83.2102046144644,24.9165647019497,13.64465772761284,21.774783784397187,60.28375213062788,30.539216995239258,32.56348032499458,48.40082699396618,32.6816231322353,4.679999828338623,31.6686239967486,48.44679549106402,40.143495636412176,38.88336483784566,14.863999311947497,5.099999904632568,6.844851690805139,5.140122530606845,50.24520163731522,189.02489233704006,3.0566936957565245,78.82803603359218,369.1739878958468,3.272445351418802,3.294745595617696,16.510054107537943,54.48502571127169,8.5886869430542,42.767391204833984,12.50101170103875,17.84000015258789,6.719051015509774,34.22754755485552,19.196036944076003,6.769196323982094,4.265585494094855,299.1179640074488,8.142848730925088,11.800000190734863,20.30954048749473,14.539999961853027,12.677050193411235,84.97281990811045,69.19999694824219,89.80277518420998,34.94142275191962,63.1172957015766,111.43982932200683,200.0,13.17321686501756,15.416055679321289,253.93526193825915,42.0068337190551,104.5,141.07238253218273,21264.98046875
2022-06-22 00:00:00+08:00,49.0229865232412,133.27013711455916,352.879504102478,4.726601467399879,77.69400561980406,3.8857672974540165,48.68347262290648,28.57940062398347,11.888566914519467,45.86962976307997,2.6109905504472235,63.27992162169183,7.796778068850486,44.85192424383403,44.568955808828136,114.13311202743192,26.392831078100073,84.71071273395839,25.45823088430255,13.49614449235822,21.638406636948485,61.37378956371062,30.31499086790427,33.08412028334757,50.66078336575335,32.68161815087654,4.699999809265137,31.52291087975312,48.8636472182505,40.641554617968396,39.21733090417452,14.785767836750015,5.400000095367432,6.881067905960675,5.34277973559974,50.29397909767278,194.67950549496803,3.0919294074674,82.01985428055058,378.1103956600148,3.299268662017245,3.294745752683961,16.6203674383317,54.91859366460122,8.605493460721615,42.76739561947396,12.287484618250222,18.0,6.737359123969956,34.320556889590236,19.62696758036857,6.901925791081185,4.30436328518841,300.51103484117533,8.299973817145114,11.9399995803833,20.654604673095292,14.65999984741211,13.025622600001522,86.43703512626706,70.0999984741211,88.74570296776145,36.518468944284166,65.46766279640555,113.62492833013029,201.1999969482422,13.995321273803711,15.555117279028014,249.3436819693282,41.56517222246458,104.80000305175781,145.55878048510453,21469.740234375
2022-06-23 00:00:00+08:00,48.73685724062144,133.07933707859206,344.0141792957844,4.735072135925293,76.19336720216872,3.8857672974540165,47.71165453097506,28.17306170159614,11.85232103556709,44.72517706529117,2.5941453690722227,61.02662658691406,7.796777934029458,44.08406485625502,44.2952499662956,112.87251217997668,26.483688107171208,84.43789097385039,25.142259853603846,13.459016145958723,21.42355413164458,60.23636137343316,30.0010807391006,31.995512606735808,50.00162974332871,32.77648342703633,4.53000020980835,30.308622777288864,48.86364355731097,40.29291309458254,39.40816871749834,15.587640953753107,4.800000190734863,7.025932665651836,5.130910953004713,50.741043026456666,182.56252077458805,3.021458342611388,79.11821402695128,369.17396883621814,3.281386300246142,3.182620813999616,16.326200809085105,53.955108181822254,8.31136132863703,42.724413077756786,11.996310927520879,17.700000762939453,6.6458186545568605,34.413565987549084,19.117684930529432,7.101020077908144,4.34314122671564,297.72484817885226,8.263002964135984,11.920000076293945,20.6546048889552,14.600000381469727,12.511936141947242,83.85026501003155,69.0,87.35229983823653,37.60269200481471,63.019360179497504,108.16219329833984,193.1999969482422,14.014894826178438,15.018733978271484,243.55427725269143,42.546639718255165,104.9000015258789,141.86993110762782,21157.580078125
2022-06-24 00:00:00+08:00,48.307664570231935,131.64837646484375,350.7595138261261,4.7181309284442285,76.91947871421216,3.851681651485092,49.00741287308078,28.037610601795265,12.214776934939351,45.7780721350046,2.5941453690722227,61.49606547893058,7.703403181717346,43.81305416132465,43.97592294144749,115.10280635664819,26.165701337422117,83.75584045634226,25.27767398593928,13.25480987226893,21.940348947624244,59.80982105507214,31.16704137185041,33.84140671589278,51.08452829660069,33.06108160278087,4.599999904632568,31.620052473884424,48.72469468472191,40.59174930481684,38.93107837357093,16.74155884378849,5.099999904632568,6.9987703065682485,5.16775787114624,51.674317755236146,174.48451394639255,3.056693974125305,80.8108358355231,376.7203037446319,3.272445050685406,3.148121217209876,16.307814360104324,54.29232695499694,8.37018737103474,42.20862254638615,12.326307902420949,17.860000610351562,6.700742992436084,33.94851833957059,19.431088281871705,7.186345467809057,4.333446677797968,309.46666736844634,8.050420538177507,11.819999694824219,20.999668559144485,14.600000381469727,12.970584869384766,82.4348543659961,71.5,87.78473027309383,37.10986445158733,64.8311041841726,110.24796724687468,195.10000610351562,14.523815230643743,15.296858825853759,246.54878564046567,42.890155083877005,112.5999984741211,145.55875374334965,21450.6796875
2022-06-27 00:00:00+08:00,49.11835816458269,131.64837786568646,373.8865237215827,4.743542401030355,78.42011406796837,3.8772462511874637,50.025511367875325,28.714848174475016,12.251023599578923,46.28163089643661,2.610990594903036,61.871614202731465,7.86214017868042,44.400243248210536,44.797049381935594,123.63613264950001,26.57453844257898,85.02899954166146,25.593647867972134,13.570401304758242,21.799406086968737,60.947255669060645,31.39126412706018,33.51009666310842,52.16742928672087,34.05718877917991,4.679999828338623,32.057196207537686,49.465757791716044,42.28514656158543,39.50359559284394,17.915030763521397,5.389999866485596,7.044040509127425,5.223027851652917,53.737366990128066,176.90791403310897,3.0831204725022774,82.64853162176851,384.26664260979993,3.2724452018737793,3.1912459437472895,16.510052973744397,55.063117378173516,8.361783499066007,42.20862108353306,12.171015867662547,18.15999984741211,6.856361544513654,33.62298670322976,19.50944024849547,7.413882552544121,4.6533657692904935,313.44695037265996,7.837837436282351,12.300000190734863,22.42922523071468,15.180000305175781,13.11735302077356,87.31554862193184,77.4000015258789,92.97397782331964,37.75053605278224,67.5732013487564,119.1869947584823,201.0,15.287195901158336,16.588153439571744,253.13672955998138,43.9697708440812,117.30000305175781,148.64940533756882,21976.80078125
2022-06-28 00:00:00+08:00,49.070666427151814,130.31285322642034,384.2936635498251,4.7435423332123285,80.35641272440772,3.8857674283757535,49.9792350045587,28.308504021260497,12.214776094358067,47.15141497804471,2.6278355246783196,61.54300475962869,7.871476061517554,44.26473859050815,44.52333964847315,121.98765249282378,26.756248438212406,84.57430644214202,25.774200271480243,14.23871186638423,22.363182452140368,61.421187984900754,31.66033236756934,34.03073513529266,52.638253683467305,34.53152397702411,4.769999980926514,33.514343154425646,49.373125977183946,44.0781559369951,39.503591159227874,18.051936547676522,5.599999904632568,7.252283799795498,5.3796265315605,53.00056448190217,177.23103406037842,3.100738315224552,82.79362511912464,370.1668980468803,3.272445351418802,3.268870741792031,16.896145657508935,55.496684952253666,8.706338690296953,42.07967758178711,12.073957593132894,18.559999465942383,7.048595491340489,33.297450949729736,20.21460167099195,7.356998277233796,4.614587581025342,314.4420159098433,8.041178086193012,13.640000343322754,22.182749931078142,16.3799991607666,12.860510185813093,93.70925342793367,76.55000305175781,90.33130593601662,37.55340589191554,68.30770087487919,127.13278398722628,205.0,15.659099967464293,17.28346375848221,258.1275905836473,44.116992600942744,117.5999984741211,151.83973306072664,22144.630859375
2022-06-29 00:00:00+08:00,49.64291984490928,130.6944126537674,377.7410184412342,4.788601884272149,83.40608137397548,3.9198530692281133,50.256895284585646,28.44395246714314,12.19665452538239,47.05986385550818,2.636258363723755,62.01244419055632,8.011539373160613,44.67124591346572,44.47772202940318,128.09673372555665,26.801672437070774,84.84713351299555,25.909619169434517,13.904555422120227,22.645073984862915,61.800326420403024,32.19847210449012,33.60475295494342,53.43865277926825,35.954525653034665,4.809999942779541,33.36862610407989,49.46575648543422,46.21980791256231,39.69443129989636,18.3453048197696,5.619999885559082,7.27039098739624,5.591495396721206,55.06360883903362,179.49286994558162,3.1535917449098196,81.24607586094187,357.4573422784675,3.2992684969908677,3.3292456458486153,16.712293144952568,53.85876216685152,8.82399227267998,41.993708646640826,11.627493505934774,18.8799991607666,7.094365854271211,34.55308037872121,20.67835539471886,7.461284700145692,4.624282249582559,324.98977522489923,7.745410817880579,13.819999694824219,22.971468726776283,17.899999618530273,13.61269361501729,95.66152943189391,73.75,92.10910292782903,38.78547341534959,70.46220446971778,132.7941608961,204.60000610351562,15.482934951782227,18.674087342849333,252.1385702123606,43.67533072483959,114.5,146.25666692424736,22125.609375
2022-06-30 00:00:00+08:00,49.78598544907473,131.83918639640106,372.730147288924,4.751977689723698,82.87360333032477,3.962460151269561,49.60901365789999,27.94731371461098,12.287269397656816,46.55630059183819,2.6278356205720024,61.449117404641,7.871477048540273,44.987419435973514,44.29524981137177,124.41188991164813,26.75624684804651,84.39242881911234,25.68392300661812,13.830298852899388,22.879980345891727,61.65814871968723,32.64691794508366,33.98340054827527,52.59116904080797,35.43275778406513,4.849999904632568,33.80576867454751,49.2804906907585,46.26961254279413,39.26504814787768,17.11315810743975,5.400000095367432,7.252283065480004,5.554648675758262,55.21097039730356,170.76865133073835,3.1271649523666403,80.5690314496629,357.4573345908918,3.2724451023024046,3.2516208588678883,16.454898150406404,53.23249522559783,8.655916517526277,42.07967612788388,11.433378527916746,18.479999542236328,6.865514973727769,34.78560753581527,20.01131248474121,7.300114192756547,4.614588119915703,312.4518737792969,8.087392425374446,13.65999984741211,22.330634309181868,17.959999084472656,13.447579413978158,92.24505227045317,72.25,89.65863212675188,37.45484129398424,68.94425771438219,128.12601606205257,199.8000030517578,15.776544038572755,18.376096178319386,251.53965416993185,44.11699216856843,113.5999984741211,142.56783849784907,21917.44921875
2022-07-04 00:00:00+08:00,48.546104531783456,131.9345863401159,365.2139079048035,4.751977755521112,82.34112493018552,3.964742838204897,49.28507508964182,27.653602636419336,12.30539181330419,47.15141587556848,2.6362582675227135,61.636893695639564,7.964851652287219,44.98742572966637,43.884684480239564,118.78765894865535,26.66539148207857,83.39208630744278,25.413090883757317,13.68178588350172,22.973943425151138,60.28375244140625,33.229894118271616,34.07805948394944,51.36702281057681,35.48019224616336,4.820000171661377,33.41720046670741,48.817329566919106,46.618253685334025,39.121913060011124,17.504315475009026,5.320000171661377,7.161742478532146,5.582283693009344,55.35832345762896,167.05277442712415,3.091929268700554,79.31164407590268,351.89689208722007,3.3171506680542806,3.2084958052458576,17.135156148765628,52.84710031450041,8.689531824962295,42.38055002882954,11.316908573027932,17.81999969482422,6.673280666203706,34.553085542268114,20.01131248474121,7.3949206595574415,4.837561294401727,307.675545610174,8.041177776666984,13.619999885559082,22.675698985611835,18.719999313354492,13.741114294836775,93.95328591267267,70.80000305175781,88.07302521087273,38.58834304443096,69.48287773996387,126.33820502780608,196.0,15.502507683130446,17.720517068671686,252.53783352684428,43.9697685916937,111.5999984741211,145.7581596060715,21690.6796875
2022-07-05 00:00:00+08:00,49.02297781843093,129.64502377945723,360.3957834988717,4.8435378651667325,83.2608642578125,4.010737718335193,49.88667915085703,27.8844340015639,12.323514791894276,47.38030816599515,2.6531033515930176,61.871613136778045,7.8621389353484705,44.80675404199406,44.523339805349366,129.64823776973793,26.438261032104492,85.02901061015676,24.826286582550637,13.477580070495605,23.6786653247478,60.71029078030646,33.40927417166537,35.024671424124165,53.203242411049324,34.05718804835998,4.809999942779541,32.68862591725773,49.74365469424756,46.9668940388881,39.169625157807694,17.034925982843337,5.599999904632568,7.397147803449828,5.57307243347168,56.19336696372011,173.67673335463238,3.1095471382141113,84.00264420085814,345.5420882738477,3.3350327769777097,3.2084958052458576,16.767450539988673,53.473369201383974,8.790377160746228,42.337568381761784,11.491613173356564,17.899999618530273,6.728205187590793,34.692594101799045,20.189191003645146,7.812070087401078,5.1187022727172105,317.4272338239079,8.068906220749064,14.039999961853027,23.168648963559917,18.5,13.667731089255735,96.14960181456378,77.8499984741211,89.85082320328597,38.88403917177984,71.58842214257528,121.1734406704642,205.0,16.050576534119664,18.237034626961083,264.5159205107437,45.000311218668784,116.30000305175781,145.55877304618627,22053.16015625
2022-07-06 00:00:00+08:00,47.4969707289282,128.59567579303427,351.7231566859469,4.7794452766091835,83.26085973538265,3.9555441086510705,49.28507710954947,27.515101398440088,12.13628008878922,47.05986276524378,2.6446809658437993,61.120514951812105,7.946176499514572,44.4002377006485,44.340866246064884,124.31491764163839,26.12027359008789,85.11994341761103,24.736010209010228,13.384758919955097,22.692052918711703,60.47332494760961,32.51238112356682,33.888736871548545,52.826580850940914,34.15205660669884,4.639999866485596,32.1057668631916,48.956273520639826,46.36922292536617,38.78795159026049,16.46774789490903,5.789999961853027,7.270390927800015,5.425685100631299,54.37592315599028,169.6377410888672,3.083120584487915,85.88871414963565,346.53503380155337,3.3350329399108887,3.0704960325570276,16.62036731980093,52.558058543036985,8.395398487843986,42.03669449150543,11.569258924170223,17.520000457763672,6.590894559876662,34.08803367444887,20.100252056679015,7.802588484734687,5.128396728096326,315.03906992025554,7.967236418695019,13.279999732971191,22.67570019356243,18.079999923706055,13.594347195500612,96.10079283607811,84.5,87.4483929976978,37.84910202026367,69.87460598732243,113.02899733238995,197.1999969482422,15.776543357110954,17.40266038282183,250.94074085587636,44.55865206762258,119.0,143.863935962627,21777.640625
2022-07-07 00:00:00+08:00,46.40015411618987,127.35550926777232,354.4212780435599,4.724509590239211,81.37297216144036,3.8819521726413284,47.57282545081495,26.591775618438646,11.848235519717324,45.7539492735301,2.6276000849507675,61.49606322645548,7.8434644134565055,44.35507165844718,44.06715788264783,121.30885750927149,25.938567377988882,85.39276677635385,24.736011251738724,13.366195516679513,22.97394445415979,60.520717299795486,32.12977600097656,33.79407985691431,53.6740684341229,33.77258718703922,4.610000133514404,31.86290924344621,48.63206489349228,45.57233139079084,39.07420731495511,16.037472727897484,5.639999866485596,7.216066758669708,5.333568514336181,52.31288019758659,173.03049044687634,3.0478850100972577,84.14772260613533,340.77600364046816,3.3350329399108887,3.001496088319001,16.17911852829881,52.220838324272066,8.18530312647757,41.86476695256767,11.879842548438038,17.020000457763672,6.462738680141773,33.71599447390007,19.077451175233396,7.698302072269428,5.04114608457398,312.8498994253748,7.847081182746662,13.15999984741211,22.478518712126224,17.639999389648438,13.282466106220873,91.9034012847763,84.4000015258789,86.19912823293205,37.65197319803726,68.94425991353464,110.34729026279703,192.10000610351562,16.618217553025055,16.707347378695992,242.15684045901125,44.21513791502566,115.30000305175781,135.6887048797467,21352.69921875
2022-07-08 00:00:00+08:00,48.06922984698774,128.11870017589905,364.2502970956977,4.82522558025715,82.43794250488281,3.946344897973933,49.238797528203946,27.23810428949593,12.174686200526319,46.655737559815556,2.6551624419933773,61.96549764708563,7.9368397130053845,45.16809742017918,44.52333964847315,129.06643139375768,26.029421563190116,85.16541857372849,24.781149947542605,13.459016173086788,23.020922848819026,61.37379019388074,33.48408101590624,34.78802026284708,53.57990315636846,35.19558907432791,4.53000020980835,31.62005217507374,49.18785625473771,47.813593643249526,39.50358963012695,17.758568114499663,5.739999771118164,7.532957822418168,5.416473271509355,54.228565188988775,180.78537390768489,3.100738513517701,87.0493772372482,354.6771048360005,3.3350329399108887,3.09637078460351,16.675520701492452,53.47336731474482,8.403801891476496,42.12265686713355,12.209838482628141,17.399999618530273,6.645819359392295,34.22754669189453,19.788964247219077,7.7741471617352635,5.157480272518114,328.3730068206029,8.226032107103249,13.680000305175781,23.119355456516953,18.68000030517578,13.66773077894726,96.63767355718072,85.0,87.64058166946529,39.27829775811929,70.95186871719125,112.13509580448995,198.0,16.559497574980686,17.36292703123017,247.54696072302076,45.1475333748283,122.0,140.57389155833053,21961.75
2022-07-11 00:00:00+08:00,47.163160896051686,126.87849950411804,356.7339973429452,4.724509230831889,81.17933989595704,3.9371462474376075,48.72975198424698,26.730275999962156,11.925047415325492,45.991261228463905,2.627600082031179,61.96549658659977,7.955514541871083,45.077762603759766,44.29524729159998,126.9330875230438,26.12027599367498,85.39276135514405,24.781150116076162,13.347632085578667,23.39677695682632,61.42118558790527,32.69017840300444,34.59869645800993,52.59116904080797,34.62638675008139,4.460000038146973,31.862909742731464,49.14154296183704,46.070388281451905,38.931072272491484,16.89802171996841,5.519999980926514,7.505796257356746,5.361202914509097,53.34440235435367,180.30066074565102,3.0655027561346473,86.17887854851826,341.9675024511368,3.3350327769777097,3.061871001898916,16.859374543248986,52.943453549844484,8.31976383305189,42.03669681475388,11.841019718809186,17.260000228881836,6.481046339244076,34.22754811851774,19.611085783000348,7.992203520756462,5.050840926401486,315.03905421142304,8.013450196381257,13.220000267028809,22.57710888350413,18.18000030517578,13.77780601653618,97.90664593303828,79.0999984741211,83.07597893544113,37.94766799534375,70.70703795443325,113.22763762602935,188.5,16.324612068297736,16.468955773626135,238.36377055158522,43.9697704078917,117.30000305175781,139.37751601721163,21470.76953125
2022-07-12 00:00:00+08:00,46.638593375481534,126.87851430065227,349.9886403227036,4.724509354099534,80.06597208114643,3.8911511968532,47.38771739542933,26.730276139499136,11.790626297549304,45.32678429623868,2.609225217439973,61.82466553801125,7.8994898437806365,44.987423628633,43.975921778815405,126.25430432757275,25.847714923206553,84.48336029052734,24.555455713056862,13.199118487895673,22.551109313964844,60.805075856193234,30.588668823242188,34.267386155192945,52.30867305606858,34.3417889328498,4.070000171661377,27.49147293263382,48.909956775949986,45.12407829423846,39.50359411130895,16.369957504844077,5.130000114440918,7.41525554923099,5.296721489783929,50.593681271476726,175.6154428903994,3.0478848849885276,83.6641168372882,336.2084913567697,3.343974038415773,3.0273711287135394,15.756253574055155,51.642746576333124,8.277745528001342,42.25160633310469,11.821609114778367,17.040000915527344,6.526816815511044,33.80900477271843,19.29980005341304,7.916357040405273,5.147785548330588,289.3662386208934,7.893294381468944,12.699999809265137,22.232043039694933,17.0,13.520962556307817,89.51185933855142,75.0,79.23208295484353,37.30699101312628,65.27180138741454,109.15542163104398,179.8000030517578,15.659099522266429,15.89284083022753,233.57253878148785,43.72440416487252,108.30000305175781,135.09050369667673,20905.0703125
2022-07-13 00:00:00+08:00,46.78165489373866,127.54629183426793,350.7595152170901,4.687885458821686,81.3245620727539,3.881952252891629,47.61910514586152,26.684110985634334,11.905843837855024,44.61484261648996,2.5908503683139807,61.496060968782544,7.815452575683594,45.48427166079276,43.97592426657163,125.09067717838337,25.89314315894737,84.57430632945562,24.510316589144942,13.069169514542011,22.692053242151133,61.136824324722085,31.289169806896616,34.36204465769321,52.261593696633874,34.10462317407415,4.010000228881836,26.520043126369682,49.04891082337162,44.62601896550684,39.50358963012695,16.64376938905708,5.150000095367432,7.424309341078223,5.315145151769727,51.5760828140013,171.25332871953404,3.0566937923431396,81.97149019607139,336.2084774454451,3.343974038415773,3.0359960102663393,16.068804364025898,51.739099146962495,8.118073598956363,42.76739267170083,11.918665232531257,16.540000915527344,6.490200238807276,33.809003816027904,19.29980005341304,7.944799459664034,5.109007806369167,272.6491084020282,7.680711632928658,12.680000305175781,21.886980281786503,17.059999465942383,13.447579205734655,93.61163674718516,74.8499984741211,80.04891875093884,37.750537594650204,67.42630193062202,112.13509122456352,179.0,14.660832150071402,16.32989469950143,237.1659698486328,44.067918475099155,107.5,136.6856916155857,20911.529296875
2022-07-14 00:00:00+08:00,47.30622188851584,126.68771885073267,346.32684432676075,4.623793255777631,80.40482361313542,3.817559741819663,47.01749814013048,26.591776436506827,11.675408664552366,41.33992354313835,2.5541007103668725,62.99825570472698,7.7874403967945165,46.07146109148042,44.43210604634854,123.15128732589064,25.8477149572066,85.02900505888199,24.37490072303902,12.957784164889734,21.98733056976231,61.42118688443108,29.28106021528378,33.27344458447311,52.449922820647366,34.00975431671962,3.6700000762939453,24.577182113404053,49.14154403124521,44.92485432882281,39.694429159484685,16.15482170208028,5.179999828338623,7.397148045507908,5.4256853271684555,52.80408353037179,176.90792289736683,3.056693962148838,81.19771167292997,332.23674237395625,3.3439739629637035,3.0273709297180176,15.976878535466701,50.77561500521421,8.134880600551785,42.81037102965431,11.996311635024991,16.18000030517578,6.471892713857101,34.0415228389611,19.522148080708476,7.556091079496101,4.895728961756605,268.6688005966348,7.717682780108681,12.84000015258789,22.182749523247818,17.280000686645508,13.75946007421355,92.68431025279902,75.75,78.79964384537259,37.89838668387154,66.78975027412176,107.96354424969307,181.10000610351562,15.326343663077875,16.92587686778121,241.55792899209945,44.902164459228516,107.80000305175781,139.97568686035584,20818.26953125
2022-07-15 00:00:00+08:00,45.68484266434419,122.108652574549,344.9777646498247,4.513920891245309,79.6787096255071,3.6795756744094237,43.96321009714518,26.130112529644975,11.42577019067727,38.966792971407244,2.498976301244234,62.34104979464213,7.7500900959665975,45.48427479187737,44.24963128505609,122.0846253682179,25.348022945742855,83.57396293831876,23.878375030579964,12.716449900050513,21.658461162009072,61.089428291898,26.75924450122095,31.995511926253705,52.30867383774677,32.966221299386625,3.569999933242798,23.55718174924957,49.09522594105113,45.97077892232838,39.5513015443551,16.213495169142096,5.239999771118164,7.3790389286478835,5.416473646421953,51.477841641417825,186.43993382934684,3.0126492977142334,81.00427562621569,327.6692138671875,3.3082098215177704,3.010121196525666,15.976878152693114,51.25735397262385,8.008823460751573,42.29458910847725,11.841019599699774,16.15999984741211,6.545124588873574,34.13454066129754,19.96684314061969,7.84999271247153,5.021757125798943,294.54062499416517,7.440400966559442,12.65999984741211,22.08415985107422,17.5,13.39254261684358,91.75697514521916,79.05000305175781,79.61647984046023,37.947668193417826,66.00629194732669,107.5662612915039,180.1999969482422,14.445520181142445,16.409358604517315,241.3582988419934,45.000311218668784,102.5,137.28385980249647,20522.109375
2022-07-18 00:00:00+08:00,46.161717387584666,121.15467517749492,340.7378305767923,4.513920951112985,79.63029718817151,3.7347691801218916,43.96321288572759,25.391454365982597,11.329755479913292,39.963509174172046,2.4806014645771666,62.763535601947645,7.712739989701065,46.07146072547411,44.523339805349366,118.8846305168177,25.030036866315122,83.52848831918698,23.742959190248147,12.939218918589846,21.23562652074374,60.4733245952912,26.572445298876243,32.137507677931424,52.7794990332465,32.87135200297261,3.359999895095825,22.780038894407365,49.04891100225154,45.7217490927687,39.885266846825346,16.40907357545057,5.099999904632568,7.433364376873148,5.361203384268548,52.06728365835109,191.12518351578507,3.047884979720748,81.19771115286095,324.09463292977176,3.2992683847054436,3.0273709553099333,15.480474524143792,51.54640037899926,7.958400676398921,42.07967126707934,11.511023848130094,16.139999389648438,6.54512471945254,34.413566680857755,19.833433738685212,7.963760581272813,4.827866883634537,296.5307759089367,7.255545767246582,12.5600004196167,21.985568775303623,17.260000228881836,13.649385406320906,90.58561676655275,77.0999984741211,81.68257374277313,37.996947956549874,65.12490494020098,105.97709875898275,185.0,14.915292321727518,15.91270723784023,237.96449916266081,45.00030937940832,100.80000305175781,134.29292213616662,20479.580078125
2022-07-19 00:00:00+08:00,46.44784271507669,121.72705078125,341.3160268480998,4.568856699510257,80.06596770071879,3.7715649604797363,45.35152289089958,25.20678875763351,11.233740083671142,40.058434033854084,2.526538610458374,62.85741747815584,7.712740175229134,45.98112383931255,44.432104707478295,121.01795243380846,25.393451266912354,83.66490337344538,23.878376433991658,12.920656204223633,21.65846085916176,60.85246786342931,27.319648651982153,32.42149267334869,52.54408499308492,33.20338835909445,3.5299999713897705,23.071466578285893,49.51207203824957,45.074273279000536,39.742143866617255,16.428631123154915,5.190000057220459,7.433364233606207,5.379626830040175,51.5760803494292,200.3340802914796,3.127165092618305,84.29281249552265,329.05931388121815,3.3439739503298824,3.1136208905910134,15.737869726356235,50.245696726005306,8.319763641197973,42.767388306199926,11.899254925666451,16.5,6.444430655866494,34.41356965149341,20.233659907307032,7.84999246540689,4.750311268260271,290.7593864944025,7.458886052704971,13.039999961853027,22.084158922224685,17.299999237060547,14.034650209597514,90.29277135678706,80.0,83.36426532903367,37.35627593615417,65.46766641178807,107.46692939045094,190.39999389648438,15.111030040358365,15.753777403721829,242.95536312727543,44.60772331479765,101.80000305175781,137.3835669274272,20719.19921875
2022-07-20 00:00:00+08:00,47.16315608877431,122.10864899779016,341.8941671106964,4.596325388333676,82.29270779456184,3.780764102935791,45.4440775917197,25.668451019551334,11.425769648687817,40.817835493126,2.53572588802344,62.1532641509337,7.7314148739975375,45.981123477645845,44.15839764645264,123.15128030547267,25.302598493851185,84.11960596206129,24.058929181750123,12.9949123105294,21.79940703315977,61.46857543436507,27.17954774245801,32.75280460525487,52.2615928820965,32.966220115052586,3.450000047683716,22.780038852668135,49.14153931787295,45.17388197519247,39.45587856613033,16.42863072670113,5.300000190734863,7.614444645413051,5.444108126443809,51.47784291102038,202.27278660947437,3.1800185374463403,83.22887477518991,339.5844760525793,3.352915198368686,3.1653710803757185,15.351777294498625,49.86030423525661,8.420610862143075,43.240194771460736,11.821608839810997,16.600000381469727,6.554278543161014,33.762500659503246,20.456008591769322,7.80258920312839,4.692143952829497,291.1574048906979,7.634498261762246,13.100000381469727,22.034865602749168,17.600000381469727,13.81449826797802,90.48799727177212,80.0,81.92281250936105,36.96201296058643,66.49595301600105,108.26151863100299,193.60000610351562,15.580803837012752,15.694180345083986,246.94805156199791,45.24567529651214,104.80000305175781,140.77328397538702,20968.419921875
2022-07-21 00:00:00+08:00,46.638599068152416,122.39484038034298,347.48318107645207,4.568856880313492,79.19463929733445,3.771565059296667,45.21269173809968,25.853117172636825,11.29134944679453,40.43813599581947,2.554100639394826,62.20021496992674,7.703402613532255,45.89078800583275,44.43210452994319,118.49674624627173,25.25716905855802,83.57395752284498,24.104069443344464,12.99491168373557,20.859775914183803,60.56811412030151,26.012042023501206,32.04284441249521,52.73241719433772,33.10852160755466,3.390000104904175,21.80860738780781,48.817329325272276,45.622134191979725,39.551299118198536,16.154821870380268,5.269999980926514,7.551066040031536,5.453320590641943,52.656721821782725,205.98866987275812,3.135974112233183,86.95265131376352,332.63389770142334,3.370797169249976,3.1136207580566406,15.443703346204043,50.34204313997804,8.403803436325289,43.54106954662814,11.996311276701023,16.579999923706055,6.600048380474054,34.04152964145186,20.189190591578623,7.906876494891178,4.682449045321494,286.38103347510975,7.403429953207118,12.880000114440918,22.0841600658682,17.600000381469727,14.236455888324638,91.46413307667433,81.6500015258789,83.46035857821242,36.86344985643419,65.6635318492606,106.47370689071273,193.6999969482422,16.031001380325964,16.190830713691614,246.34916426300305,45.19660303215424,102.80000305175781,147.65243322610144,20811.599609375
2022-07-22 00:00:00+08:00,46.59090520484951,122.10863901001164,340.7378275149392,4.541388939780221,76.6774400639415,3.7531671450607824,43.73183005656064,25.853116664810898,11.291349639700789,40.20081957058363,2.54491323569015,61.96549829703081,7.66605281829834,45.8004524594271,44.56895714905313,121.79371357281343,24.6666245261636,83.34661290104626,23.92351331289249,12.864963188760916,20.155054092407227,60.52071762084961,25.124736642919665,30.906911459217152,52.35575563467668,32.44445208283002,3.190000057220459,20.157175974980834,48.95627559053399,44.32718359975892,38.78794696548181,16.19393629757974,5.239999771118164,7.487688092046373,5.434896945953369,51.91991938529818,208.08897067839052,3.1535917449098196,90.04774009316166,335.2155436992432,3.343974038415773,3.0877460043628804,14.92891337956201,49.8603039870603,8.218918088212385,42.85335067948745,12.093370203722177,16.979999542236328,6.737359523773193,34.367063059489034,19.433208465576172,7.954280376434326,4.701838423555809,285.9830288260048,7.495856232797774,13.100000381469727,22.478519439697266,17.299999237060547,14.126378627449155,89.95113179016212,82.5999984741211,83.2201174001796,37.65197172128379,65.3697349138332,111.439834346336,194.0,15.972281298820723,15.753777503967285,249.54330197230044,44.95123601922832,102.69999694824219,155.72793413286243,20717.470703125
2022-07-25 00:00:00+08:00,46.01865301122138,122.6810295775656,339.19602458354825,4.568856699510257,76.82266823295915,3.7531670475892707,43.63927328585427,26.360944500079913,11.214538077923333,40.675445662349915,2.5265385395489686,61.77772580892334,7.666052587378794,45.9359540233476,44.249630135119475,119.56341508039425,24.621197464373903,82.11892647532329,23.38184937689179,13.01347702235144,20.155055503404302,60.188968340027415,24.9379359431928,30.33894106631549,51.79076770404438,32.34958139523329,3.140000104904175,19.671461863690112,48.07626845048463,44.376990993082636,39.07420203331313,16.096145852205094,5.079999923706055,7.469580233409481,5.4256853271684555,52.21464280279438,216.49004800557265,3.1359740000896443,87.14608988509782,327.2720455724432,3.3350327890045754,3.1049958155435995,14.70828999625453,46.82532504445272,8.269341380412994,42.72440810812187,12.035135567272851,16.979999542236328,6.719050668670066,34.878615375387476,19.38873705199446,8.001682990726698,4.50794792175293,280.21162180827855,7.3017595566957105,12.9399995803833,22.182749964470958,17.600000381469727,14.12637962703561,89.26782340569196,82.25,81.00989602165257,36.814164612043506,64.68420710156023,109.94999327143232,190.6999969482422,15.698248124815905,15.753778124844498,243.35463112957027,45.04938700486029,100.0,150.54366089712542,20516.33984375
2022-07-26 00:00:00+08:00,47.353905942753116,123.92119431287755,349.9886072400003,4.596324920654297,77.59718613702248,3.7899629461671096,43.87066042545964,26.63794298350576,11.348958244068726,41.29246189229063,2.554100751876831,61.49606428593875,7.638040710036857,46.34246652977287,44.38648722695335,118.88462575367673,24.80290339136318,83.21019932688401,23.83323626823139,13.180554350553793,20.62487059378399,61.2790044322585,26.712545969127387,31.332882570211012,52.638248443603516,32.63418769094299,3.2799999713897705,20.25432050234981,48.168899984388865,45.42291006883417,39.21732943420946,15.685432484188555,5.179999828338623,7.487688096824053,5.462531566619873,55.70216748373076,204.69618701373273,3.197636617206745,87.04936978469388,322.30737012631914,3.3350328520605217,3.104996057123627,14.70829034132809,45.235580914271395,8.31136132863703,42.59546224179082,12.365130882994997,17.31999969482422,6.865515570295008,35.064632655055576,19.74449582152254,7.973241397706475,4.50794792175293,283.19683380813615,7.384943789376646,12.720000267028809,22.823584079993882,18.0,14.108033552241977,89.17021583787539,78.80000305175781,80.14501704536069,35.582097846672745,65.61456587960099,107.96354500985603,188.6999969482422,15.835265195360432,16.170965327822923,249.54331365795184,45.34382673711803,103.0,152.43791411588748,20676.6796875
2022-07-27 00:00:00+08:00,47.16315976245751,123.82580356460097,356.5412585785005,4.596324920654297,77.45196392072509,3.8083608075120137,44.61109213112904,26.730275892507397,11.329755783081055,41.767089257578334,2.5541008627519517,61.543005808089056,7.647377366632719,45.30359930678238,44.34086640229817,123.92703917422863,24.802903111300793,84.07413487511262,23.878376007080078,13.273375081341213,21.188645185260604,61.27900641007685,27.506449695552384,32.27949885406069,52.07325990648625,33.01365689402174,3.299999952316284,20.157177416117946,48.77101247113603,45.9209704983032,39.16962201050089,15.352946771192968,5.099999904632568,7.514849962730048,5.5085900585445735,54.08120475279536,209.05828870934135,3.232872304230196,86.37231760682776,322.70453162190915,3.31715074290112,3.1998709638106035,15.057611112185063,44.60931315662338,8.328168066728358,43.19721810501523,12.636892892123697,16.8799991607666,6.828899822724147,34.367063059489034,20.100252151489258,7.982721759252261,4.469170240212283,282.997821075014,7.5790411137701525,12.720000267028809,22.774289111027635,18.420000076293945,14.676757379086045,89.5118625253663,79.4000015258789,79.85672414780817,34.64572770083478,66.10422157147295,105.67913387989886,188.8000030517578,15.267622536733032,15.515385029637008,246.74842148693213,45.78548696144457,101.0,148.25060040164936,20684.48046875
2022-07-28 00:00:00+08:00,47.687720412214965,122.68103747231447,356.7340076886223,4.5597009006689015,77.4519694293318,3.8083608150482178,44.61109292135906,27.007273146667043,11.310551909677812,41.76708937884588,2.56328826726007,62.34104318392904,7.740752491816179,46.16179451204852,44.8426677945866,122.9573465317843,24.939184188842773,84.39242359314622,24.01379090186894,13.273374747741013,20.906758212810956,61.610757200116495,26.712544769046005,31.85352297789501,52.54408184242077,33.29825050430068,3.2100000381469727,17.097171133258893,48.585750405255794,45.82135869854766,39.02649608673881,15.23560009543964,5.130000114440918,7.605390042367285,5.536225961815513,55.063606285630435,214.71289740446895,3.232872135546632,87.04937859478326,322.3073584948779,3.3350327129396367,3.1739962100982666,14.63474763833978,44.12757110595703,8.471032663152684,42.63844117024018,12.52042309874659,16.799999237060547,6.947901666636493,35.01812909144999,20.278128482720724,7.849992808338145,4.507947898345878,284.589934729108,7.532827701797799,12.739999771118164,23.31653334221021,18.5,14.199762904962032,87.36435797395312,77.5,80.24111009396108,35.58209733408637,65.41870012938809,107.46693603015045,191.1999969482422,15.169752534900343,15.69418007007647,248.34550582639662,45.93270421959425,100.80000305175781,150.44396677409108,20705.4609375
2022-07-29 00:00:00+08:00,47.163161699227885,121.63167011125286,355.38488898941506,4.578012934944947,77.69399729861489,3.8083608075120137,43.963208855580106,26.637943772927706,11.29134944679453,41.05514997157871,2.5724756161319275,61.871607659933424,7.834126917275218,46.16178999603954,44.523343568326844,125.09067287739539,25.075462634101665,84.43789288726636,23.878376794023193,13.421889026513712,20.85977675978831,62.084681376960624,25.96534062345448,31.52220801429873,52.73241883793109,33.155953192431916,3.190000057220459,17.99088668748568,48.44679501714469,46.96689562126322,39.455880058049196,15.059578811710269,5.0,7.6959307495103,5.545436545708998,55.01448437716094,216.49004411522722,3.2504898942569613,87.29117655513875,318.53417451109476,3.326091753791161,3.225745946781372,14.671518536873323,43.64582978790859,8.571878768848364,42.3805489217595,12.365129847875787,16.799999237060547,6.957055996790651,35.343661395616266,20.278129816646512,8.30506465606823,4.54672631313046,288.76922093697704,7.62525464916238,13.15999984741211,22.724994293096255,18.81999969482422,14.768488333748047,87.12032213627998,76.94999694824219,79.61647303449178,36.025641972068534,65.07593202905714,108.95677281694394,188.89999389648438,15.58080428390006,16.051768876551012,248.54513994195526,45.981779901902165,98.69999694824219,149.14791179777373,20647.44921875
2022-08-01 00:00:00+08:00,46.972407359504,120.67768956965642,347.0977549358508,4.623793247337836,74.30548551511954,3.8175599575042725,43.17650433681003,26.360946845552288,11.272145799432874,40.105897960131664,2.5724756717681885,62.81048373420331,7.778102219826692,46.74898324219868,44.88828028551573,124.02401394291171,24.939186135400522,85.34729049026642,23.742957806674728,12.994911850210304,20.4369415956385,62.32164532643444,24.797834486045105,31.380216032644984,52.449921429184236,32.823916430912455,3.009999990463257,16.33945538331592,48.44679651303983,47.016699857063266,39.78984674586481,15.04002061754384,4.599999904632568,7.668769272498241,5.4717433570190614,53.2461611669856,225.37584126063174,3.268107708587277,85.21166328083385,299.8669906256236,3.326091766357422,3.1739959607193837,14.395738443179702,42.97138977050781,8.487840194101867,42.46651872533129,12.656304076868144,16.360000610351562,6.938371314915297,35.29715987640525,19.744495391845703,8.134412681110046,4.440086410920474,286.58008202811703,7.542070074626044,12.300000190734863,21.4926192133943,18.760000228881836,14.383223652544638,83.80145738519526,73.0999984741211,78.17501924468897,35.877794922024705,62.72557013904761,106.17574550773413,177.3000030517578,15.482934700244439,15.396189547348797,229.57984307471742,46.12899857937099,88.0999984741211,145.2596817293199,20026.599609375
2022-08-02 00:00:00+08:00,49.642917096134624,124.20739165909278,344.39958054608513,4.550544962187365,73.77299594327147,3.789962920517056,42.436066024271355,25.714618682861328,11.022506780433845,38.966795026731425,2.5449133630055902,61.965495526563984,7.647377761852364,45.981123127884416,44.70581188908978,125.86642899253094,24.712050972432962,83.98319461101028,23.607543437016922,12.530808321094156,19.96712869374268,62.17946729407368,24.5643323780702,30.622925543787556,52.07325976915505,32.58674969880905,2.819999933242798,14.532595598528601,47.98363573438024,45.32329986334335,38.9310737317269,16.624210357666016,4.519999980926514,7.469580529777009,5.398050079711614,53.982963513761824,210.997026896944,3.1976365057120852,84.00264199820926,293.1150118725343,3.3171506937355932,3.0704959438832566,14.101572153666527,42.296955184465084,8.235725680497126,42.59546482830427,12.831007785213847,15.899999618530273,6.776348566733276,35.2971617945626,19.477677209888874,7.935318150116831,4.2655853101495405,290.3613136600937,7.283273824450021,11.800000190734863,22.626405945323658,18.15999984741211,14.434980727400323,83.89906426594298,72.05000305175781,78.3191687944788,34.990704946145165,63.60695120462703,108.46016050866079,175.0,14.504240577221271,15.773644579991958,231.17692493359388,45.29475429768138,89.0,141.0723702410142,19943.16015625
2022-08-03 00:00:00+08:00,49.07066589641909,119.0559419633333,340.1596763632701,4.477296522992148,72.32077187188465,3.734769203744613,41.51052501511621,25.483787279534212,10.868883166454792,38.68201905944181,2.5173510945269877,61.73077831792569,7.563341156437092,46.252131730421695,44.34086757393464,125.18764855089975,24.348638223584228,82.84644115853338,23.33671127184659,12.2523457369171,19.6382559795728,61.752934000813475,23.39682590007584,30.149620623373206,51.22577722712481,31.97011799863333,2.75,14.493738311337793,47.10362773373182,46.46883886421515,39.21733090417452,16.898021414263223,4.579999923706055,7.5329583273765355,5.315144936781219,53.9829699720432,210.99703482376424,3.1712095737457275,85.40510078007935,296.88815882694706,3.2724452018737793,3.0791208744049072,13.494856591097948,41.86338482336602,8.202111593736179,42.38054802076363,12.306896301215247,15.699999809265137,6.738225818011245,33.948519699762,19.477676272851063,7.726743496613121,4.226807150341342,287.5751382463314,7.070691020868045,11.819999694824219,22.577108650088505,18.100000381469727,14.547023592301459,83.5574258428003,72.5999984741211,77.16600000999921,34.448596328657736,63.65591853048145,108.06287469755496,179.10000610351562,14.05404175075548,15.15779703774173,233.9718069455888,45.00031165970019,90.8499984741211,140.47415318669238,19865.689453125
2022-08-04 00:00:00+08:00,49.02298187246136,118.86513288874372,340.15967784452835,4.4223608293421774,73.86980901186958,3.6979735694152565,41.46424711617812,25.760784076239492,10.79207176451921,38.682020924247155,2.508163801724095,61.308293493508,7.5446651540079825,45.710112843753905,45.16199481670673,125.57551621657151,24.666623334167525,82.71004090540012,23.38184886350707,12.382295465269449,19.26240516570677,61.80032170554811,23.16332446609319,29.155674225114172,51.367023446736944,32.539316531110295,2.700000047683716,13.794308372540602,47.28889369681248,46.419027002757,38.97878813315809,17.308737816380592,4.610000133514404,7.560121205127714,5.278298071002502,53.29528676191569,216.1669444514955,3.171209629975001,85.11494154150796,305.6260085161119,3.2724452503766988,3.0532458703232956,13.954488821604901,39.88824430171206,8.092862129211426,42.42353322771776,11.841019992930958,16.479999542236328,6.623856669507354,33.715995233336294,19.210859417879572,7.575052518869647,4.149251220867843,294.1426106400946,7.153875483889328,11.779999732971191,21.936274964865724,18.100000381469727,14.939177285090857,82.8253120392174,72.5,75.86868113255161,34.005053101595415,64.48834318967312,106.17574550773413,181.5,14.797849507902102,15.41605577461212,239.3619424531594,44.65679673728562,95.55000305175781,143.56482153625223,20011.25
2022-08-05 00:00:00+08:00,49.21373181358016,120.67768263109942,344.3996022659765,4.458984793716121,74.4991059908074,3.7531670997413804,42.019580030161116,25.853116879743467,11.003304711716895,38.53962894502039,2.5357258319854736,62.247164712930676,7.666052201371911,45.21326482838889,44.432108599285684,126.0603763217794,24.939185121736514,83.75584198085086,23.472126007080078,12.7907064720198,19.732221603393555,62.55861608551109,23.35012660307043,29.912966644378614,51.13160789111862,34.62638934960722,2.6700000762939453,13.988594204555202,47.56678953170593,46.71786766502118,39.02649524415199,17.954148188436378,4.840000152587891,7.560121081566554,5.20460462001118,54.0320828944512,209.21985911976208,3.171209686518405,87.77477877190773,311.18645171496325,3.3350329399108887,2.9928713252871515,13.78902031628826,39.69554500345132,8.059246670886761,43.498089734195446,11.646905457493736,16.799999237060547,6.766817892097398,34.18104026794434,19.3887374285295,7.8689540203085375,4.3431415441751025,296.3317269833609,7.264788530568233,12.239999771118164,22.62640450874264,18.299999237060547,15.032547545125563,84.43594470611346,76.0999984741211,76.3011296431497,33.95576977857743,64.53731395685823,112.23441548343358,186.89999389648438,15.619951768728773,15.634581482204803,248.5451356732714,45.98177875245622,95.4000015258789,138.97872811920485,20283.58984375
2022-08-08 00:00:00+08:00,48.73685489828172,121.44086183198272,344.9777689475,4.504764984775288,74.06344867062259,3.771564953264412,41.64936092577227,25.899282203220558,11.06091377358233,39.15664358836848,2.5449132919311523,61.965498823603994,7.619365122120397,45.12293140594297,44.797046822209154,125.47854217344067,25.48430301324671,84.02866677443167,23.426988860350573,12.753577962924979,19.920147179399827,62.70079620474896,23.91052947561283,29.534321898362524,50.849115674175486,35.85965685857052,2.7200000286102295,14.37716654735508,48.16890214779945,46.86728168894465,39.312752472802906,17.113157422444772,4.730000019073486,7.569174254748901,5.232239448065838,54.27768454324623,222.1446634083159,3.144782714289812,90.67642948686189,300.26415043178014,3.3350328520605217,2.95837140083313,14.487664491038316,40.080938186665044,7.941593423532065,43.498092613772364,12.03513522390487,18.079999923706055,6.700102880684949,34.69259502821168,18.89957201020029,8.068048662297594,4.275279658191072,289.1672607114118,7.2370602566257425,11.9399995803833,22.577108861248195,18.0,14.939177325625009,85.0704365616215,73.44999694824219,76.973801346819,34.350030364404084,63.6559220561831,115.01544952392578,181.10000610351562,15.893986349528424,15.614715826380507,241.15866369425765,45.83455844800529,90.0,138.6796395302037,20065.349609375
2022-08-09 00:00:00+08:00,49.07066695686588,122.0132570981944,343.821426524245,4.513920775311369,74.54750986555356,3.79916196363895,41.55680463800945,26.037782451182014,11.060914230821375,39.20410803374089,2.5449132919311523,61.918549104139544,7.638040311496042,44.761586630982386,44.66018943394338,124.9937021506885,25.166316964987352,85.2108837014065,23.562405226508996,12.679322081604203,19.638256615377905,62.51121740306922,23.677030324556398,29.77097403730116,51.0374451919452,36.33399151615649,2.5299999713897705,13.833165651401044,48.35416551604994,46.369223483361644,39.312751802019704,17.48475683582816,4.78000020980835,7.677822826267514,5.186181349603984,53.04968132713006,224.5680383905524,3.1712096843189377,88.79036468184948,297.8811072023123,3.4423259941893924,2.958371499068475,14.506050377840278,39.26197687424851,8.10126532271373,43.62703649510389,12.132193197846293,17.440000534057617,6.824002067096965,35.0646341459542,19.477676195361557,8.02064455206873,4.323752212616849,291.35639438606336,7.079933693869194,11.779999732971191,22.675700410712995,17.739999771118164,15.2566357702583,82.92292941052858,74.5,75.77259166970929,34.64572766897411,62.04003853196622,115.01544800613166,179.6999969482422,15.60037877301802,15.674313531478543,231.1769232163178,45.785486574032966,90.0,139.27779762953347,20039.30078125
2022-08-10 00:00:00+08:00,49.78598500875466,122.58562728603549,339.7741929409484,4.504765159499348,74.2086733832327,3.780764209226667,41.23286813034952,26.083946573767303,11.08011703777472,38.30231552012573,2.5357260148255136,62.0593790169639,7.628703155878451,44.71641782599206,44.93390125079905,125.38158573980974,25.348023231714176,87.02968880737657,24.149207552552323,12.586500859255182,19.35636862648149,62.13208243971036,23.35012743188096,29.581650502042727,51.979094553535376,35.195590426064115,2.509999990463257,14.105166228284606,48.44679501714469,47.16611391270211,39.45588003501339,16.91757763396128,4.639999866485596,7.677822800248938,5.140122701004371,53.59000273696816,214.55133613929348,3.2504901769366996,86.71084989171044,297.4839244223764,3.4870317863363938,3.0101213376363165,14.303811711313045,38.924759845704024,8.151688032643793,43.84195068303334,12.287484130612711,17.459999084472656,6.728694870514567,34.7856043832649,20.189191333463143,8.001682462729475,4.391613707995013,288.37118938889876,7.209332129293227,11.779999732971191,22.675699971597,17.579999923706055,14.696415403193933,83.45980549748174,72.8499984741211,75.91674457039775,34.25146701318692,63.36212379331276,115.11476969917067,174.6999969482422,16.070151707685906,15.45578779004421,223.59079839100815,45.98177730683327,89.3499984741211,139.67662720031217,19956.509765625
2022-08-11 00:00:00+08:00,49.83366681053525,122.58563758092565,337.0760355687101,4.4681409061062745,72.80484771319246,3.771564953264412,40.538710333093256,25.991615332325967,11.041711003977358,38.44470816189356,2.5265385395489686,62.85742345917196,7.572677937443249,45.07775981020297,44.888290318316685,122.95734986931654,25.52972938720384,87.0751531988018,24.284623927298636,12.326603214149504,19.121461624545187,62.51121832312743,20.594810595830264,29.34499814276238,51.74368504846004,36.04939284179458,2.380000114440918,13.794308372540602,48.817327917981586,47.016700744628906,39.599008970198334,16.91757887033063,4.599999904632568,7.768363208625889,5.07564115524292,52.804082208265434,213.09729019028936,3.2152544886775187,92.85266653873225,297.0867716034017,3.48703186168415,2.9928710961307496,14.26704146902764,39.45467357795858,8.109668905894772,44.61563493624883,12.232958596191427,17.3799991607666,6.67151009711026,35.52968474523286,20.233659413835795,7.906876341566565,4.294668493080287,282.9978177031417,7.153875710235332,11.739999771118164,22.67569923400879,17.719999313354492,14.808459608000932,82.23962733830699,69.25,76.82966450926871,33.807919801605344,62.28486704459427,112.2344147482036,172.0,16.050576824696552,15.098197821112473,217.2024992350508,44.41143194377012,91.0,138.28080526827674,19840.5703125
2022-08-12 00:00:00+08:00,49.97673249753692,123.16168129681108,336.112415623154,4.523076905208258,74.78955696590194,3.7899627685546875,41.60308101459737,26.083948464669785,11.176131672000738,39.29903344042621,2.5632882118225098,62.763532875277285,7.554003620280974,44.851923138980055,45.29884964379599,121.3088614533532,25.52972984313965,87.30250744533289,24.465178572688643,12.400858518496733,18.77379767777797,62.74817969715875,20.361311110810043,28.824360649916574,51.74368118454946,35.81222429160664,2.380000114440918,13.755451265570725,49.09522508083336,47.4649543762207,39.88526769227333,16.956695470950375,4.670000076293945,7.795524836599475,5.038793961545939,53.68824385292249,212.77416757106218,3.2504902000104448,92.27233414791844,302.4486213830392,3.4959729602762586,3.027370979890894,14.434928549803535,40.225461525759954,8.277746149208179,45.38931330898583,12.037231058201073,17.600000381469727,6.709633322821373,35.52968388554697,20.144720241275664,8.153374263959844,4.178334407854016,284.7889687840058,7.329487726859357,12.319999694824219,22.774290831861446,18.100000381469727,14.715090177282386,86.04657193265338,72.0,81.20207618894138,34.251466672856694,67.47527607362963,122.16666871025454,177.8000030517578,15.893985899793359,15.69418050223878,222.59263784697808,45.19660303215424,92.9000015258789,141.96965661869493,20158.2890625
2022-08-15 00:00:00+08:00,49.78598403930664,122.49023395459999,333.99244278411754,4.523077011108398,74.59592029404996,3.780764155821349,40.8163678590556,25.760782659475808,11.060914498176528,38.82440752582267,2.554100751876831,63.27991539694409,7.591352816174975,44.98742158110563,45.937501504047034,121.40583038330078,25.302598493851185,87.07515709871764,24.194345829584655,12.345166402333787,18.322776794433594,62.79557652346535,20.501413390593864,28.303722340210097,50.94327929133263,35.29045646317504,2.4100000858306885,13.833165119148484,49.00259493579161,47.31553380224705,40.07610549604557,16.93713690833884,4.579999923706055,7.695930599436891,5.001947510684251,54.27768325805664,213.58196409613686,3.2328720212775237,90.91822943436472,299.66839563264233,3.478090687937484,3.010121135378683,14.755705131884087,39.98459175254271,8.302956428348411,45.217382525295854,11.684921305261021,16.780000686645508,6.728694538349341,34.97162135393741,20.322600230985657,7.963759836660897,4.158945707025407,285.38597891897194,7.643740983056026,12.039999961853027,22.37993120006033,17.899999618530273,14.715090177282386,85.6561094013189,69.30000305175781,79.71257533581172,33.61078817684338,68.65045483547055,120.27953480848129,179.0,15.463360786437988,15.773644766008886,220.79590943868624,45.04938545895108,91.80000305175781,139.17810256845746,20038.48046875
2022-08-16 00:00:00+08:00,49.49985814482159,121.91470965729756,334.1851389965623,4.532232926716337,74.54752028752573,3.789962920517056,40.77009280695384,25.48378562927246,10.964898870059775,38.919331772679676,2.5632880430995026,63.749360806322656,7.740752793151842,45.16809706413456,45.7550364005708,121.211889881606,25.302598493851185,86.93874561000803,23.968651428265456,12.28947369755522,18.66104413866744,62.60600616210398,22.276022551551875,28.587707767382355,50.80203548147579,35.43275778406513,2.5199999809265137,14.221738548717411,48.72469460307427,47.26573139056718,39.88527297973633,16.976253814006533,4.699999809265137,7.560120433172593,4.992735941563436,54.277687163975784,183.3703089101611,3.1712095594607526,92.80430382171292,299.8669872724577,3.469149727913262,2.8979959855238073,14.661358622970363,39.88824329862974,8.227323134523058,45.00247011693528,11.724066734313965,16.079999923706055,6.690571632392004,35.66919457410864,20.100252259884115,8.00168282722434,4.178334206074824,283.5948695962828,7.458885466125055,12.140000343322754,22.379930724149478,17.81999969482422,14.715090405292496,85.26565833417713,70.55000305175781,80.09696554538954,34.20218242817211,70.21737600789079,118.1937640178253,184.3000030517578,15.424213598401474,17.084804678277262,226.58532143101783,45.785486895590935,92.0,144.96059052397086,20107.140625
2022-08-17 00:00:00+08:00,50.02442363079057,122.49023509681656,333.99241779151214,4.532232877151641,75.22521379187768,3.7991620167818585,40.58498818124179,25.391452615354414,10.868883364167603,39.29903480511938,2.5541006958388643,63.84324746236314,7.666053144434511,45.619776635620724,45.709413076741136,123.24825175087776,25.25717011400044,88.16643751447737,24.194346086756397,12.252345575441792,18.98051570866007,61.563356870459195,23.256725232417175,29.06101417541504,50.75494823864018,35.33789298677498,2.5299999713897705,15.484596898379355,48.400481995433786,47.26572949552192,39.98068768499882,17.054485015156718,4.559999942779541,7.532958408601768,5.0480058933111644,53.442643492957096,191.44830367398018,3.1447827412031026,94.59365412290921,300.85993317939,3.469149589538574,2.8548712837287558,14.66135707969621,40.94807434082031,8.067650362215154,44.95949026007632,11.84150394453553,16.0,6.623856646091459,35.29715657813746,20.322599573344643,8.001683263474513,4.265585320594532,282.79880260245204,7.384943811915983,11.800000190734863,22.330634814525908,17.559999465942383,14.845807420184288,84.63117371766526,70.0,80.9137838655274,34.300748805266444,69.04218951873538,120.57750521579729,169.60000610351562,15.69824862979205,16.62788471117939,224.38935014159523,45.93270564757951,90.80000305175781,145.65847003367008,19995.76953125
2022-08-18 00:00:00+08:00,49.55364035155705,123.1616797183405,329.3670254373252,4.513920949924987,73.96662721131767,3.76236616090328,40.26104894796664,25.71461943952799,10.926492492279273,39.20410814023554,2.5449134191926532,63.93712017138274,7.6193655808990846,45.30360169270001,45.80064657577374,120.2421922920164,25.48430223846759,87.89361555645257,24.239485568918592,12.493680035551092,18.933535343931577,61.27900217911909,22.976526103973367,28.729699048483134,50.84911655975697,35.81222258632449,2.490000009536743,14.804595608783472,48.261531829833984,47.26572937127832,40.362362664454416,16.917577796547867,4.550000190734863,7.677822564669582,5.12169933946573,57.47048824810063,186.2783964244469,3.1888272762298584,101.94448797781084,313.7681001890313,3.4691496644999322,2.9324962090105924,15.095350088226963,40.1291127486888,8.168496549527735,45.17440088932446,11.821931582224892,16.139999389648438,6.576202948477016,35.018131256103516,20.36706831467263,7.641418230819858,4.17833461224811,286.9780950763053,7.440401037197881,11.739999771118164,22.62640546282111,17.459999084472656,14.547024380427526,84.97282093394833,70.69999694824219,80.7215930360319,33.95577054103287,68.55253179578912,119.18699334158438,173.0,14.445519655521322,16.965606810667243,222.5926287007997,45.1475299897879,89.0,143.1660325416613,19991.939453125
2022-08-19 00:00:00+08:00,48.780121963238436,119.70855332473137,318.5744618477054,4.4406727007978075,72.804847397502,3.707172579986897,39.70572372104317,24.652795155673903,10.734463162127238,37.97007938248115,2.508163801724095,65.01683208389848,7.507315589487672,45.077763994926116,45.98311996459961,113.93917675227982,25.348022437532567,87.16610319924033,23.923513412475586,12.233781977697676,18.228810529091557,60.6628934891848,22.743025197603274,28.06707047471346,51.31994245678598,35.76479443119703,2.359999895095825,14.202309406492043,48.21521896549638,45.572328983471614,39.78984897456032,16.428629936376435,4.400000095367432,7.58728227106006,5.0572173229698745,56.63545219731243,181.10847383756985,3.18882761139718,99.13956573044044,310.3921340947261,3.469149725145273,2.9411214386061193,14.680226720143903,39.98459124418855,8.126477024803263,44.916509509837496,11.56748573293915,15.84000015258789,6.604794737725054,35.01813305419483,20.45600761251247,7.537129948389906,4.071694703180575,279.6145784898692,7.274031278161592,11.520000457763672,22.626405212965917,16.940000534057617,14.659067742873214,82.87412401085267,70.5,78.3191639780081,33.265810517223706,67.86701144336963,118.88902243612405,169.39999389648438,15.150178751700526,16.310028004489297,212.81052973355327,44.65679705352112,88.0,134.5920086624031,19656.80078125
2022-08-22 00:00:00+08:00,48.19998063888098,119.90039614914997,319.1526387161265,4.468141020864421,72.36918550555168,3.707172586986001,39.70572398432755,25.160621820279196,10.715259518481732,37.73276647630869,2.5081637463483966,64.96988401924081,7.572678302674321,44.71641959653374,45.7550364005708,109.38161704725032,25.348022201175052,87.25703461409981,23.83323565899092,12.2709106428448,18.604664159562176,59.80982098998163,23.39682786896569,28.87169113228404,51.08452907350838,35.62248717933864,2.5199999809265137,14.940596164797698,48.261530801079395,45.47272146444602,39.360459231484114,16.898020566972157,4.320000171661377,7.605390341490452,5.011158745873269,56.14424890855437,191.93298464610214,3.2064455248290393,98.84938800615944,309.9949553208811,3.513855218887329,2.9324964574926136,14.491534859109075,39.50284682322422,8.109668991150807,45.08843557214871,11.489194675717906,15.84000015258789,6.700102680495317,35.994732864913246,21.300930952084855,7.470766237101558,4.032916693608976,275.037246492688,7.0891764967079425,11.420000076293945,22.774290115614402,16.719999313354492,15.648788415078084,83.16696751216807,67.55000305175781,79.80867758092576,32.723702104612556,66.83871330557778,113.22764101709133,166.39999389648438,15.913560171019071,16.568287003442858,212.8105379315803,44.16606225283241,87.80000305175781,134.59200801829073,19572.419921875
2022-08-23 00:00:00+08:00,47.81322187199618,119.99630136507957,316.45446980477897,4.468140715780235,72.70803286953198,3.7255705531633225,39.798279078628504,25.068289050996793,10.753666230537066,37.92261957741257,2.508163817947369,65.0168311218902,7.582015471405816,44.535744441391195,45.52694162152326,100.36345360398427,25.166316566326646,87.0751573467003,23.923513668302455,12.493679538598741,18.698628267674042,59.47807618698447,23.67702854645596,29.818304802808505,51.17869178803964,35.570574048761046,2.630000114440918,15.562311844217644,48.72469679873089,45.42291050736198,39.50359642668627,16.76111460487443,4.400000095367432,7.623498560823972,5.001947379941795,55.50568261040581,184.0165506972119,3.2152544886775187,96.2379200062902,309.79636072012903,3.5138549927458937,2.958371088103943,14.793441965282598,38.78023684382294,8.30295707232039,45.43229258026669,11.21517647338216,15.720000267028809,6.661979653257794,35.855213764294,21.478808853926424,7.660379368311387,4.0523056648600635,276.0323227285527,7.338730131232452,11.199999809265137,22.37992953602257,16.559999465942383,15.20061370859775,87.41317488395725,67.4000015258789,80.8657419025626,32.92083477921232,68.8463276998248,111.53915769840629,171.10000610351562,15.678673675452425,17.223866456237463,218.40030320462895,44.46050346234953,89.0,135.1901982909204,19644.23046875
2022-08-24 00:00:00+08:00,47.42646242266969,118.84527082174785,315.10539121627806,4.44067251182356,72.6596280194696,3.679575788328616,40.30732514947082,24.883624992349905,10.619245229553018,37.16321937007871,2.48978889723045,64.0310112556184,7.497978059588079,43.993732863827574,44.660194247525084,104.53313632094837,24.66662295139785,86.16575096217865,23.56240338375224,12.25234568775475,18.397944112738326,58.38803771424029,23.350127842862438,29.250335513609706,50.28412848865237,36.24719067754312,2.569999933242798,15.270883102417429,48.53943297542183,44.177767494251825,39.04478554142462,15.470293947782375,4.420000076293945,7.397148082787794,4.928253740898868,55.014484388256506,180.46223777861567,3.2504900629405116,92.99774684544381,311.583634513196,3.4870317863363938,3.1136208967578316,14.850049539638485,38.53936472826132,8.655917534018538,45.26036747726842,11.07816742104053,15.760000228881836,6.585733561665724,35.343661395616266,22.101383872577266,7.575052712863629,3.955360833934701,268.6688097365701,7.4773712158203125,11.180000305175781,22.1334550489314,16.3799991607666,14.976526788556608,93.7092616062312,67.0,79.23209467385259,31.984463890231744,68.25872758548144,107.26829031907742,170.89999389648438,15.913559783917558,17.164268631750538,226.78495041210329,45.09845997928442,86.8499984741211,136.88505658429509,19542.240234375
2022-08-25 00:00:00+08:00,46.7979772670936,118.46159362792969,308.55276578571255,4.3948929450221375,71.93351704988955,3.6795756744094237,40.72381740689056,24.83745948749412,10.945695837609936,36.87844004268336,2.4806015338555016,63.93712069358298,7.3485792078122385,43.72271761785339,44.15839752107267,106.47253122554197,23.667238672196287,84.84713347357822,23.291571274650106,11.973882940840673,18.6234568051653,60.71029286974602,22.929825302467584,28.96635403952888,50.425372249581145,35.66723494376467,2.490000009536743,14.862881655768001,46.964682351475915,43.33106961428604,38.80377177962635,15.157368441551938,4.5,7.261337221545068,5.140122061282309,54.27768197537582,175.2923189741454,3.2240632972923935,92.41741875797528,310.3921159236878,3.4065617611825645,3.1136209892493936,14.265105948193538,38.346666646040774,8.655916334606667,44.95948790706894,10.608421488883323,15.300000190734863,6.318873405494237,35.111138343248506,22.145851262630213,7.33803608435909,3.9262773984222483,260.7082615107248,7.569797853646582,11.199999809265137,22.62640475779855,16.200000762939453,14.565697991041493,93.70925507409888,65.6500015258789,78.99184371412959,31.73804989744768,68.45460189949478,104.28861916380025,164.89999389648438,16.01143019542948,16.40935734342007,229.5798409949871,45.24567877202951,90.0,138.38055667599843,19418.4609375
2022-08-26 00:00:00+08:00,47.184734568153665,118.46158299385901,320.30896084784104,4.477296829223633,75.9997373614977,3.688774726645805,42.94511690722844,25.206789127717364,10.907289276859498,38.11247037416285,2.5173511505126953,63.84323666483195,7.339241943994369,43.18070081649881,44.15839764645264,111.03009350016966,23.758092576705295,85.02900901753033,23.336710847234517,11.918190372123915,19.59127571266433,58.29325177891535,24.237431106867525,30.433604223316834,50.61370169944584,35.715564279585,2.5899999141693115,15.115453684644256,47.61310861076307,44.12796058304513,38.755568879635696,15.822336585714256,4.559999942779541,7.351877448784882,5.0203707649830305,54.86712392218459,179.16976621014334,3.294534706761697,95.75430838669402,327.867808753638,3.48703186168415,3.2171208471138426,14.359451911479,39.16563113713843,9.143337958123386,45.0884393886996,10.999875466209062,15.819999694824219,6.490426041043137,35.297158240359686,23.07971509582377,7.58453391717813,4.062000431922844,262.1013334524836,7.893294779287755,11.600000381469727,22.08415980106879,16.920000076293945,14.939177785444649,94.14851029561737,69.44999694824219,77.83868982115789,34.64572844775289,68.25873584406742,110.04932110690336,180.3000030517578,16.36375979428222,17.2238667317719,251.5396578026041,45.638264551930874,97.6500015258789,144.66147173682617,20138.689453125
2022-08-29 00:00:00+08:00,46.507904001515215,118.84526660638666,313.1781206075164,4.413205029664321,74.64433009432506,3.6703767439961923,42.62118014805401,24.97595753464683,10.619245458343974,37.5903771284455,2.5081637463483966,63.79629187288649,7.423279048694561,43.13553376921699,44.15839618647655,112.87251823734437,23.939800968905473,84.6197792185087,23.42698902793925,12.02957599996595,19.638257432105156,58.293254302216916,24.050630751721723,30.291611689855927,50.66078567504883,35.13560913408771,2.5799999237060547,15.387454116305264,48.21522106854936,43.23146022978359,38.70736738921187,15.431178291180132,4.460000038146973,7.433363947927335,4.964757912533192,55.45656842626679,176.90792817044377,3.320961293252622,92.46577875277985,316.74691035503946,3.451267179568154,3.2429956514240557,14.302843828390762,39.02110500944034,8.85760733072951,44.787558040645365,10.980304689498096,15.300000190734863,6.414180630575448,35.62268959176393,22.457140232605465,7.54661073776258,4.013528042864835,260.50923881413314,7.394186817124257,11.479999542236328,22.478519211815232,16.65999984741211,14.88315470719516,93.7092600554178,70.5999984741211,78.94380615001137,34.84285570538245,69.23805149629116,107.26829078601641,188.0,16.83353301614621,17.144401166696507,245.7502493030477,45.49104545641742,94.75,137.1841663488259,19960.2890625
2022-08-30 00:00:00+08:00,47.23307835587713,118.9411901458492,311.1236182003723,4.440672874450684,75.08000031795086,3.6703767512549774,42.66745457156798,25.299122043425903,10.734463425028816,37.637842624545904,2.5173511505126953,63.84324438292165,7.348579118564301,43.000026019510294,44.067158949723215,110.44828260266003,24.07607768243664,85.25634989661476,23.652681511281116,12.140960856375765,19.779201814779938,58.388035911870624,24.237434001473076,30.33894157409668,50.66078646111473,35.23226798557152,2.5999999046325684,15.270882623357728,47.24257677833127,43.92873645612105,38.900178225030686,16.096145828851164,4.550000190734863,7.35187771601955,5.020541667938232,54.937964981589914,176.90791403310897,3.3209613498517685,91.31605446883364,320.71865434080945,3.4602081019571655,3.2774957614758864,14.397189468005644,39.84006488969718,9.244182783952361,45.13142013549805,10.960730348673678,15.399999618530273,6.261689011062349,35.43667221069336,22.679487565076375,7.480245812008228,3.9844447103506537,268.46980063071186,7.357215990837099,11.399999618530273,22.3306333967238,16.959999084472656,14.56569817216561,91.65937000244325,70.5999984741211,77.83868396358348,35.43425218627183,69.04218757740863,107.56626412406862,189.39999389648438,15.189326905736213,17.740383978989414,247.34732396112707,46.17807383783317,95.4000015258789,138.7793366875219,20062.73046875
2022-08-31 00:00:00+08:00,47.03970386461359,117.98198699951172,304.30499576873353,4.3948929450221375,72.46599698699758,3.6795756816864014,41.88074774488423,24.745124608713816,10.619245647437097,37.02082919403965,2.517351024576121,63.32685904522453,7.2458674986768115,42.683848279587764,43.06356043276189,108.21797893562707,24.34863859848967,84.30148379112525,23.517263917457544,12.011011253355344,19.49731106587856,57.72453887743062,23.35012669339587,30.338941703541717,49.71913450764285,35.61890545980221,2.450000047683716,14.668595808759713,46.91836287057041,42.833010972661334,38.41813917726246,15.431178554731897,4.300000190734863,7.369985758786274,4.9833526611328125,53.21035910867529,176.90792723237712,3.2769167987398227,89.89917476471258,312.7751637101987,3.442326068878174,3.2084958052458576,13.963198753735934,36.61239501133861,8.941645622253418,45.1314210385927,10.686713142922855,15.239999771118164,6.042481959591757,34.8786142482601,21.7900965983249,7.224268621415827,3.9068885701728973,240.8068637335309,7.070691615334263,11.119999885559082,22.18274900766375,16.860000610351562,14.472328110873962,89.60947910484148,67.69999694824219,76.68552126687025,34.35003143188182,65.95732158001435,104.28861447581076,181.1999969482422,14.69998074400545,17.26359731593105,241.35828555449777,44.60772415124045,91.9000015258789,135.16030971682463,19589.849609375
2022-09-01 00:00:00+08:00,46.79797918773727,116.92686804251173,306.8376546152938,4.431516655651235,72.27236795222906,3.661177900204849,42.38979234011796,24.745124996276513,10.715260010316154,37.875157574465995,2.508163801724095,63.3530851081787,7.255498305068394,42.4396379814701,43.24603259433456,108.31494544052153,23.80352020263672,83.75584417197388,23.11101906344042,12.066703504390816,19.8261833991682,57.86671756113159,24.33083275434775,30.386269695316027,49.43663867937146,34.0723576259102,2.319999933242798,15.018310951690637,46.779413562992836,43.28126483443525,38.514553911011795,15.313830944064652,4.46999979019165,7.261337607226033,4.9182713809689,53.60523477419778,153.77347898483276,3.2416810852790308,92.39094198423635,324.69041591058254,3.4531374270117245,3.148121217209876,13.623552715853219,35.40804130714257,8.874415765601102,45.045455957014134,10.510557699526116,15.800000190734863,6.185442619561265,34.5530802992806,22.012443863176674,7.575053032786402,3.9747496463586782,240.01080679824017,6.987506172866514,11.479999542236328,22.429225538777967,17.440000534057617,14.509676094123279,92.48909147697707,67.6500015258789,78.75160050524666,34.64572732294081,69.53184893491456,105.48048392207562,185.0,15.267623557496117,18.475427113131097,245.55061770069355,45.4910434129635,93.8499984741211,139.54926636773627,19761.720703125
2022-09-02 00:00:00+08:00,46.21783469357188,117.11870834676344,302.5516523755261,4.413204678382992,72.56280910029736,3.651978809727686,42.52862655286751,24.652793846574777,10.696057548385248,38.11246871948242,2.526538498486959,62.6897064048085,7.113233329176618,41.796614926164324,42.56175636546436,111.99979174967925,23.80352020263672,84.11961003436352,22.88532526881467,12.30803854842537,20.155054566929536,57.771932005733234,23.443526953751146,30.433603520500732,49.38955829257632,34.31400549781379,2.309999942779541,15.348597222126346,46.31625235598526,42.28514791026478,38.56275662126216,15.079136723472821,4.460000038146973,7.243229119965226,4.871785004390519,51.433384664331,143.90708168214496,3.1888272489396314,90.82747619785442,321.51299784940744,3.434319257736206,3.148121217209876,13.302776827262345,33.481071020116204,8.823992208262096,44.70159531600777,10.079957611502369,15.880000114440918,6.0996665188345265,34.78560944496764,22.190323487319848,7.594014967318801,3.984444573421143,228.86602809568038,6.765680718384625,11.319999694824219,21.541915133513022,17.0,14.472328997678593,89.95112666352328,67.19999694824219,75.34016163542555,33.709357598523,67.47527528059884,103.89132665994664,182.0,14.719554570998344,17.581455124188224,246.14953208183604,45.098458823151546,92.0,138.75127988262594,19572.470703125
2022-09-05 00:00:00+08:00,46.507903830432255,115.67990614446612,303.52574791146276,4.385736523037987,72.12714809583413,3.5967853333899282,42.019576759667885,24.42196238006761,10.63844802793872,38.15993197308534,2.498976230621338,62.50016335494844,7.1037491060401,41.429169389810504,41.728118860008756,111.9028256934949,23.803521023974447,83.66489794473641,22.614490509033203,12.066704750061035,19.59127571266433,58.10367896413666,22.78972289545411,28.824360197484687,48.94216842453748,34.41066531134376,2.1700000762939453,13.522307982656455,45.88208045586239,42.78320532277067,38.08071855809259,14.590189548291658,4.449999809265137,7.261337781379058,4.816001134932511,51.137222074298265,133.32961449110664,3.197636451266014,89.85031718708177,321.7116029554026,3.434319152862397,3.182621012197725,13.246169148443142,35.02264647432934,8.857607518698558,44.48668523813514,9.610211537455529,15.039999961853027,5.9567057970037425,34.59958754216202,22.056911760294366,7.565572467172674,3.897193927493813,214.13899808747067,6.469913349627239,11.0600004196167,21.73909309464124,17.139999389648438,13.632000126257903,87.32581684868421,65.94999694824219,72.5052864301323,33.46294512239535,65.95732879638672,101.70623612145233,174.0,13.760434173999796,17.38279439071565,238.56340977226193,44.41143185193521,89.5,136.95580842277548,19299.08984375
2022-09-06 00:00:00+08:00,46.60459563441871,115.58397506134547,297.0967516682711,4.36742454589397,72.75644450891056,3.6151831943836528,42.20468495576942,24.560460865326775,10.600042571134559,37.63784359942815,2.4989763575904385,62.547549108026274,7.065811896168509,41.79661145391118,42.33019270014826,111.12706599965861,23.618278914086833,84.02865984573941,22.79504508598178,12.178088451560278,20.24901462950834,58.86196717857201,23.536928882778003,29.53432229849985,50.12893361656977,35.425588294861896,2.1700000762939453,13.502879150385787,46.11761327849007,42.23534048036297,38.22533059841255,13.690525731005469,4.440000057220459,7.424309704261577,4.8996769379181995,50.64362420736303,133.32960698744424,3.2504900629405116,89.75260217983646,316.74692070655476,3.434319257736206,3.2257457780552454,13.359383801112694,33.52924452540743,9.259416249491021,44.883028553409545,9.78636678167437,15.260000228881836,5.909051366006846,34.55308255958922,23.035243173871393,7.480246525992097,3.9074804606982902,216.5271752246306,6.784166559656078,10.920000076293945,21.54191468748824,16.899999618530273,13.725368562832509,87.66981019535002,64.0999984741211,70.29505564662786,32.62513537545788,66.78974642495801,100.51436020477074,175.60000610351562,13.740860089812696,17.879445530418586,238.56341065011856,44.411429111844,88.8499984741211,137.85352450091995,19261.69921875
2022-09-07 00:00:00+08:00,46.60459607531225,114.24108129550302,296.7071280203866,4.312488497837351,70.4328798169363,3.5599894184060243,41.695634393300296,24.19113112355679,10.523230058710396,36.3563505331164,2.4714142002411075,61.931551377164574,7.037359283606295,40.51056046190103,41.403930293289044,107.63616288750407,23.201483897241996,84.84713314882966,22.840184386021757,12.12239778484907,20.624867950127303,58.388034679267044,24.657734096465866,29.818302655052825,49.84410995555715,36.102198255776315,2.319999933242798,14.260595441502478,45.2696895301851,41.3388374314299,38.03251945324602,13.78831597913634,4.25,7.324716026274882,4.816001134932511,49.85385780174588,128.17419214411748,3.224063453143019,85.89279887804157,307.01612722339974,3.424910068511963,3.2084959546990364,13.095215656067628,32.61393537927212,9.007704572725348,44.56884355027239,9.864657641263713,15.34000015258789,5.842337285648679,34.22754755485552,22.946303390893007,7.2716721241396876,3.838582886535761,215.9301250098532,6.75643839411803,10.720000267028809,20.95037412441198,16.459999084472656,13.239846760496398,88.35780795585876,62.5,66.2689105839429,31.24522247641824,64.24351742078714,100.31571665823208,170.39999389648438,13.505973689421461,16.786811506618147,231.57619464471333,43.577186153856495,86.0999984741211,136.65655077018934,18915.869140625
2022-09-08 00:00:00+08:00,46.12114445128146,116.06357531749003,297.29159219196646,4.33995645010654,70.336076323913,3.596785421252262,42.43606884380454,24.745125323441737,10.600042112652973,36.26142628462089,2.4806015491485596,61.83678380589797,6.970968790987386,40.83207495288331,41.4039266944013,110.44827853533474,23.155175382039246,85.7110598920025,23.065877747872857,12.08526857507115,21.188643787666727,58.814572668273954,25.07803682639708,30.906908530508126,50.31881803384982,35.76389616613053,2.380000114440918,14.726881813495451,44.89283535734462,41.63767125686805,38.12892131768272,13.944779204289384,4.25,7.3156610127846085,4.91827169664223,50.93978327291266,130.5741354496991,3.201427936553955,89.65488764717394,304.63308135257006,3.434319152862397,3.1653711795806885,13.491468485081626,33.24020259560257,8.791950840141594,44.9279084643093,10.177821069777831,15.720000267028809,5.775621512237194,34.78560878501024,22.67948788935595,7.556942288061474,3.877952911099824,221.9005406424769,7.0337203233923695,10.899999618530273,20.851785187716732,17.100000381469727,13.519954517775984,88.01381408890272,63.150001525878906,69.73108278750666,32.0830264988603,64.88007654285398,102.10352730528503,172.6999969482422,13.417926720107747,16.46895485150517,234.17144516811405,43.18459618190787,88.5,136.05803700278912,19043.83984375
2022-09-09 00:00:00+08:00,46.26617958945408,115.00846040740149,295.14858233583703,4.294176283450585,70.34206525617618,3.559989339838891,41.88074316727488,24.237296628501802,10.504027212620391,36.35635168452129,2.480601478687103,61.64725082930595,6.895094070755628,40.51056114333732,41.4965552829012,109.0907056292271,22.96993309559586,85.71105741331091,23.51726515058766,12.439518492505206,20.624870061414697,58.95675223224436,24.75113414663129,30.386273184575717,50.6036376953125,35.32892690973967,2.2300000190734863,14.318880667073017,44.56308597329376,41.587863245214876,37.88790624559839,13.631851584791546,4.289999961853027,7.342822792566489,4.750920284166235,50.64361996788403,126.39647675673773,3.2107074071186528,92.53751989227061,296.8881688816928,3.415501133683877,3.1776949402093675,13.189561316657008,33.19202895557464,8.675084389612863,44.927908328585026,10.138676562692666,15.65999984741211,5.737498786406436,34.80961590919631,22.412670727583468,7.5665450858803505,3.8582677127152705,217.52223726087243,6.969021178248291,10.5600004196167,20.95037435282724,16.540000915527344,13.482606995096841,88.01381680588868,63.29999923706055,68.60953797631566,31.540919448390152,64.8311029625247,100.61368570523702,172.60000610351562,13.260762424728101,16.329893589164918,236.16778715218334,42.84108173477245,87.19999694824219,132.66657452634956,18893.650390625
2022-09-13 00:00:00+08:00,47.37811452275989,116.44726258591861,301.18793768161186,4.358268680245359,72.92208255189756,3.5967853333899282,43.96321105957031,24.56046072601012,10.88808746225343,37.0682885999337,2.5081636343754794,62.45278235741954,6.933031214294533,40.00532807094152,41.35761610647287,109.57554966606651,23.47934801004073,87.7117353066343,23.47212763704426,12.552433807361599,21.470536020590558,58.719787115279814,25.965340105713697,31.853522426713393,49.749170476841726,35.763897240013506,2.5299999713897705,15.562311844217644,45.128370387920846,42.38475766966383,38.46634852260216,13.98389468478241,4.420000076293945,7.36093127879903,4.825298503109328,52.7167546489563,128.52974972789158,3.2849433341773646,94.00326173603322,306.4203650704915,3.4813645366466517,3.2237485690639867,13.491468921302484,34.92630074495587,8.890837359366152,45.96022078702411,10.256112059281277,16.079999923706055,5.832806082050603,34.52428971731796,22.946304321289062,7.672168958364518,3.95669291547068,224.08968689398668,7.218575192290476,10.899999618530273,20.901081254252045,17.420000076293945,13.631999291393193,91.55205455507868,61.75,72.65685880066918,32.52657076286074,65.90836500701398,102.3021684410567,181.10000610351562,13.43757316233643,16.8066780630179,241.55792894163494,42.84108433219132,91.80000305175781,137.65403983574438,19404.640625
2022-09-14 00:00:00+08:00,46.072800174593,116.44726870947854,293.00556019660144,4.303332328796387,70.87753537528778,3.5415914584097496,43.08394915511773,24.65279402731059,10.753665731408555,37.49545474198395,2.4806014932166653,62.642318887567114,6.933031387951205,40.005327753844476,41.45023953773533,109.18767486011407,23.24779664419083,87.25703116907121,23.42698825365103,12.684167185135326,20.859775007988897,58.719788293607266,25.685140677828254,31.288206100463867,49.65422821044922,35.81222624973003,2.4200000762939453,14.921167662413593,45.03415337386062,41.78708818172457,38.707366943359375,13.455831217121517,4.360000133514404,7.415255768770485,4.918271562819059,51.828267482678065,127.99642964817534,3.2478253814170857,92.83066597080195,298.278285277134,3.509591951733225,3.1869057547977677,13.114084216415016,33.33654885850301,8.899828061395558,46.22951961847415,9.845085265180423,15.739999771118164,5.899521578305216,34.80961266540816,22.85736656188965,7.432113633879549,3.8484253794515264,221.50251621358223,7.153875395505671,10.5600004196167,20.901080106531982,17.3799991607666,13.688021672170958,90.86405786835331,51.650001525878906,71.63284242052218,32.52657345897172,64.97800423952329,99.91842481197757,173.10000610351562,12.946433069660856,16.906009506238053,224.98824323460266,43.38089049554908,87.80000305175781,136.1577932836029,18933.30078125
2022-09-15 00:00:00+08:00,46.16949121919491,115.10438116405267,291.44708235908365,4.2941765785217285,69.17374853865029,3.5231935715913827,42.482350270964794,24.418352127075195,10.696057511272706,37.353065280667266,2.4714140330622856,61.74201393678633,6.885610101043885,39.775678797057765,40.70923277764981,106.86040318965074,23.062554740156322,85.84746365283641,23.56240463256836,12.608890533447266,21.141663828203757,58.00889622280165,25.685139705542277,31.478696625667528,49.464343859589555,36.24719067754312,2.4600000381469727,15.096024988623464,45.175478006599995,43.08204076456469,38.707366943359375,13.377599977174114,4.300000190734863,7.21606652417722,4.992649730110652,51.630824152717565,134.21847610825034,3.2478253841400146,86.91881608735974,297.08676602706316,3.500182867050171,3.2329591465711633,13.057477402326127,33.48107420353636,9.223457382453617,46.31928114454243,9.962522158947888,15.760000228881836,5.823275742316492,34.28651923498553,23.03524387778413,7.316887360624471,3.7992125920404014,219.11434422256173,7.30175916430326,10.380000114440918,21.04896470324574,17.579999923706055,13.538629761807606,90.76577548464701,53.349998474121094,71.77913052620427,32.526571655273436,64.58627421399103,98.82588184211826,173.8000030517578,13.221471931531042,16.96560685601563,222.7922666145612,41.85961538306364,86.9000015258789,133.66407997102985,18833.900390625
2022-09-16 00:00:00+08:00,46.024452209472656,114.43294379850636,291.4470598983995,4.257552515718975,68.54090895066842,3.52319372975157,42.528626281963696,23.995727859280343,10.734463770750969,38.349784182142464,2.462226629257202,61.69462572701255,6.828704007264323,39.637887115108676,39.921909186020656,104.9210106470855,22.877314346952392,85.30183358201504,23.156156096645113,12.514795282482625,21.511759502529625,57.67714333236272,26.712546997246758,32.19303945622411,49.701696294417744,35.23227379408292,2.619999885559082,15.62059705123204,44.704409004705596,42.68359008332807,38.46634890233538,12.829978243479719,4.269999980926514,7.116472438717329,4.955460553331133,52.815475640473544,125.5964992719766,3.219986915588379,86.28366797338124,295.2994677507869,3.490773782367117,3.196116429668143,13.019739709062696,32.854805178460985,9.097601512160661,45.87045329626824,9.39491186201866,16.079999923706055,5.71843764270255,34.47673683581491,22.679486950394175,7.3456946092687465,3.8287403759411136,212.74590082962564,7.098418995063093,10.300000190734863,21.49261807987641,17.5,13.463934216333678,88.40694660260056,52.5,68.2681958685805,33.16724969142312,64.92903924685004,98.08095833404374,172.39999389648438,12.789269574333721,16.429225240737622,222.99189931846897,42.35034942626953,86.69999694824219,131.66908048711318,18732.439453125
2022-09-19 00:00:00+08:00,46.02445490828301,116.63910122412936,286.1869561606016,4.2758644934795225,69.36846103533031,3.578387498855591,42.11213133070204,24.277476973951963,10.580839613892842,37.87515826848901,2.462226629257202,62.35801315307617,6.933031536550185,39.82160395533677,40.33872596475199,105.50283409868682,23.386727344401994,86.5295125251906,24.013791066001367,12.834721939955646,21.65516879988968,58.624998228898434,26.058741546414225,32.38353286749917,50.31881803384982,36.63382889900449,2.4200000762939453,15.40688275597666,45.69365116461835,43.629902197653024,38.94838422009646,12.575725555419922,4.03000020980835,7.152689167502875,5.011244450605527,53.753319000475884,126.21870291654392,3.2199869211289482,87.94483983172593,290.13621188191036,3.519001066069627,3.1592734808929097,12.831046916448026,32.46941444101492,9.043663840816407,46.184635162353516,9.5808523535759,16.299999237060547,5.718437470051587,34.571845298810835,21.790095305280676,7.230467738987093,3.818897861882684,214.93504910565326,6.922807444821373,10.180000305175781,22.281339165289115,18.0,14.117522951695516,88.80008395036671,51.70000076293945,70.70634900684911,33.51222519889345,62.57866774452826,96.44214027069198,172.0,12.573167240972522,16.74708071389237,218.59993664865044,42.79200718280019,85.05000305175781,129.67410029587558,18695.349609375
2022-09-20 00:00:00+08:00,46.266176029005706,116.54318725338833,285.40769554012616,4.294176520204291,69.61186369227123,3.6059843173511172,42.27698271364039,24.794018654387912,10.638448295158506,37.87515769981563,2.4622266851890964,62.547550477685846,6.980453468243239,40.41870223644509,41.12605106853807,106.95737410762912,22.87731398409465,86.66593112930198,23.742959190248147,12.665348712008091,21.27273913383071,59.4306800695268,24.891235369692765,32.05017420871949,50.69858263747499,37.21378239498863,2.390000104904175,14.571452977864196,45.2225856934634,43.23145920633163,38.56275456360383,12.751747542253366,3.930000066757202,7.234174492096586,5.001947073850837,53.50651593121522,125.95203643643826,3.201427936553955,86.67452802090257,290.33479120832186,3.4813647270202637,3.1132200722361905,12.472533412760187,31.746801951705212,9.133560377531772,46.13975208482828,9.678717636351635,16.100000381469727,5.8899902036640945,34.38162965028863,21.967974476146615,7.134444920230341,3.612204930999523,217.72125182150725,6.932050064711337,10.119999885559082,22.13345549903483,18.219999313354492,14.416305425545517,88.89836763659233,49.25,70.85263508145762,33.709357314994776,63.11729411605523,97.93197896756676,172.0,12.219546456268754,16.886143344718256,220.3966495305579,43.33181583382795,85.30000305175781,131.27009589823865,18700.6796875
2022-09-21 00:00:00+08:00,46.16949121919491,118.46157793241687,283.8491518771544,4.3033319572433655,69.22242182830365,3.56918844210954,41.234277959455525,25.028811248027363,10.542433128895762,36.78351466121816,2.4714140330622856,62.31062917247086,6.989937590803281,39.68381882675278,41.218673953725634,104.53313871775813,22.92362233134647,86.75687767977928,23.833235559783606,12.627710049709396,20.890308380126953,59.715036946619136,24.84453533031672,31.2405850180272,51.1258145007974,38.325367300530715,2.259999990463257,14.182881252379426,45.36390195600446,44.82524378153673,38.94838441561201,12.673515610989499,3.9600000381469727,7.306377709023282,5.001947402954102,53.95076104274377,129.77416506766858,3.210707428841452,86.67453279316203,288.34889718478587,3.4625465869903564,3.0855877855899054,12.26497132681353,32.084020826422716,9.025683533056188,45.78068785392173,9.70807565288263,16.399999618530273,5.76609112175317,34.143861012251534,21.923504696435792,6.990412186787496,3.6220474330332215,219.91040301680033,6.895079232618898,10.0,21.985569731079256,19.299999237060547,14.752437201045394,90.17606960691992,49.150001525878906,68.26819443174078,33.11796111129067,64.24351250416386,93.36314073657348,172.3000030517578,12.121319431994436,15.594849405503748,222.59262518390543,44.75494222667226,84.0999984741211,130.27260112354313,18638.849609375
2022-09-22 00:00:00+08:00,44.96086696631656,117.50238504633684,275.6668339522284,4.24839591141221,67.32392551347502,3.5139946937561035,39.48063604036621,24.653145049162184,10.177576786661062,35.9766519093605,2.4530394077301025,61.884165860009524,6.923547309403863,39.27044225719068,40.57029200568158,101.81798784122911,22.831003384925623,86.02934886413396,23.51726640621834,12.571252523180107,20.555680803799085,58.76717860506311,23.583628034128726,30.52624070806263,50.36628699653457,38.18037200082627,2.1600000858306885,13.405736468179189,44.79861948864539,44.02835233565466,38.0807191859736,11.734736720858901,3.7200000286102295,7.194972154049462,5.001947390872453,53.012913671716014,133.50738135747497,3.1643099565768393,84.03618028364923,280.0082531177534,3.424910218446218,3.057955672974353,11.736633379173059,31.21688594602769,9.079622450892503,45.331857918871314,8.807729705566043,16.200000762939453,5.6231303215026855,33.62076329601141,21.523278808977334,6.769561431269952,3.5728348967873353,210.95477805913882,6.7564381651147345,9.600000381469727,21.44332429677703,18.5,14.491002353036617,86.6869707049043,46.0,66.31767825803895,31.935182445483267,61.55037598784929,78.61375370233309,163.89999389648438,11.689115870450658,15.356457244617559,210.61455780539205,43.773475327579476,80.0,123.2901481595719,18080.9296875
2022-09-23 00:00:00+08:00,44.187347412109375,117.4064585457185,271.38086180832704,4.257552090136805,67.7133587312008,3.504795763379247,39.57542603356497,25.122728368485088,10.139171600341797,36.11903899402455,2.4530392254521187,61.12601430184195,6.866641306705585,38.76521368181122,39.96822539631261,103.66041272821202,22.50683098700938,85.3472905709579,23.111017922505997,12.420698522881398,20.65128913827544,58.29325173490489,24.330831301929184,30.62148692913045,50.17640257324037,36.7304870390473,2.2100000381469727,13.65830848846119,44.42176818847656,43.8291252039212,37.79150092420434,12.125894028509768,3.759999990463257,7.26924249478599,5.076325375737378,52.42059038948521,129.24083381478331,3.219986896689403,83.6453153948033,276.63225752525034,3.49077362089447,3.1316414070545067,11.415858761253666,31.843149188375524,9.187499046325684,45.73580356707801,8.797943161589563,16.479999542236328,5.5850072424393336,33.85853237500716,21.879035026127248,6.894389679788999,3.710630028733395,211.9498371309072,6.83038004874168,9.609999656677246,22.084158437866147,18.200000762939453,14.47232791522173,85.36012848980828,47.0,67.73179626464844,32.37872326400721,62.87246336133365,84.97039236423498,162.39999389648438,12.769623453685256,15.098197698747557,211.8123632421649,44.11699251625543,79.1500015258789,123.19039468570631,18055.58984375
2022-09-26 00:00:00+08:00,42.156853603330006,119.13302870062522,267.8741101905024,4.26670806984016,66.44768618374106,3.5139948271996486,39.62281996224521,25.967978381976714,10.043156204206342,36.02411406687135,2.4622267000464113,60.55740421257213,6.847673010114704,38.85707203897115,39.59771587953714,103.17556404645217,22.228968679687114,84.6197793105484,22.479076090077903,12.477156494470874,20.173249627695828,57.20321469487677,23.723728690001074,29.76427544453759,49.51181921442856,36.19886320830474,2.1700000762939453,13.153164977586126,44.18623351688753,46.81747779996149,37.454072630432556,11.69562076653776,3.5999999046325684,7.269242081393043,4.834595854230418,51.63082565987162,124.0854332813061,3.2478254036450793,82.13071727291407,271.27039815307313,3.4813646514403263,3.113220024894181,11.246035755581275,30.446097765176287,8.97174496474366,46.22951750419598,8.739226349842436,16.280000686645508,5.527822872576247,33.28788417848531,21.078583097670563,6.692743156960464,3.6220473374344238,207.1735104218409,6.5808262934040425,9.34000015258789,21.689800043215698,19.899999618530273,14.24823990919707,84.18072034811387,47.20000076293945,67.1954094376199,31.738050320512116,61.99107350053619,79.45798975218185,160.0,11.964154786602995,14.442618221559606,202.42953455776222,43.96976891338504,77.4000015258789,121.59440736745807,17781.869140625
2022-09-27 00:00:00+08:00,40.80319298773138,118.65341602331009,273.3290345103794,4.202616281714493,66.20429136016595,3.458801136738744,39.00668232617498,26.249729647803843,9.831923255778012,35.54948816344592,2.4438519441085638,60.13094121003578,6.733860776294812,38.12218654293656,38.57883259655658,103.9513175288574,21.44169064411009,83.39208482643008,21.395747526177193,12.401879611917053,20.50787789512549,56.25535718976091,24.984635811585648,30.859602778926195,45.998995688021395,35.183944247537035,2.1500000953674316,13.405736952768859,42.58460009886525,47.11630974205049,36.63461588618546,11.832526749961595,3.75,6.888605265439446,4.816001257393278,53.0622715555444,119.46333172428383,3.1550304861651153,81.00696747280527,280.4054167656558,3.434319167565896,2.993480691813435,11.453596577991185,31.26506015601703,8.657105666463936,46.319282498363805,8.64136144866037,16.420000076293945,5.556414804410015,32.7172328734102,20.633887426155045,6.875185281027498,3.6811025142669678,209.9597009818696,6.23884504289663,9.680000305175781,21.443324337599645,20.299999237060547,14.472328521425464,87.71896018640429,48.150001525878906,65.0010749960257,31.688768526926275,62.186939331779875,79.65663899809691,168.10000610351562,12.042737329677701,15.793509135456247,209.21711794315823,44.06791764465943,78.5999984741211,121.59440524994639,17838.650390625
2022-09-28 00:00:00+08:00,40.4164298500822,116.25540919883481,272.3549069468469,4.12936795989843,65.57145115407587,3.403607553300213,38.580113513039976,25.451437503678747,9.79351718717951,34.88501242977597,2.407101952504282,58.09340738881878,6.705408143267644,36.790205259993805,38.48620357959188,101.23617666462087,21.210139077742518,82.80097803329194,21.124915183648522,12.326602501677154,20.60348472767267,53.08003332877621,24.28413103709704,30.57386282034845,47.61299310639248,35.232270614342696,2.130000114440918,13.600023064901954,41.972209102370414,47.0665064562719,35.67054820567991,11.636946407563531,3.799999952316284,6.907172975500296,4.881082156551306,54.296280579619584,124.44097454892042,3.1271917990110367,78.17319898643925,277.8237812096919,3.4060916133456964,3.00269148063396,11.472465698496453,31.98767327222544,8.61215628443339,45.87045415692238,8.680507189452554,16.5,5.499230810402267,32.57456907585615,20.76729607106683,7.0576272505262,3.6515748119155664,210.55675441803092,6.359000730650522,9.479999542236328,20.851784971069378,21.049999237060547,14.509676055629381,86.58867813093289,48.599998474121094,63.19684591606997,31.442352153168173,62.921428492486235,77.76951271137614,172.0,12.691041703732834,16.290160937108077,206.4222357850765,43.62625767876306,76.55000305175781,121.99341683102713,17703.390625
2022-09-29 00:00:00+08:00,39.83629418156286,113.95333874171408,269.4326892520301,4.083587770805087,64.54918967655077,3.348414085464733,37.632202797322414,24.747061071665136,9.774314409082223,34.55277308948276,2.3427903096625062,55.96110534667969,6.44933214452675,35.458225923647625,36.679988861083984,102.59374817895936,20.839657200366837,80.52747725764824,20.447833410418585,11.95021782078546,20.412267791771594,52.653498092563,23.256725783400565,30.192880801772333,45.00211220470276,34.265678391172386,1.9500000476837158,12.62859194417673,41.265608146650905,46.6182512085671,34.513664882241564,11.30446293611777,3.8299999237060547,6.916456548968843,4.620758056645858,54.888605133821514,121.95215141200971,3.09007383534002,75.77914057646359,276.2350782833942,3.4060917302074327,3.00269148063396,11.132821007255487,31.698627770030132,8.666094843191834,45.376735915881895,8.171616549051873,16.020000457763672,5.413453878159604,32.764789681196994,20.589416341361353,7.230467525865456,3.602362260811035,207.57154420721122,5.906106653523734,9.5,20.75319459333695,20.350000381469727,14.397631591446682,87.81723959714917,49.25,62.611683255548186,31.738050004938877,63.655919875667,77.91849012936673,174.5,12.573168431095102,16.329893660920384,206.82149456317265,44.067917576984925,78.8499984741211,121.29515568726691,17570.169921875
2022-09-30 00:00:00+08:00,39.30449724175234,112.9941346810142,259.10735270995747,4.0469638186772885,62.40727788968429,3.3208170643759107,36.77907788145644,24.60618643422815,9.486269651789595,33.69844546383374,2.3427902384721127,56.24541091918945,6.525206045685573,35.50415627974129,36.67998681774688,100.1695143292525,20.283931534913627,78.98149108886719,19.906167219334982,12.0254941996177,19.599601042372985,51.0895339173102,21.48211634336472,29.335669785704358,44.81222915649414,33.97570328034372,1.75,11.482304613835362,40.65321770630355,45.67193956155625,34.41725801363536,10.737284050158502,3.619999885559082,6.712212299808234,4.602162837982178,54.394999167237025,118.30780712197281,3.0715148281839615,73.28736937364832,264.9156013896297,3.3025920089483014,2.9474272816431792,10.793174061871387,30.83149119556322,8.360443898598993,44.52395778748609,7.829094226345808,15.899999618530273,5.127532504740581,33.52565560629019,20.63388758490094,7.345693985539366,3.641732330397358,197.91935722846557,5.878378592430811,8.829999923706055,20.999669373948034,19.940000534057617,14.322936647698597,82.70644323982867,46.5,59.88096125479219,30.653829716726108,62.87246073585994,75.48509354409074,171.60000610351562,12.455294268722117,15.972304820096227,203.62734258131684,43.96977050084302,77.30000305175781,117.1056782422663,17165.9296875
2022-10-03 00:00:00+08:00,38.869394347335565,113.09005948199832,258.52285539460513,4.101899681090403,63.332190491416554,3.385209692416412,37.15824632867007,24.512270283872162,9.476667818580838,34.410384533287846,2.351977530472501,55.771568298339844,6.506237789693,35.96346145164619,36.6336784362793,100.36344521977608,20.191311603048906,77.2536258533763,19.996446716791684,12.006675506997553,20.221052806472194,51.279105070064624,21.34201715850842,29.478540191071577,44.29005525831192,33.589061754575,1.909999966621399,11.307447934832453,40.41768767829117,45.27349524535502,34.417259466093455,10.267894333242515,3.5199999809265137,6.87003767262296,4.481298592106684,53.75331898438281,122.2188065017479,3.090073818325429,73.38508926504721,262.1353670982548,3.312000914413681,2.9474272816431792,10.623352133799926,31.698628954389395,8.378423297910285,44.20978133847015,8.024820733565834,15.960000038146973,5.098940020845839,32.47946629414179,20.41153950861622,7.297682932277907,3.553149512180623,188.96372287898458,5.8691359257408635,8.710000038146973,19.915180182297703,19.559999465942383,13.800064426188221,81.77273559570312,47.79999923706055,59.24704360954281,30.210284810284183,57.828956370721315,72.65440400714428,164.39999389648438,11.964156113924284,14.959136357593746,196.1410349246394,43.77347647209794,77.9000015258789,117.10568676291497,17050.25
2022-10-05 00:00:00+08:00,41.52836968320752,115.29620868493298,274.8875617684237,4.175148135459411,67.22656595921345,3.422005415704732,37.20564165902025,25.122728987197902,9.639893721434495,34.93247149608779,2.370352385702666,56.57710409205053,6.639018251161556,36.74427413470993,37.60624908822845,100.55738707177765,20.83965643190707,81.11857264530383,19.59019894289924,12.646528895680678,20.938111281098408,54.50182284627642,23.583629160886762,31.907304228987233,46.04646324914311,35.76389693166946,2.0899999141693115,12.628592773444346,43.10277676047863,48.31165014749382,35.622346645569046,11.030652423624696,3.869999885559082,7.055714281853801,4.881082356199204,55.480926025008735,127.37421920671206,3.1921484333440757,79.63893519317561,272.859071485538,3.3308190717983006,3.0395342432196566,11.62341861732631,30.783318483192517,8.84588964683342,44.88302551873839,8.719651944792766,16.5,5.337208072460299,34.04875021637286,21.65668694681912,7.614555516964306,3.740157537378509,208.9646359022428,6.275816151599018,9.140000343322754,20.999669289658645,21.0,14.266914393619723,86.1464082749375,49.900001525878906,62.75797118410569,31.639482304988604,62.67659706176954,77.96815676773305,168.39999389648438,12.553521290780393,15.714044905692495,203.8269732893694,45.785488545501735,82.0,124.68662847055036,17811.970703125
2022-10-06 00:00:00+08:00,40.99657613906552,117.5983073351511,280.3424404757288,4.30333201462866,68.29751492932833,3.50479586957294,39.006677688674046,25.26360374475002,9.73590873694919,36.783514239697965,2.4346643752360007,56.671874156450464,6.705408266442319,36.56055382401172,37.46731392479887,104.82404143222,20.700727279043598,82.11892673690016,19.545057566400263,12.533613842479456,20.794699557619012,52.79567879270332,23.35012753804525,31.71681208203014,45.95152064205798,36.537166236808105,1.9600000381469727,12.240020552762141,42.96145280425498,48.71009826660156,35.14031200019135,11.050210990785946,3.9000000953674316,6.9907276608296565,4.843893026313903,57.060453978393774,123.90764540583788,3.2385459001314376,79.00378357233092,277.02942716372166,3.368455410003662,3.094798355037644,11.680027101509017,32.758458289492,8.881848691995764,45.331858543180644,8.543497785918712,16.979999542236328,5.451576456272094,33.90608876529732,21.30093002319336,7.460920527339021,3.858267741800917,208.5666150196887,6.220359991789833,9.430000305175781,21.29544063377034,21.149999618530273,14.7337635729927,89.8812115100237,50.349998474121094,65.53746703022462,32.18159484863281,65.32076827360493,81.04715103380116,177.5,12.357066245850358,16.310027245862678,210.61455045047737,46.86509976587794,83.0,127.57936625541444,18100.48046875
2022-10-07 00:00:00+08:00,40.07801671595045,117.0227805035199,275.6668339522284,4.230083999964624,68.15147830490332,3.4588010573079373,38.34313901419039,24.794018541905594,9.620690804898855,35.73934106706189,2.4162897313121694,55.96110227963976,6.743345588970055,36.147178646121475,37.050497187008645,102.3028380477387,20.93227828704033,81.75516882343197,19.27422756817496,12.684167200369698,20.460073799207024,52.084785811384364,21.668919668430792,30.85960350387115,45.76164245605469,37.793738104309476,1.850000023841858,11.793162430410304,42.254849878931836,48.710100148497055,34.94749513533499,10.698167645977984,3.799999952316284,6.981443792092391,4.750920295715332,56.6162111290265,120.08553776419126,3.210707428841452,78.02661757655304,271.8661313562356,3.3308192044200644,3.122430677318719,11.321511758780362,32.03584735495397,8.89083793045515,45.10744168319576,8.230334266804068,17.0,5.365800581892206,33.28788144745096,21.1230525970459,7.3648990466523205,3.7303150676668,199.01393455795096,6.174145689738534,9.289999961853027,21.689798849438123,21.25,15.069894978816782,88.84923524787385,49.5,64.9035519132807,31.984463266513785,65.61456254903999,80.05392578772499,175.39999389648438,11.414078696670652,16.5881530289179,203.4277074370565,47.159541692919646,81.69999694824219,124.18788350284767,17851.619140625
2022-10-10 00:00:00+08:00,39.207807990454704,116.35134524460524,267.8741204786043,4.1385240463381265,68.15147952757019,3.3760108151276222,37.49001390158274,24.60618654566684,9.486269376763287,34.88501091846151,2.3887271881103516,54.96602765397253,6.639018174337053,35.59601592633545,36.12423723218914,98.4240605729153,20.37655352881125,81.30047044841893,18.777700776553946,12.533613497712343,19.695211783267368,50.85257193136913,20.081110239249604,29.90714360333793,44.85969877646522,36.63382922038777,1.75,11.210304418507473,41.454034775547846,48.11242533077841,34.32085160131018,10.365684625048925,3.549999952316284,6.832902431488037,4.667244611288922,57.80085894246779,118.21892209520527,3.1735894708051,75.77914524622605,264.12124109142337,3.321410016074738,3.113220109048115,11.095082352394671,31.6022781602102,8.935785461090818,44.88302961510806,8.103111481442355,16.579999923706055,5.089409551526248,32.33680064642607,21.034112770308187,7.211263144966198,3.5925197881397066,191.05337754255197,5.97080575512087,8.829999923706055,20.95037534880181,21.049999237060547,14.864480802048632,86.78526044261784,51.0,61.68519063911197,30.801678716343925,63.85178478890668,74.59118783283456,168.0,11.68911565544445,16.01203726773649,193.74543136435386,46.325293446821604,79.25,120.59691169366536,17449.359375
2022-10-11 00:00:00+08:00,39.11111573716218,114.04924398749574,265.5363095729831,4.138523692572018,66.98317019229843,3.4036074997679546,37.58480780002734,24.794018313077057,9.524675786725457,32.274567512313475,2.3979146631314583,54.01834173077579,6.544174714886314,34.998920063952795,36.170548035274756,97.93921033610714,20.330245051068037,82.16439883206996,18.687423864480678,12.42069853901481,20.268858812518978,50.66299691025,20.54811363220215,30.71673393473114,45.0495832001078,36.827145193270695,1.7699999809265137,11.404590469020249,41.3127151511042,46.26961150624177,33.983425574383666,10.072315861667292,3.549999952316284,6.8700377347009285,4.741622453909606,53.555875927703774,113.33017099610466,3.1735894764602675,74.41110696942546,259.7523322585482,3.3496371650878944,3.1316415026511457,10.812044143676758,30.446098498289142,8.809930620236141,45.24209415155815,7.848666454599419,16.520000457763672,5.213309040360191,31.813707781578866,20.98964391642406,7.316887691537844,3.651574821614124,187.27211270068202,5.748980022173873,8.920000076293945,20.506718176457515,19.719999313354492,14.434979895239689,85.21270139829367,46.900001525878906,59.100750698287975,30.75239692331783,59.836563595198484,73.49864343877782,161.3000030517578,11.414078647368767,15.098197845547226,187.6565637975513,44.656798782206586,78.1500015258789,119.10066926850885,17194.73046875
2022-10-12 00:00:00+08:00,38.14421976123632,113.85740272901117,260.08142421532443,4.101899681090403,65.62013611907173,3.35761290109071,36.636893247640856,24.700102043730972,9.380654182307858,30.898151675548252,2.3611650466918945,54.11310604793648,6.525206683462442,34.907061159415676,35.197970433406574,94.59376100906438,19.959761795631152,81.43687823692616,18.326312752707484,12.10077174086186,20.077640092186957,50.710392162560275,18.68010125834165,29.288047251426267,45.04958538562148,35.90888549481854,1.600000023841858,10.588588844206749,41.030071275112924,44.22757521701782,33.93522472340305,9.994084203574346,3.549999952316284,6.84218612550743,4.667244103892072,52.815473323065746,113.77459815470216,3.1457509934794605,75.33941957980412,249.22719554173813,3.359046519517948,3.0763769149780273,10.887520572996205,29.723485840545916,8.666095597625935,44.88302889104082,7.652939247032684,15.5,5.156124287603738,31.19550237214035,20.94517331474617,7.211263524099121,3.622047309800396,187.86916043855464,5.79519364304309,8.720000267028809,19.915181092770332,18.579999923706055,13.986804904650231,81.52702778846718,45.45000076293945,60.319827034222726,30.358133426568337,58.66138255677469,72.75372776683575,151.8000030517578,11.27655895398639,14.005566131156558,182.3662455917046,43.42996242434956,74.5,115.31020126578305,16758.26953125
2022-10-13 00:00:00+08:00,37.660768958649435,112.61044311523438,261.44513108908063,4.083587770805087,67.17787912910207,3.3392150741037434,36.82647005299039,24.324436725282816,9.390254321446243,28.80979796517568,2.3703523378164277,52.5494165888416,6.401909937149996,33.988453598157626,33.577012885106754,93.91497174016135,19.867140970164414,79.98182457085323,18.14575993346033,12.17604849705755,19.551799120956744,49.66774709944838,18.51197922798948,29.383292841071036,43.38811406992797,35.42558961298925,1.5199999809265137,10.083445327170683,40.135039418314086,43.43067768423325,33.30857912980111,9.93541062221636,3.549999952316284,6.693644550919974,4.546379401966859,51.680185533716866,112.70796236391351,3.099353319100082,75.33941903214537,252.6031705815231,3.3308191894184347,3.067166434691335,10.698828302461125,29.48261421497543,8.57619700522951,44.793259019866106,7.584434371825328,15.479999542236328,5.2323701774334435,30.57730083184833,21.03411150339477,7.326489887259404,3.631889810661166,196.02873050699657,6.155660030751374,8.680000305175781,19.323640348484332,18.200000762939453,13.46393356056818,81.87103255358534,46.650001525878906,59.88096232449921,29.717459432480776,57.1434271514064,72.80338659620234,149.8000030517578,11.256914152191664,13.489048322683551,183.96333588356256,42.35034897452765,74.3499984741211,113.51472231366454,16700.650390625
2022-10-14 00:00:00+08:00,39.30449787464653,113.76148946940492,255.01616890996178,4.083587770805087,66.44768891747492,3.366811865709584,36.68428938068192,24.653144389992185,9.36145027355498,28.572486089199995,2.370352394529781,52.26511738083202,6.392425409053343,34.355898121355736,34.271707929417204,94.83618993122664,20.376554696009993,83.21020704295537,18.59714741479549,12.32660249512031,19.169368143855383,49.85731646151721,17.746095758856978,29.335670471191406,44.43246291630194,35.52224821906208,1.409999966621399,8.995444011930825,40.511897277832034,43.131843114296,33.40498494906334,9.818062936612337,3.3299999237060547,6.684360327634673,4.499893165707793,50.29810173905758,115.55233406606601,3.0900738127885345,74.70425121379331,248.23426356227458,3.312001019651234,3.0763771361324332,10.566743783661158,31.072363259729897,8.71104333739095,45.15232115486465,7.57464769494743,15.359999656677246,5.203778238622195,30.291973903312964,20.945173737481422,7.480124964856859,3.710630005662043,193.83957379889796,6.174146076392366,8.65999984741211,19.441947621692194,16.940000534057617,13.314542090399218,79.16820445375966,48.0,59.78343377743711,29.668175947797337,55.968248601153086,70.07202295371158,148.6999969482422,11.080104056261254,13.548646759534982,178.6730068621776,42.497566361240565,74.0,111.02097845354963,16671.6796875
2022-10-17 00:00:00+08:00,39.15946569581466,112.70636076580534,237.2877863596451,4.083587761959129,64.79258277333652,3.3668117262026973,35.97335117330563,24.27747801141521,9.419059753417969,28.952185812380538,2.3611649765988845,51.6491172882148,6.3165512536455,33.804733981998126,33.39176218522844,95.41800512512665,20.33024443743428,82.16439205634268,18.5068685224136,12.251325607299805,19.503994535758157,49.00424487141997,18.00761955788392,29.52616310119629,43.48305196418681,35.28060027199363,1.440000057220459,9.277158482136805,40.1821507143206,42.63378555774716,32.971156435714946,9.876737415458361,3.259999990463257,6.8050509399832055,4.472001075744629,50.29810066044361,119.37445030255749,3.1086327973931076,73.28736907557438,243.4681512531926,3.293182583251772,3.057955618009882,10.944128036499023,31.50593124836297,8.782961294006812,44.88302823734621,7.731229948688209,15.199999809265137,5.270493060027598,31.147949886563875,21.256461011014395,7.777793948588207,3.8779527519562063,193.5410511629569,6.06323291936405,8.600000381469727,18.81097069163979,15.979999542236328,13.501281853254877,80.20018978111678,50.5,60.07601026474571,29.12606612806366,54.842024628455,69.6747318602083,146.0,11.826636476710645,13.568512495593891,167.89273020159234,44.01884143714327,72.1500015258789,109.82398322055381,16479.740234375
2022-10-18 00:00:00+08:00,40.706499898596235,114.43294152215958,250.53536271985058,4.074431419372559,66.8857998247731,3.3852095865109253,36.63689380971557,24.653143792782192,9.56308151066438,30.233676271935792,2.407102052108161,51.412191266211394,6.373457113939601,33.57507912455565,33.345443940498456,94.20588304296797,20.60810661315918,83.84678690222312,18.64228517356,12.552433466943397,19.169366135728342,49.19381754628265,17.839496568338234,29.57378372797347,43.53052290496109,35.81222156784691,1.4800000190734863,9.714302034604469,40.040827144971885,42.68359106985011,33.597797777951804,9.85717906236916,3.4000000953674316,6.795767036500682,4.499893165707793,49.70577798078596,121.68548368026015,3.1550304861651153,75.24169487353193,250.22013706759415,3.340228349328066,3.0579555134201084,11.132820129394531,31.794976569756184,8.890838623046875,45.062559649125106,7.506143179941448,15.680000305175781,5.375331124035638,31.00528468283402,21.211992263793945,7.6817717954787685,3.9960631784034533,203.7902774269556,5.989291667938232,8.920000076293945,18.73209886708664,16.15999984741211,13.725369596724288,80.34761018423438,51.0,60.368592676640404,29.816023947322773,54.89098875230934,73.59796668810596,153.1999969482422,13.339343899432489,14.224091967849956,175.7783108931334,43.2336667070386,75.30000305175781,110.72173544192945,16860.19921875
2022-10-19 00:00:00+08:00,40.319744730752,114.24109356998812,251.31462747459622,4.056119384728382,66.44769043080947,3.3760106563568115,36.1155339726801,24.934893701931678,9.447864113307437,29.90143839600968,2.3979145919475076,50.60665948625631,6.240676948645634,33.66694501571998,32.88231622749093,95.12709384295574,20.60810467084321,83.48302862553612,18.461732438718958,12.251325607299805,18.96859087458117,49.62035146863755,17.671375133729672,29.859521985024795,43.15075731156374,36.24719253066478,1.409999966621399,9.180015081467458,39.805295593501526,42.534177633558855,33.64600372314453,9.896294108171388,3.5999999046325684,6.767915429521611,4.388325053341704,50.100658956428184,117.06339088600463,3.1550304917872114,73.28736770406887,249.82296953736957,3.3308192642331247,3.0671664433494223,11.132821041804526,33.52924688625465,8.845888495897897,44.883023697540004,7.887811825667473,15.640000343322754,5.403923511505127,30.815071433563816,21.167519922803592,7.97944084098716,4.143701025916538,203.9892797774432,5.980048259254859,9.140000343322754,18.90956270938881,15.9399995803833,13.781392214076726,76.76023016957437,49.349998474121094,61.49013619926066,29.86530648605528,54.352360987786845,76.27967641328492,153.39999389648438,13.339345813918776,14.24395871332698,174.6803106885284,43.42996229506285,75.0999984741211,110.42247643655283,16805.91015625
2022-10-20 00:00:00+08:00,40.07801780051727,113.95163147052398,245.6649092752662,4.028651494697739,65.03597506977388,3.3668119373508243,35.072830856217514,24.418352572915882,9.313442575279623,29.142038356085347,2.3795397343251805,50.985735543969895,6.164802837070283,33.98845290122273,33.484388318398686,93.13922454203343,19.867139282788607,81.25498918865635,16.773542244046983,12.119590538736427,19.12156187990882,48.90945720775099,17.559293489855854,29.478540453086232,42.96087570600612,34.942292951925424,1.3600000143051147,9.257729110403687,39.56976130004885,40.44232821849794,33.64600454923215,9.417125955217875,3.450000047683716,6.944308369293109,4.351136042822385,46.74416265535359,117.06339976338491,3.1364715043114235,72.74993203636218,235.32607658835528,3.312001019651234,3.0487449443966685,10.49126812647447,32.22854247365935,8.827909608452849,44.703496090615985,7.515929898633576,15.399999618530273,5.299085142986382,31.195502516404076,21.078583532205293,7.720180918185461,4.0354329621630125,197.0237995576597,5.7304942100931475,8.84000015258789,18.35745882661274,14.680000305175781,14.005478307062628,73.81169449079185,45.04999923706055,59.63714835190159,28.87965173823893,49.94541498537762,73.25033702180158,139.5,13.08395201099491,13.826770948364638,160.6060743466951,41.417954891301456,69.0,105.63452436446096,16230.7900390625
2022-10-21 00:00:00+08:00,40.36809013023496,115.78489063956802,250.92500526719127,4.120212019524583,65.57145073011007,3.4036075540747808,35.35720841726961,24.934893701931678,9.438261786828757,28.61994743347168,2.425477083769523,50.70142515029944,6.136349230665672,33.94252899326753,33.530701227052376,92.65437339567447,20.09869255066544,83.16473245607479,17.044374149233615,12.044314493466493,19.169365168110705,48.43552793085684,17.12965440013436,29.573785092835685,44.14763991559138,35.183941772521635,1.3600000143051147,9.044015815190601,39.80529406097808,40.840775874933904,33.6460062970362,9.16287307390902,3.5899999141693115,6.842185857666752,4.323244730629677,46.645439851514155,110.57469226241568,3.1735894569532075,73.7270940265805,230.36139379597833,3.293182640003431,3.113219986095139,10.566744341634754,33.62559636814044,8.89982773690295,44.209782066697656,7.750802521866964,15.960000038146973,5.480169420986637,31.29061236603237,20.945172611289532,8.06586018281304,4.163385970332364,194.43661499023438,5.564125176892404,9.260000228881836,17.74620046211886,15.399999618530273,13.557304245047447,75.4825375546949,41.45000076293945,60.90498369924159,29.02750290660982,49.553684512091436,73.44898216591842,141.1999969482422,13.92871263759055,13.906235585318298,167.29384171923635,40.82907173252969,70.0999984741211,99.84905860011835,16331.1103515625
2022-10-24 00:00:00+08:00,40.17470658169404,112.98675385979969,242.15821828659094,4.083587770805087,63.332196325582636,3.4036075607673113,34.12491893040315,24.606187276232028,9.303841499054569,28.09786006263174,2.434664483309544,49.090350737744515,5.889757289272092,32.794265060749076,32.558123835060925,88.67861916282466,19.82083137473879,82.02798112231822,16.629099375971855,11.385640915079762,19.360583458164722,45.497174211081884,16.475849177886865,29.288047517537013,42.81846189800611,34.072359390718624,1.3899999856948853,8.89830046490807,38.76894506049365,39.64543606083299,32.87474606069085,9.006410829286162,3.440000057220459,6.96287620478845,4.2860550547033505,45.21399370056906,113.41905573175086,3.192148464002687,72.16363282332128,222.4178882146425,3.293182895668807,3.1040092492178144,10.529005116094824,33.52924718008678,8.944775950562706,44.29954942030868,7.535502315413917,15.899999618530273,5.260962386202053,31.76615335259996,21.123052936305566,8.07546272264672,4.124015769901493,188.46618423386505,5.499426247059268,8.9399995803833,16.839171923799366,14.279999732971191,13.146476616783756,73.6642594291265,41.0,53.44424209483278,27.795434711955025,47.00744806037065,69.37675779377159,135.0,13.692963991304268,13.40958432735001,155.71502694768807,39.74945776104326,66.0,95.75933527542372,15894.75
2022-10-25 00:00:00+08:00,41.04492119862408,113.37271528102251,222.28682916919624,4.101899747539448,58.4155506761863,3.394408542995749,30.617633630035545,24.042685017354827,8.554925346076981,26.579055743787507,2.3979145416137935,49.75373351090621,5.813883088165018,33.0698471054409,34.271708135004644,91.15134247489597,19.218796977290403,79.75447689112592,16.23187784126493,10.764605000968466,17.51535290471098,45.40238729463925,15.89676702110523,27.478380603714747,42.723521621436184,32.3808218395437,1.3200000524520874,8.111442383826123,38.34498066702159,36.55747529142962,32.97115432031621,8.488126228262196,3.1500000953674316,6.962875846832389,4.258163290086789,42.84470583406248,112.7968505548319,3.1550304917872114,74.31339916665551,200.5732827762717,3.180273652327608,3.0763770201978593,10.378052493278414,31.168708719364997,8.747001766104505,43.222353556887704,7.564861944466052,15.039999961853027,5.480169097669736,30.244420843625388,20.055781815402156,8.171484140481466,4.133858140188811,184.08789771922392,5.342300341585693,8.569999694824219,16.405375201577314,13.899999618530273,13.015757857347708,71.64942977032433,38.349998474121094,55.88239362171388,27.302608260052995,44.70604429771375,70.32033068800787,120.9000015258789,13.221471304952841,12.416281916449384,143.63712447634924,40.73092386825064,61.849998474121094,90.27312911403635,15242.099609375
2022-10-26 00:00:00+08:00,38.62767049503189,109.12726131386336,220.72829123245174,4.046963749711245,56.468364024111985,3.3668118315326105,30.617636501138385,23.38526841869947,8.506917800880334,26.531593910736515,2.416289618666805,49.374656983928055,5.785429987104443,32.93205535266409,33.345443139481596,88.7271110943037,18.570449224241028,78.43585035995376,15.888825223500913,10.65169038840783,16.540152468773055,44.73888727247166,15.149561491163752,26.906905657681598,42.29628372192383,31.655880977375418,1.2999999523162842,8.082298907534637,37.77969780164776,36.65708888837465,32.778341351926535,8.761937030502962,3.4000000953674316,7.0649981739495455,3.95135245450235,41.66005756367168,116.61895508648391,3.1271917876010846,75.09512297969347,203.35350909744673,3.1614552880530415,3.0487449169158936,10.472399219703957,31.698628311311587,8.75599157833201,43.49165620928492,7.741015737141852,15.579999923706055,5.56594582894502,31.005284388440153,20.45600848145597,7.9410319398905935,4.03543309795307,183.4908508702549,5.212901851558531,8.829999923706055,16.227913724907005,13.579999923706055,12.82901786637969,72.48485169681817,38.150001525878906,56.37002320780856,26.859063844449263,45.19570603024813,69.52574487177374,121.69999694824219,13.16253463302727,13.051995541534827,147.62981961811872,38.57169401962518,61.79999923706055,89.72450371197185,15096.3203125
2022-10-27 00:00:00+08:00,39.256151992051024,110.28511810302734,232.6121451978369,4.0744315261005255,58.51290621649119,3.3484139706488096,32.22908909219602,23.47918561345743,8.72775245647426,27.24353295303706,2.407101995784663,50.32234764589017,5.965631769223139,33.94252190428689,35.01271975249003,90.08467790394833,19.265106193484975,79.25430883421632,16.087435329334124,9.974198257709812,16.272451282979358,46.065887085844075,14.90672128584877,26.24018401478581,43.00834584988941,32.57414263856723,1.350000023841858,8.41258542665204,38.20365975429488,37.95203623989917,33.40498714285182,8.928179283071895,3.75,6.94430857936069,3.960649610802645,41.61069655763622,116.97451491641259,3.136471495540515,79.00378795808949,219.63766419292253,3.18027387549584,3.085587837573531,10.755436028141048,32.85480841816669,8.86386867208395,43.71607103538368,8.494567437100093,16.260000228881836,5.7946830070599304,30.529743958460134,20.189191496490903,8.075461928064186,4.1338580157396,191.15289564221493,5.471698450925313,9.430000305175781,17.194096064277954,14.479999542236328,13.426586010368617,75.67909995196727,41.79999923706055,57.93043925104917,27.598304442242373,46.86055239970706,73.00203228911585,138.39999389648438,13.948358459853882,13.409584110114523,161.1051514558392,40.28926390991198,67.55000305175781,92.21823305175778,15721.26953125
2022-10-28 00:00:00+08:00,39.4495289687096,109.70617631875685,218.780117620088,4.046963817354272,59.53518206492451,3.3576129620401343,31.992110835938277,22.821767481197238,8.689346541273872,25.8671170228184,2.3979145919475076,50.27496140145608,5.965631858219987,34.309961518046286,35.522161771956135,88.2907447157054,18.94093284110072,79.07242629973872,15.65410315513211,10.124751480096544,15.98562609209261,45.87631770384706,13.804594870412519,25.573466799416273,42.86593759799532,31.462560922757945,1.2200000286102295,7.858870090055638,38.15655283336515,37.653202431494464,33.54959609693531,8.801052213102036,3.619999885559082,6.962875624734747,3.9048656661465917,39.63628334177255,110.21914408464839,3.127191801906744,77.53804251290218,208.51677733468017,3.1802738466830034,3.057955599072064,10.944128593538615,32.03584692555089,8.854879577703343,43.6262993786249,8.044393858785854,16.760000228881836,5.861398116078083,30.71995991481352,20.144720115261755,8.008247465049692,4.025590712999677,182.09774971994088,5.591853917557841,9.100000381469727,18.14055857251666,14.119999885559082,12.698300973918181,72.28828994885659,40.54999923706055,57.34528238276678,27.056194940716047,44.65707340471237,71.95914222377375,131.5,13.280408022122566,13.369851529696984,156.41373940795071,40.63278105769059,64.25,89.67462510414919,15424.9404296875
2022-10-31 00:00:00+08:00,38.77270333738188,107.77643731941903,210.2081348559269,4.001183371289518,56.80912333753275,3.348414061340758,30.617633687020703,22.58697668459541,8.391700252893747,24.728014683163458,2.397914678683579,50.60665546511174,5.832851255643534,34.58555328883051,35.105342940762796,72.72713454419623,18.570450457740915,77.20815433328701,15.07632795583176,9.710728085232155,15.048669699582904,45.82892203546313,10.423497499999213,24.525764015232426,41.869049166366885,30.930936232683955,1.100000023841858,7.101154386614603,37.63837813828977,34.46563157829824,33.06756127538795,8.2632104915608,3.4100000858306885,6.758631855317425,3.7189199914697797,37.711235304684784,102.04159721485733,2.9787197183602165,75.53485518576531,200.37469395438566,3.170864507327204,3.0026913634515986,9.868584269695836,29.434439421599038,8.845890213365406,43.2223550597324,7.819306646368248,16.299999237060547,5.861398567670793,29.531108668496284,19.611086222008247,7.845009231250897,3.887795380912171,167.2712197550948,5.406999196256274,8.75,16.405374352735535,12.5,12.642278445664346,70.51915470068006,37.70000076293945,54.76084688602602,24.937037972037423,41.32738084117017,67.58895874023438,122.0,11.787344788913394,12.336817417540916,144.93475386585882,39.307797217487,61.0,85.38540649414062,14830.6904296875
2022-11-01 00:00:00+08:00,39.352847621682784,108.16238689464838,203.7791419554914,3.8546870415136385,58.22083004289711,3.1736341320035435,30.14367719091982,23.197436862428358,8.286083501146111,24.443239343088713,2.342790126800537,50.51188177861636,5.823366816684908,34.86113151232268,34.92009724287608,76.60591511830938,17.690555197911877,76.84439832366485,14.642995960577984,9.390800394285808,14.379416038962258,44.359743789292544,9.34005118463629,23.763799297882542,41.63169997122792,30.061003934109348,1.0,6.683439979232936,36.88467336681918,36.159029655485,33.59779733941803,8.292546945314363,3.4100000858306885,6.656509697332891,3.7003251922609066,36.77338834881107,102.6637994008792,2.9230430008501145,73.53165737079208,206.3323127989286,3.142637252807617,2.7632129382235493,9.698762403541398,29.145394310750763,8.486300555838422,42.19004861404971,7.760588836892518,16.440000534057617,5.85186732804038,28.960458976427798,18.632755396850097,8.104268028646072,3.7992124986319693,177.918456347395,5.240629780263794,9.0,16.42509441449792,13.859999656677246,12.77299715837853,66.68605891075627,35.20000076293945,54.175689074910224,25.232734168388905,39.85840013969528,69.52574546958337,128.0,12.160610205706314,11.621639063776538,149.22689542433255,39.40594563705082,63.04999923706055,88.42776418163827,14859.919921875
2022-11-02 00:00:00+08:00,39.691257206604654,107.29400039239131,219.94902192361818,3.8180630282917907,61.82312407341364,3.146037391502473,30.85461402673267,22.77481089302455,8.487715152329868,26.531594445176573,2.3336027231285734,50.79619138300906,5.8897574518211435,34.99892112928309,34.734839939582365,79.12712167186933,17.949891069525723,78.1175588738365,14.6249418258667,9.3719818487531,14.513267517089844,45.68674331906655,10.479537113702778,24.240028523532413,42.05893221114864,31.317576671391066,1.0499999523162842,7.1011545945711,36.9317756945508,38.35048632806948,33.74241153495316,8.703262931724716,3.5899999141693115,6.5915226315318876,3.737514208293158,39.0439594194676,107.19700477137235,2.941601971375693,76.21886504847562,224.00659785710715,3.142637208131332,2.8000557701950006,10.321444591885399,30.060704199745572,8.720033012153298,42.23492826659879,7.946530513989971,16.559999465942383,5.94717446447612,29.959095766347996,18.81063379237977,8.430744546068409,4.114173152338854,180.10761722930755,5.582610856142492,9.149999618530273,17.35183999281035,15.220000267028809,12.9784098015649,72.73056595601376,37.5,56.37002082955643,26.612650752363876,42.84533394707574,75.33610890764743,139.0,12.985724311754392,13.091727283484577,155.2159317331623,39.70038317107612,65.30000305175781,92.5673553077289,15389.5498046875
2022-11-03 00:00:00+08:00,38.917739246600114,104.49587110030168,225.98834209939022,3.845530913363698,62.16387575015846,3.2104296910832097,31.04419574969774,23.056560516357422,8.468512078195,26.626518942121137,2.31522798538208,51.5543518721723,5.8897574163345086,34.309965967750394,34.73483660362666,83.05690007107702,18.375946238430203,79.43619163614063,14.245775627056442,9.183789048028874,14.264686398751731,46.39763894476809,11.338822135269785,24.24002880882524,41.584228751149,30.979265213012695,1.1699999570846558,7.6354417519917,37.59127426147461,39.84466138516881,34.03163033614502,8.996631729375268,3.700000047683716,6.637941744606517,3.774703595496317,41.36389758488265,105.59705819379698,2.9694404514877086,75.92570839159245,224.40377444835065,3.3872734031186904,2.8553201002728534,10.75543653142925,30.831491869549417,8.809930040102639,43.04282654845929,7.995461665003161,16.700000762939453,5.432515367827396,29.05556646619481,18.89957330012696,8.77642442620174,4.183070801131128,186.37656109836024,5.656552517999905,9.100000381469727,18.120840858328517,16.020000457763672,13.202498593699538,70.7648696899414,38.0,57.930440566872726,28.140412695250888,45.048803907985864,78.6634102411811,141.0,13.850129943980232,13.489048451197318,155.71502665535348,39.40594366016372,63.599998474121094,93.51497390461476,15477.740234375
2022-11-04 00:00:00+08:00,38.9660813676657,106.03967444677164,224.62464388224265,3.799750937110609,61.287646172662775,3.1368384607392414,30.4280494140236,23.056558655221803,8.497317044927074,26.389204449495427,2.3152280806797223,50.51188922484888,5.918210268761177,34.21810357331042,34.271710986744864,78.61090958016976,18.375948268779222,78.48132440945129,13.902720378751289,9.67308978640261,14.035227740118918,46.397638085008396,11.077300627240808,23.71617540752168,41.3468744064021,30.882604909302643,1.159999966621399,8.053156349629983,37.214418736899766,40.59174821731918,33.21217225637693,8.928179095011803,3.819999933242798,6.637941866654759,3.7840012762017223,41.70941614491587,100.44163924068701,3.025117380346239,73.48279614462132,222.81506182073852,3.246137322321269,2.873741434012538,10.623352744802606,29.96435498004141,8.782961669656602,42.90817230217599,8.200975843096744,16.360000610351562,5.642191758092605,29.673772989865526,19.077452394429564,8.85324258081417,4.055118136235219,186.277046133458,5.517911501161314,9.119999885559082,17.80535401366795,16.479999542236328,13.258520284655813,71.15801096132873,39.29999923706055,55.15094534934955,28.091129842183907,44.16741486071639,75.93204532179008,145.0,13.221472388980045,13.806904887203205,157.71136774409482,39.65131309163386,64.0,92.56735755185817,15442.759765625
2022-11-07 00:00:00+08:00,41.33498469064402,107.67995049616212,241.76857500813566,3.909623331364806,64.4031446554051,3.2104299047849953,32.89263228283516,23.432227479587105,9.063803829682039,27.290994950498952,2.3611650866743856,51.31742704587725,5.899241528110953,34.172175320902056,34.8274665566059,80.1254775928616,19.079863371340195,80.25464922534185,14.769384923375261,10.068292763396435,15.641440002191352,46.681995133846854,11.74978406582567,25.763955568095263,42.24881884972401,32.380824593936694,1.25,9.228586930311069,38.62762491743938,41.08980799177715,33.260375232308675,9.994084739044899,4.039999961853027,6.712212590172817,3.914163277766204,44.128072452291,106.30814845989063,3.062235338617016,75.63256564257138,232.14868726118345,3.283773765000433,2.9382165037880306,11.340381539111268,33.481072371665846,8.989724112563286,43.13258678341164,8.670720352218398,16.559999465942383,5.7470298294496605,29.72132495706288,19.655555198430754,8.747616590054044,4.094488017395238,189.85929827590797,5.7767085905160105,9.630000114440918,19.185612510043992,16.459999084472656,13.613324938481487,75.67909480137237,42.75,57.49157305384646,30.01315565016071,47.448144591602635,76.72662669960755,145.0,13.123243901429232,14.74060941895078,169.6894534698314,39.700383245401696,66.69999694824219,95.55983990901889,16031.7900390625
2022-11-08 00:00:00+08:00,41.62505402096221,111.63593915904421,253.26280382109002,4.028651723223186,66.7884454561389,3.311618116321328,35.07283578266496,24.418353182598224,9.313442840209536,29.142037815457122,2.4071019452581,51.64911631437662,6.088927789677334,34.67741147209616,35.522161521967014,83.83861867335641,19.589278757353526,80.34957350378573,15.076329192587828,10.425859000377706,15.737045384564775,49.05163901029461,12.57170765501775,26.764037920798845,43.05581464413711,33.444072376296994,1.4199999570846558,10.219445949330604,39.75818789881046,42.633786854820855,34.61007270628519,10.776400391223293,4.269999980926514,6.944308191840809,4.053623040441939,45.06591389818388,114.48569246085154,3.1364715099334717,80.90925657759618,241.68086116274034,3.312001019651234,3.0763770295521713,11.566811722667724,35.50438873223959,9.20547829052149,43.26723895914362,9.150253335677352,17.059999465942383,6.0329517284510255,31.005286687306608,20.32259908204269,9.19892121956557,4.330708604066949,198.01885934913992,6.275816047715762,10.319999694824219,19.284203571857987,17.299999237060547,14.39763298604544,78.72591860818436,47.650001525878906,60.90498382369315,29.7667429865985,51.316470205930045,88.54600324534078,153.3000030517578,13.692965047049208,15.694180276123985,175.57866447491085,42.055905493210844,68.75,98.8515513477822,16640.599609375
2022-11-09 00:00:00+08:00,41.62505402096221,111.24998589711103,254.82136374283584,4.056119384728382,66.69108145681628,3.3208170202847884,33.98273265306243,24.277478318888072,9.265434644544445,28.714873681103192,2.4254770278930664,52.69157207174706,6.088928316943019,35.136709014180276,35.6611025458888,83.54547002455767,20.006069968462754,81.82082098978539,15.094382534962996,10.651690350152043,15.641440255370345,49.28860353046407,12.889269884572293,26.240185051790373,43.43558137003292,33.25075866674353,1.5199999809265137,10.297160765551054,39.9937202963525,43.82912817666697,34.61007333760612,10.854631718760444,4.190000057220459,6.990727658720593,3.997839131299006,45.46079617603696,113.95237706510792,3.145751002278341,80.61610610823617,242.2766306300211,3.31200088519131,3.067166434691335,11.830979783778995,34.30003263897002,9.06164315905233,43.58141878021069,9.277475201822803,16.979999542236328,6.080604955682422,31.100396532170976,20.055780456725696,9.19892165442304,4.311023673494316,194.93414768229493,6.109446943177431,10.34000015258789,18.456047647979766,17.719999313354492,14.434980164027506,78.6276351686508,46.599998474121094,59.490854767156385,30.161003955381094,50.87577191309873,85.41734000304464,147.0,13.653674294909353,15.118064230566736,177.87446140225848,41.95775932253165,66.69999694824219,97.10595145404139,16552.80078125
2022-11-10 00:00:00+08:00,40.94822520201697,110.09213256835938,248.19754318194458,4.083587829503408,66.2529742595364,3.3116179560583237,32.940025329589844,23.901811374701886,9.121413345371002,28.57248510056011,2.4254770792574134,51.98080211482065,5.994084991522272,34.723337699140586,35.19796962091406,81.10262083996594,20.006072077065753,80.72924805054443,14.877717668533409,10.463497300144837,15.717925111227943,47.06113965837395,12.627749790046028,26.81165909433167,42.67605505217216,32.76746323455469,1.6200000047683716,10.491446251326416,39.19290428980041,41.936503245845195,34.5618675336402,9.798505638511733,3.9700000286102295,6.981443672656623,3.9513525173372743,44.81911683386653,111.10800800960953,3.099353310644343,79.88323729892947,227.38258216436103,3.2837735557194887,2.956637878341448,11.90645676110754,32.90298539999174,8.980734748518987,43.49165653202954,9.101321041240046,16.959999084472656,6.071074610268995,30.815071962839664,19.788964085168416,9.074091847542055,4.2224409111798895,180.50563690108717,6.182786853620001,9.9399995803833,18.29830348107163,17.0,14.509675938813979,76.76022733661826,43.900001525878906,57.97920359760516,29.96387123369081,49.455753435170784,79.75596546980448,140.0,12.769624078276665,14.442618287385764,167.69310949727077,41.22166061401367,63.900001525878906,93.66460732738764,16138.2197265625
2022-11-11 00:00:00+08:00,42.15685138191449,111.44296132914558,274.69273828560915,4.1110556024046945,69.95261810164519,3.348413945641453,35.07283441477662,24.41835296515885,9.505471856465602,29.5691989061515,2.443852003242331,52.359880855082345,5.984600621185665,35.366363539687974,35.75372707856963,84.27832853302989,20.793347734350824,84.38366234072485,15.79854631195671,10.576413367560829,16.61663861719615,52.03739181230359,15.13088351524312,27.906983590049556,44.47993291669957,32.96077733960918,1.899999976158142,12.162305882105006,39.61686519788046,44.67582409309994,35.38132794825208,10.385242193117755,4.25,7.037146451701898,4.146595661398603,47.682007023645575,115.64122155771817,3.192148458280839,87.94484510189103,251.213066791099,3.3402280807495117,3.0671663191038707,12.453662927721512,33.96281629065945,9.25941624553557,44.43419922566299,9.463416810052859,17.200000762939453,6.37605777667981,31.385720538722865,20.63388682578376,9.438976576893978,4.291338564247713,192.04845036498804,6.3107739400839105,10.65999984741211,19.816590790138253,18.0,14.995198923016654,81.82188323606927,50.0,60.80745507440403,31.54091900553618,56.898598839707056,95.00196750609395,160.0,13.673319816589355,15.535252203870343,182.66570030311485,43.42996360226906,68.75,99.15081789403835,17120.05078125
2022-11-14 00:00:00+08:00,41.963475116733235,113.46919347041793,291.25221262909054,4.358268801273306,74.67453541013015,3.4955969400958313,40.66552758235834,24.324436051594052,10.369606620253888,33.79336997668375,2.480601508184855,53.35495692815759,6.307066983393059,36.2849679115491,36.44842595415629,94.88029403915667,21.39538097806696,86.75664822408613,17.85687190858012,12.232506472496564,19.12156365683553,53.26960545116321,19.520706440505947,31.907306152402196,46.23634775426386,35.47391891035308,2.569999933242798,14.70745360747216,40.32346983507342,47.56456467359324,36.15258230183165,10.854632122194477,4.559999942779541,7.31566181436396,4.3046496215120165,50.10065943924422,116.5300818103558,3.2014279477650773,92.83066618715074,267.29866404254847,3.3590462494262767,3.0947983264923096,13.151822728967216,36.85326694268077,9.331333971699477,44.52396037607434,9.766792926198258,17.100000381469727,6.509487931820347,32.52701681556252,20.767295572411477,9.50619185776049,4.429134069921422,199.80999659037394,6.51752341343984,10.880000114440918,20.358834517736025,19.780000686645508,14.584371890321327,82.55901912240729,53.099998474121094,68.170667505823,33.16724830808981,58.7593136956423,96.29315695637602,167.0,14.125168305441715,15.892840469348782,210.41491377048976,44.166062745500376,73.0,109.72424377860057,17999.259765625
2022-11-15 00:00:00+08:00,42.44692423082669,120.41629344087576,284.6284364277193,4.202616043695171,73.70095175995161,3.4036076584854333,40.286361710359856,22.962643855840238,10.177577399529998,34.55277496067558,2.443851877161528,54.30264465861884,6.25016104137193,36.00939070687038,35.75372712128469,98.00714818825585,22.321590215052943,89.74662236681999,18.958256028597063,11.856122208960784,19.169366686627633,52.84307316130242,18.17573696844071,32.4787758240068,45.42934773559113,35.570576155130176,2.9100000858306885,15.873168943270146,40.464790705675874,45.7715534905187,35.8151578384949,10.346126006814963,5.019999980926514,7.232107192625676,4.183784824371074,47.38584421641791,120.26330641237585,3.192148447036743,92.83066230734394,260.1494892968072,3.3684554409416188,3.104009179272073,14.133020070476714,37.19048587516029,9.24143694356607,43.895606985420166,9.590640189461682,16.68000030517578,6.328404293207586,32.7647875212936,20.011311554046443,9.755850062540723,4.537401587864096,190.8543628668996,6.8030340875604125,10.380000114440918,20.556015488846715,18.899999618530273,14.752438314323415,83.59100301572985,52.0,68.12189860873717,31.14665588029656,56.65376574875169,88.59566317675593,155.6999969482422,14.537725153652493,15.912706154036803,198.3370171003323,43.03737381811438,71.0,103.34027849059731,17665.80078125
2022-11-16 00:00:00+08:00,42.54361304397714,121.38116711814259,301.3827258305494,4.202616165854647,72.62999636955783,3.4496021797466425,42.18219113975858,23.620059632095852,10.215982967692515,34.647699189666135,2.462226756342991,54.6343409512371,6.345004341508356,36.560552751549636,35.84635480011593,98.78885352482645,22.460518621217137,87.42108326152687,19.003394303781302,12.213686706198558,19.08332061767578,53.55396450413898,19.7075075960182,32.24066291896584,44.62234663963318,35.280598586759524,3.130000114440918,18.224030452152693,41.35982325152754,46.518641293021304,36.345393517474996,11.147999676399554,5.769999980926514,7.380648347120053,4.202379525674406,48.86665270837096,119.10779042881138,3.201427936553955,94.29641690723702,283.5828146707174,3.4719557164211143,3.12243069660244,13.755636814451577,38.82840984054008,9.421230889865814,44.254663680349076,9.766794129211357,17.899999618530273,6.433242475687353,32.5270221546793,19.92237200665465,9.534998968541906,4.63582701339729,194.3371081678609,6.990092799743808,10.84000015258789,20.90108054667955,19.860000610351562,14.733762953104831,84.03328940415855,53.0,69.77984827101275,32.083027222529104,56.45790570090313,97.3360439120787,164.0,14.675243776065104,17.08480485417104,209.6163820020578,42.7429360029989,77.75,109.12573863350588,18169.2109375
2022-11-17 00:00:00+08:00,42.68864956381801,118.00410610860405,292.0314862739512,4.175148010253906,74.04171328466175,3.4312043454067624,41.518650690442506,23.056559446175317,9.927937867083543,34.885012651989314,2.443851947784424,55.06079455977805,6.316551424577622,37.06578651414738,36.86524409413248,98.88656731773924,21.951106478061437,91.69602535083185,18.59714627422099,12.270144840799256,18.9494685993719,52.748286652653334,18.680101631764835,30.764354216090155,45.097055094111255,34.89396041501637,2.700000047683716,16.825170749946757,41.73667596361083,46.61825186508762,36.634615838563604,10.404799926752583,5.659999847412109,7.19497173982231,4.118703684935708,49.360255061104894,115.55233548789307,3.155030483378725,95.56673024495157,296.49101273915795,3.5001828090019433,3.122430677318719,13.359384631971963,37.57587841732042,9.31335520543269,44.47907747151641,9.522134493994256,17.600000381469727,6.376057851070076,33.14522162022959,20.011311877857555,9.506192453264536,4.4586615562438965,189.0632425400025,7.098390452159642,10.359999656677246,21.689800521016057,19.860000610351562,15.29398267235368,86.24468783800461,53.349998474121094,69.73108354280609,31.984463913164785,57.486195225280696,92.86652862697981,152.0,15.087800799216785,16.409357661949894,212.21163353654617,42.69386213438619,77.0,111.3202242018764,18071.599609375
2022-11-18 00:00:00+08:00,42.88202532635237,118.67951487547622,303.91537404614826,4.17514769522472,74.57718167171997,3.422005307127382,41.70823452488778,22.633935181935914,10.158373640147401,33.9357607450529,2.434664539843099,54.77649461993803,6.345004191682118,37.065785512712644,36.448421856584474,99.76599633717346,22.414209974818274,90.60852214594703,18.326312347648877,12.401879399369575,19.121562674778197,52.84306819640416,19.38060529185802,31.812059946141044,44.6223483177999,35.18394256806827,2.819999933242798,17.97145741005526,41.26560554084882,47.56456233622358,36.92383476576735,10.619936760125276,5.829999923706055,7.120701099653888,4.15589267867502,48.86665344238281,116.8856261709432,3.1550304917872114,91.26720088608853,297.8811171682061,3.575455606265964,3.1224306485185136,13.170692755090357,38.20214698297738,9.241437156604505,44.97279111289445,9.228544195450578,17.600000381469727,6.423711432523788,32.95500750706865,19.655555725097656,9.43897677644005,4.488188954300767,187.0730958792509,6.9704025957328035,10.380000114440918,21.689800223108705,20.100000381469727,15.518071230584013,87.47324278925505,53.0,67.2441673957105,32.92083541195278,58.563448899820564,95.84620284116357,158.60000610351562,14.635951173214222,16.568285755943783,225.18788339042345,43.33181552035689,83.25,110.22298838895776,18316.359375
2022-11-21 00:00:00+08:00,42.54361304397714,115.97786443781385,287.35588225771585,4.092743738251641,72.28924043386574,3.357612796048583,39.338448133004725,22.399143962737035,9.889532281593905,31.942329830714915,2.4071019452581,54.018338883213595,6.17428679809518,36.560550689697266,35.84635919093142,97.71400319667111,21.163831106402867,89.17499930063245,17.24298453134877,12.157229804052704,18.356701499008746,51.653177095354906,18.39990016022268,30.71673225876279,44.05270075064263,35.0872785431914,2.569999933242798,16.02859777634376,40.841642640945444,44.67582376885249,35.76695421661577,9.935410568213907,5.590000152587891,6.962876023412515,3.9885417789758466,46.89224289141395,109.33028496071394,3.1364715043114235,88.97087219830209,280.20683107507296,3.622501090596723,3.0487450404152265,12.906523979734091,36.51605005118022,9.0796221274739,44.434195861816406,8.895807703069458,16.899999618530273,6.0901356999303715,32.38435611985279,19.29980021143843,9.49659024486389,4.291338811042084,183.29183382531326,6.665201183596046,10.199999809265137,21.344733988373175,18.940000534057617,15.125917713509976,86.24469305049477,50.5,63.391892523693286,31.639482693199,54.05857057713086,91.02906604662684,153.0,14.026940074736501,16.071635542317566,209.61637810126015,42.10498117497961,77.1500015258789,105.23552025157356,17654.150390625
2022-11-22 00:00:00+08:00,42.8820257979652,117.81112209781624,284.04398023429883,4.175147943729275,72.1432043046476,3.385209667134249,39.006682356143926,22.586975949768824,9.98554646933288,32.74919568403706,2.434664417841952,54.539573669433594,6.21222441338766,36.56055382401172,36.40211527344685,99.37513847907766,21.765865743935574,90.60852580235247,17.351318044178146,12.063133322463848,18.280216403118267,51.99428066942973,18.680100320786043,30.478619186677957,44.195112776084436,34.12069154141649,2.569999933242798,16.572598262474934,41.454034775547846,43.28126487874121,36.393600269975614,10.033200035812257,5.559999942779541,7.027862671072682,4.0164338748412645,47.188401650049315,108.17475284034285,3.1550304696876728,88.3845583909761,278.22097681734374,3.5754555372235184,3.0763769628060786,12.623486216444162,35.69708511988559,9.025684529286396,44.703493158038306,9.32640816125534,17.0,6.0806053318688145,31.861262896953416,19.566617301340855,9.563805143150963,4.261811119461427,183.19233126202812,6.625820416411743,10.0,20.703900124353567,18.219999313354492,14.901828707965567,85.01613133064825,50.04999923706055,63.73323614500693,31.738050237942456,55.62548094958577,87.60243673401997,152.0,14.203750354210202,15.396189278670505,206.42223522471338,42.055904388427734,75.19999694824219,103.04104272988762,17625.189453125
2022-11-23 00:00:00+08:00,43.51051476553664,118.48654174804688,276.2512957994286,4.211772014030934,72.19188361020906,3.4496023121163564,39.196259598081596,22.82176854947195,10.292794652301565,32.986507415771484,2.462226629257202,54.539573432732034,6.278614112532989,36.42276245269283,36.40211314627613,100.15684819500497,21.90479430959248,90.85568245068866,17.604093703990156,11.93139891027098,18.222850344402186,51.79936657162121,17.671375464088438,30.52624024094535,44.10017013549805,33.975702046819094,2.369999885559082,15.426311125751461,41.59535560136819,43.33106838630626,36.682819559506534,9.896294697930747,5.619999885559082,7.111417293924409,4.053622407711954,46.79352118839811,112.97461840753948,3.229266396936803,87.94484601274922,275.8378921397004,3.820091839150331,3.159273624420166,12.680093333399217,34.92629897750456,9.169519561505796,45.96022099072623,9.101320972896144,17.200000762939453,6.080605155810636,32.19413890762378,19.877903267102496,9.198922045528278,4.232283656151287,174.63472660609654,6.596284653873951,9.920000076293945,20.063065277811805,17.739999771118164,14.341610405584877,82.36245122982795,48.95000076293945,60.70993050147089,30.850960087040075,52.49164867126504,88.09904752924544,139.5,13.712610993327102,14.402887076878207,197.93774951728895,41.712391992720455,73.75,102.34278886150535,17460.900390625
2022-11-24 00:00:00+08:00,44.33237665914741,118.87248707528602,285.21286845450453,4.211771907724701,73.31151985569629,3.4863979551656676,40.04938190696675,23.15047541415675,10.542433281636761,33.08143231813667,2.4714141449276203,54.39741400277901,6.307067560341321,36.65241554065392,36.402112731049435,102.8928478353515,21.673243882640588,91.10284546195966,17.638888432828782,11.969036829287262,18.777373182526706,49.557808543924104,18.77413009454459,31.85968321024753,44.4324619273353,33.202426137121655,2.5,16.028598105235837,41.35982131958008,43.629902197653024,36.634614280319795,9.974525825879725,5.619999885559082,7.18568769613326,4.100108939797124,45.707596474272705,117.152285336683,3.2571048682422226,88.92201038636497,284.377147069599,3.7448193729574086,3.1132199956520084,12.566878438326556,35.55256591975488,9.097601692272448,45.870452228324226,9.003457307194779,17.139999389648438,6.118728308516398,31.956365850006833,20.144721216401184,9.304545496621282,4.153542915914389,177.22191632575448,6.566749269120779,9.720000267028809,20.260244627289204,18.059999465942383,14.472327344698671,82.21502264735997,48.349998474121094,62.31911160769529,31.146657385905144,53.07924549665431,87.25480841928704,140.0,13.869774758578803,14.442618453182652,204.6255096435547,41.56517261083293,76.69999694824219,107.72925664337589,17684.529296875
2022-11-25 00:00:00+08:00,44.912519044086835,119.83736271333248,283.84916561807285,4.248396221569288,73.31152377603043,3.504795685182072,40.33375589075327,23.526143504559194,10.542432716793058,33.6984461291083,2.4989763421840983,54.30264596144283,6.193255402374006,37.29543438903995,36.957870726875605,104.26083596076019,22.043727040631687,90.46022503570177,17.032000755330426,12.138409815665078,19.12156267863948,50.28875116644696,20.611557981660898,31.954926364165882,44.71728652624264,34.024030481462496,2.859999895095825,17.136027125348274,41.218499403181625,43.082038049937374,36.24898649232334,9.798505680698979,5.599999904632568,7.278526244667952,4.0908120310043445,46.69480442284135,119.81888338864617,3.2849433368394902,88.53114266692458,275.0435559618604,3.782455422026479,3.1776950359344482,12.944263030149532,36.75692011137136,9.169518850705492,45.96022006417075,9.218758102046484,17.3799991607666,6.291228112471412,32.051475524902344,20.278128765277298,9.515794626533612,4.222441051693845,176.62487525298107,6.77349853515625,9.449999809265137,20.16165617343904,18.1200008392334,14.360283554039734,81.82188418466689,48.0,63.00178842891665,31.639482151494402,53.37304434319657,89.39024143486577,137.89999389648438,13.830484261437098,14.581681079676331,199.03573909982907,41.81053761678102,75.9000015258789,106.23301340983464,17673.19921875
2022-11-28 00:00:00+08:00,44.42906978588426,118.1005976660553,268.8482140982023,4.239240285053856,69.27110660069734,3.4955969389173602,39.85979920708592,23.291351412021893,10.46562083642906,32.416956987602006,2.5081637052580184,53.30756855589977,6.088928412973591,36.6983431142087,35.98528871809275,98.78885048109314,22.275278488618067,89.66931395563797,16.777499319150714,12.307783286121255,18.892103607122213,49.26543285499846,19.659522545968915,31.14533836815681,43.86281699685502,34.12069106086381,2.9100000858306885,17.136028280166492,40.60610797566146,40.34271989603465,35.622344586476,9.192209597050745,5.400000095367432,7.194972039179787,4.01643385883374,43.43702310354599,116.88561925714666,3.257104876387936,85.01334641790395,257.1706801803024,3.7918648755577604,3.14085220391069,12.642354746626804,33.81828937840877,8.989725249853656,45.78069134736442,8.59243006145689,16.719999313354492,5.905263295197935,31.575936476959463,20.544947486190033,9.00687686689773,4.104330964966601,168.0672629592445,6.753808279421919,9.029999732971191,18.988433233615957,17.34000015258789,11.671232514589992,75.2859545762329,45.0,59.97848756414786,29.96387139114649,48.966095013019135,84.42411474028158,129.0,13.457217640732036,13.469182789471933,184.66204191326747,40.9762935865493,70.5999984741211,99.54980823547469,17000.23046875
2022-11-29 00:00:00+08:00,44.18734466914226,115.10948482497399,272.5497343657911,4.2392403647516135,70.58545492919981,3.4955969304323045,40.76031946252893,23.009602028470944,10.504027319204521,34.17307112518134,2.4806014097574156,53.54449462890625,6.164802438053975,36.652414855738606,35.89267160890588,102.697416503836,21.812173091600986,91.102845692595,17.580155399311433,12.326602997650575,19.647405950971596,50.67858853876349,21.706396628203734,32.85976377900664,44.669815729258296,34.50732501984607,3.309999942779541,18.457173597787396,41.312715060491314,43.7295171729132,35.38132675296991,9.563810303465846,5.739999771118164,7.176403734490965,4.072217469120915,47.78072897468477,124.08543131852409,3.2663845815790524,86.7233883676709,274.4478001869196,3.838909988470028,3.168484229863358,13.019738744530152,34.68542680330814,9.079623021417792,46.22951889038086,8.700080871582031,16.799999237060547,6.175438580435579,31.956370479068763,20.722825899781014,9.362159186849931,4.251968827542243,174.13718883807843,6.773498871680469,9.579999923706055,20.40812965743366,19.0,12.399517383351274,81.18303539270563,48.29999923706055,62.90426307520245,31.294506149049745,54.5482271106342,85.86428763774117,143.3000030517578,13.928713089368982,14.800207033737864,197.6382967804028,40.87814765615743,73.6500015258789,105.43500812318474,17558.599609375
2022-11-30 00:00:00+08:00,45.83107549067225,115.30245818209423,290.66775895519714,4.294176520204291,74.77190533979903,3.532392574606403,44.788955548670906,23.29135004696648,11.137725463768003,36.2614261266991,2.5173510802080155,53.54449938836787,6.25016134081631,36.514620693691505,36.03160821921138,102.89284863746215,22.692071114860827,92.04204308458102,18.128313932810357,12.571251855956179,20.412269746156312,51.26333944655988,21.896804984408337,34.002708208051146,44.3849933699659,34.84563491509107,3.049999952316284,18.554316679388887,41.54824487531421,45.47272083543151,35.81515746169664,9.85717851263888,6.099999904632568,7.204255963361252,4.100108986018118,50.00194122117284,123.19656100919752,3.3035023092600433,86.18594357500893,281.59695978568715,3.933000927753687,3.196116360745832,13.566945601977155,36.32335300867323,9.151540420060467,46.22951857709654,8.612002595719714,17.020000457763672,6.214035404934378,32.66967982365111,20.5449477012221,9.314148076840524,4.419291183241285,179.51056744668915,6.980247928135022,9.899999618530273,20.999669463827775,19.8799991607666,12.474212308880738,85.06528354331772,48.599998474121094,65.83003922045444,32.47728913467311,56.31100993253747,89.09227468726746,152.39999389648438,14.046585820135142,16.389491796356225,205.22443022476835,42.10498292569223,77.69999694824219,108.72674238823078,18141.560546875
2022-12-01 00:00:00+08:00,46.0244558153807,116.17085114905142,305.86352889789407,4.303332261812006,78.42288000308241,3.587586376501351,46.77957515749309,23.432227755396546,11.61779982141888,38.25485573716724,2.5541007103668725,53.63926110329845,6.345004252417724,36.83613586425781,36.95787235740543,107.77854717202634,23.803520827035435,93.77215714309229,18.421967967974368,13.455757793029303,20.2210514424163,51.99428149473002,22.468027166681605,34.33606812895323,44.43246207885903,35.08728117804965,3.0799999237060547,19.29260349607364,42.86723975495919,48.16223182342369,36.49000268092326,11.832526659506852,6.699999809265137,7.473486800699252,4.295352454279964,53.06227512623308,132.61851581664362,3.3962976959773212,92.83066455897401,295.8952274715429,4.158819079099347,3.27901265187266,14.114151324875747,39.59919577932956,9.241436729915645,46.8578819679263,9.111107589794909,17.139999389648438,6.445613729306686,34.33407188680197,21.478807484668238,9.60221497605218,4.547243864907738,197.81986252021872,7.157461602036951,10.579999923706055,22.133456138200902,22.350000381469727,13.034432003996997,94.20573440751552,52.0,69.92613815290125,34.842857360839844,63.46005972608369,92.71754781657464,172.0,14.635953030974447,20.859352108977628,223.59080456149195,44.41143185193521,85.5999984741211,113.60514370128153,19058.900390625
2022-12-02 00:00:00+08:00,45.73438748818982,118.00411201712342,310.3443322611344,4.312488200974859,77.98475211083957,3.6059842168444667,45.07332821317715,23.244394091915634,11.272146188130584,37.30560452258214,2.517351166032317,54.616747384408924,6.382941550693236,37.24950544077348,37.18943818323538,103.38141431849536,22.738380596247033,93.22841123545952,18.050006262450218,13.700406895434455,19.790820194219304,52.57903669325886,22.087212607167732,32.62164661414948,44.527404689346696,34.99062042817937,2.990000009536743,19.117747008496533,41.97220759038001,48.36145476392151,36.441801382837276,11.363136135866272,6.610000133514404,7.287810271426444,4.2023797035217285,53.506517987802546,126.48536423124696,3.340620524402034,96.49503926469589,293.90936279296875,4.149410363085518,3.223748360872238,13.925460259461964,40.46633275078505,9.151540418149539,46.09486770629883,8.88602143975568,16.780000686645508,6.156140520699477,33.715872572768475,20.81176362924084,8.862843037418228,4.399605999260844,190.05830754991194,7.186997334017145,10.539999961853027,23.563009516422877,21.850000381469727,13.463933682151685,90.9623509073802,50.79999923706055,73.14449403289176,34.69500988918078,60.81588577503492,94.40603317500188,162.6999969482422,14.714534629605133,18.773417284659377,218.79956911759837,44.607725722958534,83.5999984741211,106.51729662663264,18785.279296875
2022-12-05 00:00:00+08:00,45.97610510221907,118.48654795271985,312.09771211983303,4.294176520204291,80.80817808872693,3.5415914058685303,46.25822014380485,23.056559446175317,11.656206178873486,37.495452589687716,2.508163817947369,52.796189353064015,6.373457171345426,37.47915924502533,36.6336784362793,104.06541148320053,22.738381558879247,93.6238606192849,18.206621154528822,13.361661226992963,19.59960231543609,51.165882659328524,22.372823054973896,32.76451819174501,43.91028886775313,35.37725657926244,3.0,19.29260360850973,41.877997174072796,49.55679610933545,35.911566183224664,11.734736364231066,7.679999828338623,7.064998269000227,4.239568707990202,54.54307890663434,121.86326924409254,3.359179264891518,96.59275809529878,307.81047845342357,4.3093645427289005,3.2882233995099743,13.642421830541824,40.85172767205063,9.097601849972659,46.633468715394386,8.876234589463996,16.1200008392334,6.175438857407103,34.14385883522206,20.411539190475633,8.920456931329818,4.498031488166747,195.23267179164247,7.05900942300577,10.539999961853027,24.105254898497684,22.0,13.370563634510496,94.54972903021113,54.349998474121094,73.92470713377917,35.48353495862687,62.382800313707754,97.3360408618011,175.0,14.734180713698052,21.058013625958896,231.57619169181692,44.26420749796252,88.80000305175781,111.2092495718772,19221.6796875
2022-12-06 00:00:00+08:00,45.444316455371904,119.16195399359094,321.6437735243898,4.3033322043524285,80.27269931697938,3.523193756159864,48.91238303252894,22.54001902814801,11.90584403673027,39.15664624700024,2.4897890090942383,53.08364614720419,6.411394589538019,37.52508888951467,36.35580205004864,99.08199738621212,22.69207150719302,91.49830209014942,19.557434490315014,13.173468415945644,19.217172155532264,51.4582578855946,23.896079007905616,31.76443321526764,43.15075921470575,37.50375874081803,3.0,20.885748565636323,41.50114134849834,51.00116772495038,34.99569756425405,11.636947023412516,8.350000381469727,7.102133486595526,4.155893025059988,53.35843762169022,123.28544371145253,3.3962974365753142,97.71649932861328,305.62599976009744,4.422273844921356,3.2698019880722233,13.793376328029579,42.68234569198545,8.962755605585697,47.30671067588181,8.367343485452293,16.139999389648438,6.059649233669963,34.61939870819805,20.456007334084106,8.930060493688755,4.468503914749523,190.05830530858398,7.44297231296197,11.199999809265137,23.661599141227924,23.799999237060547,13.72536958459719,96.95770072493607,53.54999923706055,74.1197552356101,33.90649046445394,62.48073539974174,101.11029643006776,170.0,14.85205372015776,21.65399443161782,231.37655457154733,41.61424910745929,88.1500015258789,107.21609835341236,19211.69921875
2022-12-07 00:00:00+08:00,45.541001988682986,120.03034009430739,320.47485587285684,4.358268496320571,81.78177370222379,3.5691885491248314,48.817590882640175,22.962643938947455,11.809829381345397,38.87187242899099,2.48978902568119,53.61065560344707,6.6010805269161015,37.98439025878906,37.42100347301571,104.45627001093935,22.877313236117942,94.7113661412757,20.11537867837273,13.719226256930357,19.982032517937462,51.848094615622124,23.991283869123645,32.24066290507396,44.05270269031669,38.035381400069625,2.9100000858306885,22.148606689664586,42.16063764104014,51.349805617324094,36.10437881543162,12.086778277421402,8.6899995803833,7.222823465922743,4.26746047403927,53.358435981784396,119.46332064465058,3.451974410596115,95.76216202389341,307.61188326875526,4.4410918831437645,3.288223470070332,14.095282457455284,39.26197923371268,8.908816361585954,47.39647768126429,8.827303234371024,16.219999313354492,6.059649308057028,34.42918293041969,20.544947988042647,8.28671116835375,4.360235939381935,200.2080213639368,7.334674747072633,11.279999732971191,24.20384387615356,24.700000762939453,14.154870216620877,95.38515545751481,53.29999923706055,75.43635466285093,33.758638619473544,61.403484621425925,100.01774804300761,172.5,14.714535110001346,21.405669401901157,235.76850930789806,42.69386051202686,89.19999694824219,105.41917768753729,19380.80078125
2022-12-08 00:00:00+08:00,45.20259115646948,117.81113151319302,315.01995724258524,4.248396212647828,77.4979580453743,3.5231935715913827,46.68478632394349,23.00960150974041,11.4833790633181,37.59037896396584,2.4714142002411075,52.98782679811488,6.515721582747823,37.984394084020074,37.328373154630754,104.84712344753893,22.877314320531486,96.88636294454716,19.263779489045145,13.399299673933227,18.930347035756277,51.4095289522191,22.277618799967133,30.716733399073878,43.34064149485374,37.60042178517467,2.740000009536743,20.40003401730158,41.45403436011119,50.65252510061506,35.95976911412104,12.086778227209265,8.779999732971191,7.157836464783977,4.2023797035217285,52.32187209637164,119.10778136877359,3.3870179653167725,92.09779327228945,302.05145268225203,4.252909990204874,3.2053270244943013,13.755637468711122,38.92476017534607,8.872858002540369,46.453931242087656,8.269479791233493,16.479999542236328,5.837719532069992,34.90472579380931,19.966844401501913,8.53636909914327,4.370078829817885,202.19814928744648,7.157461343620362,10.720000267028809,23.563010206686293,23.899999618530273,13.781390992677789,95.09029899776576,51.04999923706055,76.11903994881335,33.61078968894523,60.57105604469732,95.25027382039855,171.10000610351562,14.773471820172105,21.30634030763014,225.18789108335162,42.20312885854436,86.80000305175781,106.41746410603861,18965.05078125
2022-12-09 00:00:00+08:00,45.15424138381845,118.48654060738728,330.2157237193604,4.294176462380024,82.7553607427586,3.5139947655816193,48.770199122171086,23.47918435336782,11.713814174310386,38.91933159648871,2.4897889929898156,52.7003701102654,6.506237856942727,37.295435835082465,36.911552190094916,104.6516948047288,24.26662370341996,97.28182035619564,20.55586328399315,13.36166062527427,18.987714382545978,53.16378584729931,23.324858261367023,30.52624089819212,42.86593673675686,39.34028657119531,2.8499999046325684,21.760034950816642,41.595355660968956,52.445535692212204,36.44180010514639,12.399705818401706,10.079999923706055,7.129984481393118,4.193082340839064,54.19756471242131,120.52997946422975,3.4055769364626047,91.26720429445646,316.5483031936217,4.290546626437042,3.1684843433590255,14.32171357254258,39.358325488286845,8.755991739869271,45.96022213080002,8.210762142442343,16.520000457763672,5.828070317634325,34.524291316576736,19.833433789068362,8.142677569723649,4.468503952026367,212.7459065699376,7.147616344389833,10.899999618530273,23.858781297786496,25.850000381469727,14.198434382033023,95.63086168850751,54.900001525878906,79.77626956358645,33.01939790044758,61.50141205820384,99.52113604109958,177.5,15.225319924079123,22.05131639729618,235.56888998432558,42.64479064941406,90.6500015258789,110.11113554029312,19484.23046875
2022-12-12 00:00:00+08:00,45.63769430753308,120.60926373074734,333.3328468062828,4.294176520204291,82.31724221641471,3.5415916176030113,49.24415470893502,23.385268114900807,11.80982951464264,39.82112388206984,2.526538498486959,53.99392436208614,6.752829745057696,38.03032752027759,37.55994071705213,109.53739023254211,24.266623730044522,100.44545277501777,21.534712777037985,14.321442115518536,20.60348472767267,53.84599778361964,26.656980387369792,33.00263139504833,44.81222956361958,41.46678617049807,2.9600000381469727,20.691461695457207,42.396171949186375,52.19650673713686,37.1166491937418,12.028105618145888,9.5,7.2878099996657415,4.304649989492017,53.50651550292969,120.88551768472428,3.38701794700902,91.02291201269315,316.151149038551,4.318773933434703,3.159273538088769,14.32171257082694,39.50284884646785,8.80093970472355,45.960220678867074,8.21076224322627,16.760000228881836,5.828070317634325,35.522925708191515,20.100251990616055,7.989042008708465,4.478346824645996,212.14884596145714,7.383901077227986,11.220000267028809,23.809484737529754,26.350000381469727,13.989912799145644,96.71199836626978,52.54999923706055,81.97060213341716,34.00505094605599,60.86485399109558,102.99742440066831,182.0,14.5573699782103,21.455333976967832,226.18606625976165,42.05590399093807,89.80000305175781,108.7135305760005,19594.51953125
2022-12-13 00:00:00+08:00,46.02445490828301,121.09170417293642,331.96908098853066,4.321644355463474,82.46327766836473,3.559989292550071,47.8222807598613,23.807894815457185,11.790626135538986,39.06172043098155,2.5081636905670166,54.616748639078295,6.876125789905022,38.76521165039459,37.32837728983494,108.85339522875186,24.08138193575405,100.74204712930293,21.5347125110407,13.88860026622323,20.22105202569394,54.235835736218384,25.514537470425324,33.3359914231415,43.57799343270423,42.385046614679084,2.940000057220459,19.67146124050551,42.820132821251285,51.648641651658686,37.45407589734845,11.793410763704687,9.300000190734863,7.4084999545052455,4.313946898951725,53.901396412841756,123.5521127241711,3.4612538788530607,92.83066980031293,313.76811068296405,4.469319281448985,3.223748436063194,14.057544150193516,38.635712459855775,8.926797311469272,46.40905029586903,8.426061541672045,16.700000762939453,5.934210800601222,35.47537435995772,20.011311554046443,8.238699290558728,4.517716867424287,211.35279500954456,7.295294025308457,11.180000305175781,23.66159982659054,25.600000381469727,14.293217637344314,93.96002262885266,51.25,80.50770923023155,34.00505128569037,57.29032660733784,93.36314328687672,175.1999969482422,14.95028274461037,20.660692457933155,225.18788643776065,41.95775922934935,87.69999694824219,107.11626686241632,19458.01953125
2022-12-14 00:00:00+08:00,46.31452755698639,125.62660953872248,339.95663173339574,4.349112695677725,83.43687401187309,3.578387372349212,49.19676078593436,24.55922773592784,11.771423672455814,39.82112171136085,2.526538610458374,55.19166099697144,6.96148451521584,38.581488186439046,37.0041828958517,109.34196780959148,25.470692499565224,106.2784082007468,22.268851090548022,14.208526845158103,20.3166599122453,56.526116596721614,24.80051147356604,33.526482767160246,44.812230945442984,45.71978982816009,2.7799999713897705,19.76860513894303,42.86724014282227,52.694563992342005,38.707363995005394,12.106336301707215,8.899999618530273,7.324945422150012,4.276757874540823,53.45716084348599,123.90765294710215,3.498371847327537,91.36492047991072,319.9243172965944,4.422273903895271,3.2421698663126866,14.114151464212775,39.40650101811843,9.007705111870326,46.13975143432617,8.553284503407975,18.18000030517578,6.050000064197472,36.046027374610205,20.233660723693422,8.046655450443222,4.517716918107175,209.3626542310578,7.413437059846191,11.399999618530273,24.302433493241992,27.0,14.596521724784068,95.09030303158218,52.29999923706055,85.57905664916815,34.20218428682905,61.0117511282248,92.81686420775576,181.89999389648438,13.86977527604532,21.455334261190927,226.58532286526867,43.08645092258557,89.69999694824219,107.41575676431829,19775.330078125
2022-12-15 00:00:00+08:00,46.02444937593117,123.11793819205184,332.74838208225344,4.2667078889207835,81.34366148434259,3.5323925281016644,48.106655817076785,24.74706224966599,11.521784549948375,39.821123180967746,2.526538428280797,54.80838529273284,7.113233804024888,38.48962889971206,37.235748409531055,110.22139530315123,24.26662390405991,104.69659365119999,21.534712961854247,14.114429848035513,19.647405202489274,55.64898654042624,23.99128286121256,32.66926931664644,44.57487641888688,43.97992410552636,2.6600000858306885,18.243459919404714,42.53749249197292,52.196506801009924,38.56275195979472,11.734736442565918,8.079999923706055,7.380648404872214,4.230271638606811,53.85203915003834,125.06317594573217,3.4705333735800608,94.05212341377633,322.70453959535575,4.384637145198248,3.260591277774792,13.868851934010115,38.82840752792125,9.04366348140615,46.319281449335605,8.40648853187559,17.719999313354492,6.127192907139755,37.61531066894531,20.278129468282618,8.315517441596006,4.625983882352194,205.78041076660156,7.118080401556884,11.119999885559082,24.548908985271563,26.100000381469727,14.274261151802861,96.07313785468641,51.0,81.04409926248869,35.138555139175885,61.94210911115586,93.81008732865992,181.39999389648438,14.10552114338242,21.356004755533835,226.58531969572212,43.18459647629549,88.5,112.806503318032,19612.669921875
2022-12-16 00:00:00+08:00,45.25093605456548,123.50389110949612,324.566050483353,4.303332328796387,83.63159419567054,3.541591432070727,47.30093114048485,24.60618643422815,11.464175613539343,39.916047980935275,2.5357258319854736,53.70647084177275,7.094265029695809,38.12218475341797,36.91155662597223,109.73282738918466,24.40555533611941,102.62045507939987,21.58365552955233,13.700406967336503,19.934231339317762,54.38202203166403,24.181688276200326,33.2407429498219,44.19511025215073,43.303307425014346,2.75,18.43774457031151,42.44327692024038,51.59883357026431,38.41814276293797,11.695621118105326,7.800000190734863,7.250674491987079,4.183784828422048,54.09884158510168,126.12981707823451,3.4798128630902987,90.97405211588584,311.7822274018192,4.365819423409692,3.2974339574592344,14.038675093299686,37.9612770973572,8.989725112915039,46.139751781216454,8.582644107897261,17.399999618530273,6.185087463818596,37.85307847043713,20.233660723693422,8.219495235008383,4.527558912122012,205.18335889706998,7.28544919820024,11.260000228881836,23.85878013334606,25.549999237060547,14.406956188679436,94.64801598862377,50.0,77.67945302149128,33.61078798182375,61.50141070303205,92.96585091931833,174.1999969482422,14.164459479406592,19.86605093538031,221.19519115095957,41.90868869284204,84.1500015258789,112.50701832975797,19343.69921875
2022-12-19 00:00:00+08:00,45.2025923934694,124.46876501849317,323.9815894020921,4.285019988683079,82.26856065884363,3.5323926077430903,48.24884442352985,24.653143565253814,11.771424140272968,40.43813461610431,2.5357258319854736,52.31709603789464,7.0563276925322755,38.12218543869293,36.54105339373203,109.83053767439608,25.007588379256337,102.62045507939987,21.53471405054927,14.11443099939129,20.077642871138337,53.79726874482265,24.61010577175008,34.24082377425844,43.62546366894099,43.68994903564453,2.8499999046325684,19.477174758911133,42.4903842270418,51.74825498265239,38.56275514053002,11.949874007077772,8.15999984741211,7.352797148694525,4.211676718490868,53.40779448196128,135.46287538110536,3.461253889343059,87.3096824450534,318.13702392578125,4.3187741027812985,3.2698020761305266,13.906590105936315,38.828409670501664,8.962756397217479,46.13975312979054,8.406489332932718,17.5,6.175438680014083,38.32862081445128,20.27812836288177,8.133075322019563,4.478346488053029,205.18337094442438,7.413436624590876,11.0,23.710893144672312,25.5,14.103652306996928,96.85942183016297,51.29999923706055,77.24058864545131,34.054333216719044,60.91382188097981,93.61144590795381,180.0,14.16445853130953,20.56136380576516,226.3856922891653,41.761467415510154,86.9000015258789,111.90804291878162,19472.2109375
2022-12-20 00:00:00+08:00,45.05755061340048,121.67061936011716,317.1629803293743,4.220928192138672,80.90554037491535,3.4680001204729822,46.732178510083386,24.465309599737907,11.483378869761736,39.48888349473815,2.5357260148255136,53.13155796239643,6.895094496510832,38.35183783939907,36.58736199820419,101.52484478977958,24.359244363287267,103.01590938422643,20.89845993997174,14.020334464727028,19.790820194219304,53.602352142333984,23.515266442758424,33.62172609180036,43.483051211362394,43.689950735374566,2.8499999046325684,18.84574606641268,42.39617047699126,49.7062164595993,38.70736700011475,11.734736389068923,7.21999979019165,7.222823736827238,4.1465954647111785,53.40779843625875,122.75214047826881,3.387017960014722,85.8439370658276,316.5483240250883,4.243501544779065,3.2329592617398424,13.340514997534733,39.74371850499597,8.899827937716118,45.870451147791506,8.269480546872064,17.200000762939453,6.001754040614427,38.09085144924436,19.922372655677147,7.806600671450782,4.251968860626221,200.20801161172545,7.314984363341186,10.539999961853027,24.105256087567053,24.799999237060547,13.876173780931131,94.59887482626054,50.0,73.68088904172407,34.20218381977144,59.885532813582586,91.87330129071995,176.10000610351562,13.260763145705175,19.96538156334664,220.995548725943,41.31980373357861,85.0,108.11455791987362,19156.939453125
2022-12-21 00:00:00+08:00,45.78272837017614,121.96008895681277,320.08522672300853,4.239240120875656,83.04743734072966,3.495596833002391,46.68478520384105,25.028811447097855,11.560191079709227,39.34649464428648,2.526538428280797,53.32319558020923,6.9994221897802005,38.58148956298828,37.65257092507079,105.14026046390744,24.312934718083188,103.11477993800561,21.338942031755597,13.888600434452934,19.456191745614476,53.65108173123833,22.94404436926358,32.52640346116609,44.85969786948346,43.06166458129883,2.7100000381469727,18.262887335783045,43.291203347799126,50.254077534498194,38.80377158707484,11.421810641159368,7.239999771118164,7.334229349277159,4.193082456331108,52.76611328125,128.8852947695107,3.433415412902832,87.70055364061041,308.80340576171875,4.2340921772548885,3.2145377444505647,12.774439563251333,38.92476045911927,8.88184819556939,45.73580416608053,8.093325954362012,16.860000610351562,6.001754066962531,38.13840370047902,19.966842651367188,7.902622195229538,4.261811186533792,198.9144195206104,7.137770959751005,10.579999923706055,23.90807511409124,25.399999618530273,14.122608367212031,97.00684877544792,50.29999923706055,76.46037781272581,33.315093994140625,60.71795510413457,90.48278615925733,176.1999969482422,14.144813151132583,19.32966601482995,220.19702838496923,42.30127140059827,84.44999694824219,107.81506845481059,19190.91015625
2022-12-22 00:00:00+08:00,46.50790674807751,123.50388951502678,326.31939142484987,4.285020284055651,83.7776354009505,3.5599894448650584,48.34363571015915,24.93489317661966,11.84823529111864,40.10589922582438,2.5541008627519517,53.56274447564174,6.999422050458634,38.94893196580472,37.46731541696497,105.82426775518476,24.45186404038217,103.01590949900435,21.43682752953486,13.926237618848397,19.5996025949714,54.382022263236664,23.324857034668188,32.574023402910036,45.19198999312237,43.39997224014292,2.7200000286102295,18.554317300114704,43.809376459799914,51.30000154949016,39.092992577735544,11.578273285844123,7.53000020980835,7.334229322190245,4.220974286539878,53.555880188941956,127.19646412776584,3.4705333709716797,89.94803248325293,316.7469148310723,4.459910243179955,3.2605911542966286,13.170692686494478,39.11745493655189,8.91780679662693,46.49881574662504,8.161829963584337,16.8799991607666,6.127193170454366,38.51883606102666,20.055781389488644,8.113870877553264,4.448818764454131,200.60604858398438,7.2657587726617265,10.779999732971191,24.154548876213305,25.649999618530273,14.3500870082902,98.48111464429091,52.0,81.04409665140791,34.05433632938152,63.31315957617485,91.17804874423084,179.6999969482422,13.67332055644328,20.313037800669285,227.38386015307196,42.890154388305284,86.5,113.60514058583993,19537.44921875
2022-12-23 00:00:00+08:00,46.024452565012695,124.082813704199,323.9815762722207,4.257552090136805,81.34365853980842,3.5231935455253014,47.72748727680053,24.51227018770001,11.790625969731387,39.536346435546875,2.572475560095406,53.46692217615915,6.999421618261458,39.27044225719068,37.37468918675758,102.30655260777274,24.683416920176825,103.90568211653962,21.0452887312186,13.907418388880243,19.40838608237238,54.08964599609375,22.706034902733066,32.28828900164251,45.28693686069805,43.399973463761604,2.640000104904175,18.360030305951792,43.47963107425051,51.34980694647234,39.09299359652406,11.363136446073703,7.320000171661377,7.380647986212352,4.183785120718395,54.14819538104543,127.72975820627047,3.451974391937256,85.15992988365645,315.7539724792834,4.403455317150429,3.232959393679415,13.000869597463119,40.75537752452374,8.800940274932648,46.1397546154112,8.034607371566041,16.899999618530273,6.09824586293368,39.13704271402937,19.96684357999378,7.854611259034113,4.320866006591329,196.62577985751975,7.137770912514575,10.720000267028809,24.30243421922755,24.799999237060547,14.786087492910315,98.13711573365882,51.45000076293945,82.06812198022179,35.089271877407405,65.32076132441227,87.99972580269166,180.39999389648438,13.850129655901211,20.909017532898297,225.1878872916424,43.33181684866737,85.4000015258789,112.90633307597658,19382.23046875
2022-12-28 00:00:00+08:00,46.411214612193945,124.75822465042909,335.4758192250856,4.3033323773764085,85.33538850439365,3.5599893667580886,48.2014449825942,25.122728455876466,12.174686514823158,40.058435773273274,2.5724756553346158,53.56274217737918,7.0468434146493735,38.85706712752303,37.60625108294902,104.94483890360586,24.914968490600586,105.98181993541856,21.681541306828148,14.264984271357836,19.743013805911435,55.25915080741089,23.182053754336486,34.002708953511146,46.18887727886067,44.463220906877226,2.740000009536743,19.098316782269897,44.044911197884375,51.79805986838417,39.76784153321939,11.500042311418841,6.920000076293945,7.352797179001446,4.276757735943246,55.28348587366348,126.66312784511723,3.479813079831177,87.94484454186345,306.49785707362804,4.6951376806650105,3.288223286137339,13.71789908001699,38.828409438457925,8.908817687899719,46.90276506924537,8.054179810246945,16.799999237060547,6.204385913375334,39.18459496123424,20.14472132316576,8.00824702056662,4.389763750534907,192.04844665527344,7.226377879404193,11.0600004196167,24.598204818213787,25.850000381469727,14.956695738652272,102.70735386968816,54.45000076293945,85.43276772638566,35.187837360880806,67.47527313232422,91.9726294475493,186.1999969482422,13.712611240611569,22.349306904619013,228.58167426007788,43.82255056095273,87.30000305175781,114.00444623533613,19787.939453125
2022-12-29 00:00:00+08:00,46.94300645743147,125.72309715688581,329.04681449657414,4.404048735670513,82.9500799346213,3.6795756744094237,48.154051316642196,25.028811248027363,12.424324495386985,39.67873238304952,2.609225273132324,54.32929137198618,7.132202193758788,39.132649839844085,37.096807286861214,108.9511119161646,24.914967708713725,104.00454121906677,21.77942591513233,14.283804020982046,19.408385953660623,55.161690959775584,22.801239739188738,32.62164874978847,45.57175827026367,42.916675133764045,2.609999895095825,18.4183161617185,44.515976308885755,51.64863931594621,39.719635199474496,10.952420849287572,6.980000019073486,7.61274418436958,4.230271339416504,55.03668367696118,126.66312911260103,3.489092578836203,85.45307159423828,304.61171710844945,4.58222863010882,3.315855484611549,13.49146842956543,38.250321688760124,8.944775223352448,46.49881775091809,8.46520619384788,16.780000686645508,6.204386060229963,38.18596081850797,20.189191496490903,7.931428958239893,4.389763664178997,188.16767756463668,7.38390111907037,10.960000038146973,25.04185869373323,25.100000381469727,14.956695234057241,99.66053127640818,56.95000076293945,84.84761532469291,35.72994599463645,67.37734201920588,94.5053551139187,180.8000030517578,13.968002425230043,22.34930693155108,218.40030248241965,44.06791711425863,85.4000015258789,112.00788127786588,19648.400390625
2022-12-30 00:00:00+08:00,47.18473733010926,127.45987500445416,336.2551043711054,4.523077136289095,83.92366634557015,3.743968360581705,48.53321943097838,25.35752009115692,12.789180721350903,41.76708936249201,2.627600082031179,54.61674872452132,7.132201779393389,39.04079124941464,37.83782196044922,108.75568594472806,24.96128006301016,103.80681630661593,21.681540965432013,14.490815382551977,19.264973622661273,56.03882096959753,22.801240098763014,33.14550012867886,45.951524608504585,43.44830230846912,2.630000114440918,18.65146047602293,44.61019441801476,52.54514797846914,39.81604366035583,11.284905364056819,6.900000095367432,7.547757594266836,4.230271480872379,56.22133316646156,123.55210584275267,3.5447693000129066,86.57680844269933,319.70083347189353,4.544591903686523,3.3066446682385124,13.491468349758396,39.79189197416443,8.935786623907907,46.40905137293621,8.60221657984623,16.719999313354492,6.271929934840685,38.75660492501796,20.10025100972385,8.190688038857319,4.753936881194507,193.0435125826379,7.354365176872826,11.039999961853027,25.041859440383984,26.200000762939453,15.146260768647835,102.70734665178475,60.54999923706055,87.28576174288037,36.37062383194916,67.67114315584054,92.02229005456323,188.39999389648438,14.734181280889986,22.796294660163756,223.59080611518502,43.57718497070612,87.30000305175781,114.40376706447098,20030.849609375
